ISO-10303-21;
HEADER;
FILE_DESCRIPTION((''),'2;1');
FILE_NAME('DIBAN-1','2024-04-08T14:32:12',('005'),(''),
'CREO PARAMETRIC BY PTC INC, 2020053','CREO PARAMETRIC BY PTC INC, 2020053','');
FILE_SCHEMA(('CONFIG_CONTROL_DESIGN'));
ENDSEC;
DATA;
#2=CARTESIAN_POINT('',(8.15E1,-6.9E1,0.E0));
#3=DIRECTION('',(0.E0,0.E0,-1.E0));
#4=DIRECTION('',(1.E0,0.E0,0.E0));
#5=AXIS2_PLACEMENT_3D('',#2,#3,#4);
#7=DIRECTION('',(0.E0,1.E0,0.E0));
#8=VECTOR('',#7,1.38E2);
#9=CARTESIAN_POINT('',(8.25E1,-6.9E1,0.E0));
#10=LINE('',#9,#8);
#11=CARTESIAN_POINT('',(8.15E1,6.9E1,0.E0));
#12=DIRECTION('',(0.E0,0.E0,-1.E0));
#13=DIRECTION('',(0.E0,1.E0,0.E0));
#14=AXIS2_PLACEMENT_3D('',#11,#12,#13);
#16=DIRECTION('',(-1.E0,0.E0,0.E0));
#17=VECTOR('',#16,1.63E2);
#18=CARTESIAN_POINT('',(8.15E1,7.E1,0.E0));
#19=LINE('',#18,#17);
#20=CARTESIAN_POINT('',(-8.15E1,6.9E1,0.E0));
#21=DIRECTION('',(0.E0,0.E0,-1.E0));
#22=DIRECTION('',(-1.E0,0.E0,0.E0));
#23=AXIS2_PLACEMENT_3D('',#20,#21,#22);
#25=DIRECTION('',(0.E0,-1.E0,0.E0));
#26=VECTOR('',#25,1.38E2);
#27=CARTESIAN_POINT('',(-8.25E1,6.9E1,0.E0));
#28=LINE('',#27,#26);
#29=CARTESIAN_POINT('',(-8.15E1,-6.9E1,0.E0));
#30=DIRECTION('',(0.E0,0.E0,-1.E0));
#31=DIRECTION('',(0.E0,-1.E0,0.E0));
#32=AXIS2_PLACEMENT_3D('',#29,#30,#31);
#34=DIRECTION('',(1.E0,0.E0,0.E0));
#35=VECTOR('',#34,1.63E2);
#36=CARTESIAN_POINT('',(-8.15E1,-7.E1,0.E0));
#37=LINE('',#36,#35);
#38=CARTESIAN_POINT('',(2.58E1,6.53E1,0.E0));
#39=DIRECTION('',(0.E0,0.E0,1.E0));
#40=DIRECTION('',(1.E0,0.E0,0.E0));
#41=AXIS2_PLACEMENT_3D('',#38,#39,#40);
#43=CARTESIAN_POINT('',(2.58E1,6.53E1,0.E0));
#44=DIRECTION('',(0.E0,0.E0,1.E0));
#45=DIRECTION('',(-1.E0,0.E0,0.E0));
#46=AXIS2_PLACEMENT_3D('',#43,#44,#45);
#48=CARTESIAN_POINT('',(2.58E1,2.93E1,0.E0));
#49=DIRECTION('',(0.E0,0.E0,1.E0));
#50=DIRECTION('',(1.E0,0.E0,0.E0));
#51=AXIS2_PLACEMENT_3D('',#48,#49,#50);
#53=CARTESIAN_POINT('',(2.58E1,2.93E1,0.E0));
#54=DIRECTION('',(0.E0,0.E0,1.E0));
#55=DIRECTION('',(-1.E0,0.E0,0.E0));
#56=AXIS2_PLACEMENT_3D('',#53,#54,#55);
#58=CARTESIAN_POINT('',(-1.02E1,6.53E1,0.E0));
#59=DIRECTION('',(0.E0,0.E0,1.E0));
#60=DIRECTION('',(1.E0,0.E0,0.E0));
#61=AXIS2_PLACEMENT_3D('',#58,#59,#60);
#63=CARTESIAN_POINT('',(-1.02E1,6.53E1,0.E0));
#64=DIRECTION('',(0.E0,0.E0,1.E0));
#65=DIRECTION('',(-1.E0,0.E0,0.E0));
#66=AXIS2_PLACEMENT_3D('',#63,#64,#65);
#68=CARTESIAN_POINT('',(-1.02E1,2.93E1,0.E0));
#69=DIRECTION('',(0.E0,0.E0,1.E0));
#70=DIRECTION('',(1.E0,0.E0,0.E0));
#71=AXIS2_PLACEMENT_3D('',#68,#69,#70);
#73=CARTESIAN_POINT('',(-1.02E1,2.93E1,0.E0));
#74=DIRECTION('',(0.E0,0.E0,1.E0));
#75=DIRECTION('',(-1.E0,0.E0,0.E0));
#76=AXIS2_PLACEMENT_3D('',#73,#74,#75);
#78=CARTESIAN_POINT('',(1.6E1,-4.75E1,0.E0));
#79=DIRECTION('',(0.E0,0.E0,1.E0));
#80=DIRECTION('',(1.E0,0.E0,0.E0));
#81=AXIS2_PLACEMENT_3D('',#78,#79,#80);
#83=CARTESIAN_POINT('',(1.6E1,-4.75E1,0.E0));
#84=DIRECTION('',(0.E0,0.E0,1.E0));
#85=DIRECTION('',(-1.E0,0.E0,0.E0));
#86=AXIS2_PLACEMENT_3D('',#83,#84,#85);
#88=CARTESIAN_POINT('',(-5.25E1,0.E0,0.E0));
#89=DIRECTION('',(0.E0,0.E0,1.E0));
#90=DIRECTION('',(-1.E0,0.E0,0.E0));
#91=AXIS2_PLACEMENT_3D('',#88,#89,#90);
#93=CARTESIAN_POINT('',(-5.25E1,0.E0,0.E0));
#94=DIRECTION('',(0.E0,0.E0,1.E0));
#95=DIRECTION('',(1.E0,0.E0,0.E0));
#96=AXIS2_PLACEMENT_3D('',#93,#94,#95);
#98=CARTESIAN_POINT('',(5.25E1,0.E0,0.E0));
#99=DIRECTION('',(0.E0,0.E0,1.E0));
#100=DIRECTION('',(-1.E0,0.E0,0.E0));
#101=AXIS2_PLACEMENT_3D('',#98,#99,#100);
#103=CARTESIAN_POINT('',(5.25E1,0.E0,0.E0));
#104=DIRECTION('',(0.E0,0.E0,1.E0));
#105=DIRECTION('',(1.E0,0.E0,0.E0));
#106=AXIS2_PLACEMENT_3D('',#103,#104,#105);
#108=CARTESIAN_POINT('',(0.E0,0.E0,0.E0));
#109=DIRECTION('',(0.E0,0.E0,1.E0));
#110=DIRECTION('',(-1.E0,0.E0,0.E0));
#111=AXIS2_PLACEMENT_3D('',#108,#109,#110);
#113=CARTESIAN_POINT('',(0.E0,0.E0,0.E0));
#114=DIRECTION('',(0.E0,0.E0,1.E0));
#115=DIRECTION('',(1.E0,0.E0,0.E0));
#116=AXIS2_PLACEMENT_3D('',#113,#114,#115);
#118=CARTESIAN_POINT('',(-2.6E1,-1.85E1,0.E0));
#119=DIRECTION('',(0.E0,0.E0,1.E0));
#120=DIRECTION('',(0.E0,1.E0,0.E0));
#121=AXIS2_PLACEMENT_3D('',#118,#119,#120);
#123=CARTESIAN_POINT('',(-2.6E1,-1.85E1,0.E0));
#124=DIRECTION('',(0.E0,0.E0,1.E0));
#125=DIRECTION('',(0.E0,-1.E0,0.E0));
#126=AXIS2_PLACEMENT_3D('',#123,#124,#125);
#128=CARTESIAN_POINT('',(-2.6E1,1.85E1,0.E0));
#129=DIRECTION('',(0.E0,0.E0,1.E0));
#130=DIRECTION('',(0.E0,1.E0,0.E0));
#131=AXIS2_PLACEMENT_3D('',#128,#129,#130);
#133=CARTESIAN_POINT('',(-2.6E1,1.85E1,0.E0));
#134=DIRECTION('',(0.E0,0.E0,1.E0));
#135=DIRECTION('',(0.E0,-1.E0,0.E0));
#136=AXIS2_PLACEMENT_3D('',#133,#134,#135);
#138=CARTESIAN_POINT('',(2.6E1,1.85E1,0.E0));
#139=DIRECTION('',(0.E0,0.E0,1.E0));
#140=DIRECTION('',(0.E0,-1.E0,0.E0));
#141=AXIS2_PLACEMENT_3D('',#138,#139,#140);
#143=CARTESIAN_POINT('',(2.6E1,1.85E1,0.E0));
#144=DIRECTION('',(0.E0,0.E0,1.E0));
#145=DIRECTION('',(0.E0,1.E0,0.E0));
#146=AXIS2_PLACEMENT_3D('',#143,#144,#145);
#148=CARTESIAN_POINT('',(2.6E1,-1.85E1,0.E0));
#149=DIRECTION('',(0.E0,0.E0,1.E0));
#150=DIRECTION('',(0.E0,-1.E0,0.E0));
#151=AXIS2_PLACEMENT_3D('',#148,#149,#150);
#153=CARTESIAN_POINT('',(2.6E1,-1.85E1,0.E0));
#154=DIRECTION('',(0.E0,0.E0,1.E0));
#155=DIRECTION('',(0.E0,1.E0,0.E0));
#156=AXIS2_PLACEMENT_3D('',#153,#154,#155);
#158=CARTESIAN_POINT('',(7.25E1,2.15E1,0.E0));
#159=DIRECTION('',(0.E0,0.E0,1.E0));
#160=DIRECTION('',(1.E0,0.E0,0.E0));
#161=AXIS2_PLACEMENT_3D('',#158,#159,#160);
#163=CARTESIAN_POINT('',(7.25E1,2.15E1,0.E0));
#164=DIRECTION('',(0.E0,0.E0,1.E0));
#165=DIRECTION('',(-1.E0,0.E0,0.E0));
#166=AXIS2_PLACEMENT_3D('',#163,#164,#165);
#168=CARTESIAN_POINT('',(7.25E1,6.45E1,0.E0));
#169=DIRECTION('',(0.E0,0.E0,1.E0));
#170=DIRECTION('',(1.E0,0.E0,0.E0));
#171=AXIS2_PLACEMENT_3D('',#168,#169,#170);
#173=CARTESIAN_POINT('',(7.25E1,6.45E1,0.E0));
#174=DIRECTION('',(0.E0,0.E0,1.E0));
#175=DIRECTION('',(-1.E0,0.E0,0.E0));
#176=AXIS2_PLACEMENT_3D('',#173,#174,#175);
#178=CARTESIAN_POINT('',(7.25E1,-2.15E1,0.E0));
#179=DIRECTION('',(0.E0,0.E0,1.E0));
#180=DIRECTION('',(1.E0,0.E0,0.E0));
#181=AXIS2_PLACEMENT_3D('',#178,#179,#180);
#183=CARTESIAN_POINT('',(7.25E1,-2.15E1,0.E0));
#184=DIRECTION('',(0.E0,0.E0,1.E0));
#185=DIRECTION('',(-1.E0,0.E0,0.E0));
#186=AXIS2_PLACEMENT_3D('',#183,#184,#185);
#188=CARTESIAN_POINT('',(7.25E1,-6.45E1,0.E0));
#189=DIRECTION('',(0.E0,0.E0,1.E0));
#190=DIRECTION('',(1.E0,0.E0,0.E0));
#191=AXIS2_PLACEMENT_3D('',#188,#189,#190);
#193=CARTESIAN_POINT('',(7.25E1,-6.45E1,0.E0));
#194=DIRECTION('',(0.E0,0.E0,1.E0));
#195=DIRECTION('',(-1.E0,0.E0,0.E0));
#196=AXIS2_PLACEMENT_3D('',#193,#194,#195);
#198=CARTESIAN_POINT('',(-7.25E1,2.15E1,0.E0));
#199=DIRECTION('',(0.E0,0.E0,1.E0));
#200=DIRECTION('',(1.E0,0.E0,0.E0));
#201=AXIS2_PLACEMENT_3D('',#198,#199,#200);
#203=CARTESIAN_POINT('',(-7.25E1,2.15E1,0.E0));
#204=DIRECTION('',(0.E0,0.E0,1.E0));
#205=DIRECTION('',(-1.E0,0.E0,0.E0));
#206=AXIS2_PLACEMENT_3D('',#203,#204,#205);
#208=CARTESIAN_POINT('',(-7.25E1,6.45E1,0.E0));
#209=DIRECTION('',(0.E0,0.E0,1.E0));
#210=DIRECTION('',(1.E0,0.E0,0.E0));
#211=AXIS2_PLACEMENT_3D('',#208,#209,#210);
#213=CARTESIAN_POINT('',(-7.25E1,6.45E1,0.E0));
#214=DIRECTION('',(0.E0,0.E0,1.E0));
#215=DIRECTION('',(-1.E0,0.E0,0.E0));
#216=AXIS2_PLACEMENT_3D('',#213,#214,#215);
#218=CARTESIAN_POINT('',(-7.25E1,-2.15E1,0.E0));
#219=DIRECTION('',(0.E0,0.E0,1.E0));
#220=DIRECTION('',(1.E0,0.E0,0.E0));
#221=AXIS2_PLACEMENT_3D('',#218,#219,#220);
#223=CARTESIAN_POINT('',(-7.25E1,-2.15E1,0.E0));
#224=DIRECTION('',(0.E0,0.E0,1.E0));
#225=DIRECTION('',(-1.E0,0.E0,0.E0));
#226=AXIS2_PLACEMENT_3D('',#223,#224,#225);
#228=CARTESIAN_POINT('',(-7.25E1,-6.45E1,0.E0));
#229=DIRECTION('',(0.E0,0.E0,1.E0));
#230=DIRECTION('',(1.E0,0.E0,0.E0));
#231=AXIS2_PLACEMENT_3D('',#228,#229,#230);
#233=CARTESIAN_POINT('',(-7.25E1,-6.45E1,0.E0));
#234=DIRECTION('',(0.E0,0.E0,1.E0));
#235=DIRECTION('',(-1.E0,0.E0,0.E0));
#236=AXIS2_PLACEMENT_3D('',#233,#234,#235);
#238=CARTESIAN_POINT('',(3.5E1,6.6E1,0.E0));
#239=DIRECTION('',(0.E0,0.E0,1.E0));
#240=DIRECTION('',(1.E0,0.E0,0.E0));
#241=AXIS2_PLACEMENT_3D('',#238,#239,#240);
#243=CARTESIAN_POINT('',(3.5E1,6.6E1,0.E0));
#244=DIRECTION('',(0.E0,0.E0,1.E0));
#245=DIRECTION('',(-1.E0,0.E0,0.E0));
#246=AXIS2_PLACEMENT_3D('',#243,#244,#245);
#248=CARTESIAN_POINT('',(-3.5E1,6.6E1,0.E0));
#249=DIRECTION('',(0.E0,0.E0,1.E0));
#250=DIRECTION('',(1.E0,0.E0,0.E0));
#251=AXIS2_PLACEMENT_3D('',#248,#249,#250);
#253=CARTESIAN_POINT('',(-3.5E1,6.6E1,0.E0));
#254=DIRECTION('',(0.E0,0.E0,1.E0));
#255=DIRECTION('',(-1.E0,0.E0,0.E0));
#256=AXIS2_PLACEMENT_3D('',#253,#254,#255);
#258=CARTESIAN_POINT('',(3.5E1,-6.6E1,0.E0));
#259=DIRECTION('',(0.E0,0.E0,1.E0));
#260=DIRECTION('',(1.E0,0.E0,0.E0));
#261=AXIS2_PLACEMENT_3D('',#258,#259,#260);
#263=CARTESIAN_POINT('',(3.5E1,-6.6E1,0.E0));
#264=DIRECTION('',(0.E0,0.E0,1.E0));
#265=DIRECTION('',(-1.E0,0.E0,0.E0));
#266=AXIS2_PLACEMENT_3D('',#263,#264,#265);
#268=CARTESIAN_POINT('',(-3.5E1,-6.6E1,0.E0));
#269=DIRECTION('',(0.E0,0.E0,1.E0));
#270=DIRECTION('',(1.E0,0.E0,0.E0));
#271=AXIS2_PLACEMENT_3D('',#268,#269,#270);
#273=CARTESIAN_POINT('',(-3.5E1,-6.6E1,0.E0));
#274=DIRECTION('',(0.E0,0.E0,1.E0));
#275=DIRECTION('',(-1.E0,0.E0,0.E0));
#276=AXIS2_PLACEMENT_3D('',#273,#274,#275);
#278=CARTESIAN_POINT('',(-1.6E1,-4.75E1,0.E0));
#279=DIRECTION('',(0.E0,0.E0,1.E0));
#280=DIRECTION('',(1.E0,0.E0,0.E0));
#281=AXIS2_PLACEMENT_3D('',#278,#279,#280);
#283=CARTESIAN_POINT('',(-1.6E1,-4.75E1,0.E0));
#284=DIRECTION('',(0.E0,0.E0,1.E0));
#285=DIRECTION('',(-1.E0,0.E0,0.E0));
#286=AXIS2_PLACEMENT_3D('',#283,#284,#285);
#288=DIRECTION('',(0.E0,0.E0,-1.E0));
#289=VECTOR('',#288,3.E0);
#290=CARTESIAN_POINT('',(8.15E1,-7.E1,3.E0));
#291=LINE('',#290,#289);
#292=DIRECTION('',(0.E0,0.E0,-1.E0));
#293=VECTOR('',#292,3.E0);
#294=CARTESIAN_POINT('',(-8.15E1,-7.E1,3.E0));
#295=LINE('',#294,#293);
#296=DIRECTION('',(0.E0,0.E0,-1.E0));
#297=VECTOR('',#296,3.E0);
#298=CARTESIAN_POINT('',(-8.25E1,6.9E1,3.E0));
#299=LINE('',#298,#297);
#300=DIRECTION('',(0.E0,0.E0,-1.E0));
#301=VECTOR('',#300,3.E0);
#302=CARTESIAN_POINT('',(-8.25E1,-6.9E1,3.E0));
#303=LINE('',#302,#301);
#304=DIRECTION('',(0.E0,0.E0,-1.E0));
#305=VECTOR('',#304,3.E0);
#306=CARTESIAN_POINT('',(8.15E1,7.E1,3.E0));
#307=LINE('',#306,#305);
#308=DIRECTION('',(0.E0,0.E0,-1.E0));
#309=VECTOR('',#308,3.E0);
#310=CARTESIAN_POINT('',(-8.15E1,7.E1,3.E0));
#311=LINE('',#310,#309);
#312=DIRECTION('',(0.E0,0.E0,-1.E0));
#313=VECTOR('',#312,3.E0);
#314=CARTESIAN_POINT('',(8.25E1,-6.9E1,3.E0));
#315=LINE('',#314,#313);
#316=DIRECTION('',(0.E0,0.E0,-1.E0));
#317=VECTOR('',#316,3.E0);
#318=CARTESIAN_POINT('',(8.25E1,6.9E1,3.E0));
#319=LINE('',#318,#317);
#320=CARTESIAN_POINT('',(7.25E1,2.15E1,3.E0));
#321=DIRECTION('',(0.E0,0.E0,1.E0));
#322=DIRECTION('',(-1.E0,0.E0,0.E0));
#323=AXIS2_PLACEMENT_3D('',#320,#321,#322);
#325=CARTESIAN_POINT('',(7.25E1,2.15E1,3.E0));
#326=DIRECTION('',(0.E0,0.E0,1.E0));
#327=DIRECTION('',(1.E0,0.E0,0.E0));
#328=AXIS2_PLACEMENT_3D('',#325,#326,#327);
#330=CARTESIAN_POINT('',(7.25E1,6.45E1,3.E0));
#331=DIRECTION('',(0.E0,0.E0,1.E0));
#332=DIRECTION('',(-1.E0,0.E0,0.E0));
#333=AXIS2_PLACEMENT_3D('',#330,#331,#332);
#335=CARTESIAN_POINT('',(7.25E1,6.45E1,3.E0));
#336=DIRECTION('',(0.E0,0.E0,1.E0));
#337=DIRECTION('',(1.E0,0.E0,0.E0));
#338=AXIS2_PLACEMENT_3D('',#335,#336,#337);
#340=CARTESIAN_POINT('',(7.25E1,-2.15E1,3.E0));
#341=DIRECTION('',(0.E0,0.E0,1.E0));
#342=DIRECTION('',(-1.E0,0.E0,0.E0));
#343=AXIS2_PLACEMENT_3D('',#340,#341,#342);
#345=CARTESIAN_POINT('',(7.25E1,-2.15E1,3.E0));
#346=DIRECTION('',(0.E0,0.E0,1.E0));
#347=DIRECTION('',(1.E0,0.E0,0.E0));
#348=AXIS2_PLACEMENT_3D('',#345,#346,#347);
#350=CARTESIAN_POINT('',(7.25E1,-6.45E1,3.E0));
#351=DIRECTION('',(0.E0,0.E0,1.E0));
#352=DIRECTION('',(-1.E0,0.E0,0.E0));
#353=AXIS2_PLACEMENT_3D('',#350,#351,#352);
#355=CARTESIAN_POINT('',(7.25E1,-6.45E1,3.E0));
#356=DIRECTION('',(0.E0,0.E0,1.E0));
#357=DIRECTION('',(1.E0,0.E0,0.E0));
#358=AXIS2_PLACEMENT_3D('',#355,#356,#357);
#360=CARTESIAN_POINT('',(-7.25E1,2.15E1,3.E0));
#361=DIRECTION('',(0.E0,0.E0,1.E0));
#362=DIRECTION('',(-1.E0,0.E0,0.E0));
#363=AXIS2_PLACEMENT_3D('',#360,#361,#362);
#365=CARTESIAN_POINT('',(-7.25E1,2.15E1,3.E0));
#366=DIRECTION('',(0.E0,0.E0,1.E0));
#367=DIRECTION('',(1.E0,0.E0,0.E0));
#368=AXIS2_PLACEMENT_3D('',#365,#366,#367);
#370=CARTESIAN_POINT('',(-7.25E1,6.45E1,3.E0));
#371=DIRECTION('',(0.E0,0.E0,1.E0));
#372=DIRECTION('',(-1.E0,0.E0,0.E0));
#373=AXIS2_PLACEMENT_3D('',#370,#371,#372);
#375=CARTESIAN_POINT('',(-7.25E1,6.45E1,3.E0));
#376=DIRECTION('',(0.E0,0.E0,1.E0));
#377=DIRECTION('',(1.E0,0.E0,0.E0));
#378=AXIS2_PLACEMENT_3D('',#375,#376,#377);
#380=CARTESIAN_POINT('',(-7.25E1,-2.15E1,3.E0));
#381=DIRECTION('',(0.E0,0.E0,1.E0));
#382=DIRECTION('',(-1.E0,0.E0,0.E0));
#383=AXIS2_PLACEMENT_3D('',#380,#381,#382);
#385=CARTESIAN_POINT('',(-7.25E1,-2.15E1,3.E0));
#386=DIRECTION('',(0.E0,0.E0,1.E0));
#387=DIRECTION('',(1.E0,0.E0,0.E0));
#388=AXIS2_PLACEMENT_3D('',#385,#386,#387);
#390=CARTESIAN_POINT('',(-7.25E1,-6.45E1,3.E0));
#391=DIRECTION('',(0.E0,0.E0,1.E0));
#392=DIRECTION('',(-1.E0,0.E0,0.E0));
#393=AXIS2_PLACEMENT_3D('',#390,#391,#392);
#395=CARTESIAN_POINT('',(-7.25E1,-6.45E1,3.E0));
#396=DIRECTION('',(0.E0,0.E0,1.E0));
#397=DIRECTION('',(1.E0,0.E0,0.E0));
#398=AXIS2_PLACEMENT_3D('',#395,#396,#397);
#400=CARTESIAN_POINT('',(8.15E1,-6.9E1,3.E0));
#401=DIRECTION('',(0.E0,0.E0,1.E0));
#402=DIRECTION('',(0.E0,-1.E0,0.E0));
#403=AXIS2_PLACEMENT_3D('',#400,#401,#402);
#405=DIRECTION('',(1.E0,0.E0,0.E0));
#406=VECTOR('',#405,1.63E2);
#407=CARTESIAN_POINT('',(-8.15E1,-7.E1,3.E0));
#408=LINE('',#407,#406);
#409=CARTESIAN_POINT('',(-8.15E1,-6.9E1,3.E0));
#410=DIRECTION('',(0.E0,0.E0,1.E0));
#411=DIRECTION('',(-1.E0,0.E0,0.E0));
#412=AXIS2_PLACEMENT_3D('',#409,#410,#411);
#414=DIRECTION('',(0.E0,-1.E0,0.E0));
#415=VECTOR('',#414,1.38E2);
#416=CARTESIAN_POINT('',(-8.25E1,6.9E1,3.E0));
#417=LINE('',#416,#415);
#418=CARTESIAN_POINT('',(-8.15E1,6.9E1,3.E0));
#419=DIRECTION('',(0.E0,0.E0,1.E0));
#420=DIRECTION('',(0.E0,1.E0,0.E0));
#421=AXIS2_PLACEMENT_3D('',#418,#419,#420);
#423=DIRECTION('',(-1.E0,0.E0,0.E0));
#424=VECTOR('',#423,1.63E2);
#425=CARTESIAN_POINT('',(8.15E1,7.E1,3.E0));
#426=LINE('',#425,#424);
#427=CARTESIAN_POINT('',(8.15E1,6.9E1,3.E0));
#428=DIRECTION('',(0.E0,0.E0,1.E0));
#429=DIRECTION('',(1.E0,1.421085471520E-14,0.E0));
#430=AXIS2_PLACEMENT_3D('',#427,#428,#429);
#432=DIRECTION('',(0.E0,1.E0,0.E0));
#433=VECTOR('',#432,1.38E2);
#434=CARTESIAN_POINT('',(8.25E1,-6.9E1,3.E0));
#435=LINE('',#434,#433);
#436=CARTESIAN_POINT('',(-5.25E1,0.E0,3.E0));
#437=DIRECTION('',(0.E0,0.E0,1.E0));
#438=DIRECTION('',(1.E0,0.E0,0.E0));
#439=AXIS2_PLACEMENT_3D('',#436,#437,#438);
#441=CARTESIAN_POINT('',(-5.25E1,0.E0,3.E0));
#442=DIRECTION('',(0.E0,0.E0,1.E0));
#443=DIRECTION('',(-1.E0,0.E0,0.E0));
#444=AXIS2_PLACEMENT_3D('',#441,#442,#443);
#446=CARTESIAN_POINT('',(5.25E1,0.E0,3.E0));
#447=DIRECTION('',(0.E0,0.E0,1.E0));
#448=DIRECTION('',(1.E0,0.E0,0.E0));
#449=AXIS2_PLACEMENT_3D('',#446,#447,#448);
#451=CARTESIAN_POINT('',(5.25E1,0.E0,3.E0));
#452=DIRECTION('',(0.E0,0.E0,1.E0));
#453=DIRECTION('',(-1.E0,0.E0,0.E0));
#454=AXIS2_PLACEMENT_3D('',#451,#452,#453);
#456=CARTESIAN_POINT('',(0.E0,0.E0,3.E0));
#457=DIRECTION('',(0.E0,0.E0,1.E0));
#458=DIRECTION('',(1.E0,0.E0,0.E0));
#459=AXIS2_PLACEMENT_3D('',#456,#457,#458);
#461=CARTESIAN_POINT('',(0.E0,0.E0,3.E0));
#462=DIRECTION('',(0.E0,0.E0,1.E0));
#463=DIRECTION('',(-1.E0,0.E0,0.E0));
#464=AXIS2_PLACEMENT_3D('',#461,#462,#463);
#466=CARTESIAN_POINT('',(-1.6E1,-4.75E1,3.E0));
#467=DIRECTION('',(0.E0,0.E0,1.E0));
#468=DIRECTION('',(-1.E0,0.E0,0.E0));
#469=AXIS2_PLACEMENT_3D('',#466,#467,#468);
#471=CARTESIAN_POINT('',(-1.6E1,-4.75E1,3.E0));
#472=DIRECTION('',(0.E0,0.E0,1.E0));
#473=DIRECTION('',(1.E0,0.E0,0.E0));
#474=AXIS2_PLACEMENT_3D('',#471,#472,#473);
#476=CARTESIAN_POINT('',(1.6E1,-4.75E1,3.E0));
#477=DIRECTION('',(0.E0,0.E0,1.E0));
#478=DIRECTION('',(-1.E0,0.E0,0.E0));
#479=AXIS2_PLACEMENT_3D('',#476,#477,#478);
#481=CARTESIAN_POINT('',(1.6E1,-4.75E1,3.E0));
#482=DIRECTION('',(0.E0,0.E0,1.E0));
#483=DIRECTION('',(1.E0,0.E0,0.E0));
#484=AXIS2_PLACEMENT_3D('',#481,#482,#483);
#486=CARTESIAN_POINT('',(2.58E1,6.53E1,3.E0));
#487=DIRECTION('',(0.E0,0.E0,1.E0));
#488=DIRECTION('',(1.E0,0.E0,0.E0));
#489=AXIS2_PLACEMENT_3D('',#486,#487,#488);
#491=CARTESIAN_POINT('',(2.58E1,6.53E1,3.E0));
#492=DIRECTION('',(0.E0,0.E0,1.E0));
#493=DIRECTION('',(-1.E0,0.E0,0.E0));
#494=AXIS2_PLACEMENT_3D('',#491,#492,#493);
#496=CARTESIAN_POINT('',(2.58E1,2.93E1,3.E0));
#497=DIRECTION('',(0.E0,0.E0,1.E0));
#498=DIRECTION('',(1.E0,0.E0,0.E0));
#499=AXIS2_PLACEMENT_3D('',#496,#497,#498);
#501=CARTESIAN_POINT('',(2.58E1,2.93E1,3.E0));
#502=DIRECTION('',(0.E0,0.E0,1.E0));
#503=DIRECTION('',(-1.E0,0.E0,0.E0));
#504=AXIS2_PLACEMENT_3D('',#501,#502,#503);
#506=CARTESIAN_POINT('',(-1.02E1,6.53E1,3.E0));
#507=DIRECTION('',(0.E0,0.E0,1.E0));
#508=DIRECTION('',(1.E0,0.E0,0.E0));
#509=AXIS2_PLACEMENT_3D('',#506,#507,#508);
#511=CARTESIAN_POINT('',(-1.02E1,6.53E1,3.E0));
#512=DIRECTION('',(0.E0,0.E0,1.E0));
#513=DIRECTION('',(-1.E0,0.E0,0.E0));
#514=AXIS2_PLACEMENT_3D('',#511,#512,#513);
#516=CARTESIAN_POINT('',(-1.02E1,2.93E1,3.E0));
#517=DIRECTION('',(0.E0,0.E0,1.E0));
#518=DIRECTION('',(1.E0,0.E0,0.E0));
#519=AXIS2_PLACEMENT_3D('',#516,#517,#518);
#521=CARTESIAN_POINT('',(-1.02E1,2.93E1,3.E0));
#522=DIRECTION('',(0.E0,0.E0,1.E0));
#523=DIRECTION('',(-1.E0,0.E0,0.E0));
#524=AXIS2_PLACEMENT_3D('',#521,#522,#523);
#526=CARTESIAN_POINT('',(3.5E1,6.6E1,3.E0));
#527=DIRECTION('',(0.E0,0.E0,1.E0));
#528=DIRECTION('',(-1.E0,0.E0,0.E0));
#529=AXIS2_PLACEMENT_3D('',#526,#527,#528);
#531=CARTESIAN_POINT('',(3.5E1,6.6E1,3.E0));
#532=DIRECTION('',(0.E0,0.E0,1.E0));
#533=DIRECTION('',(1.E0,0.E0,0.E0));
#534=AXIS2_PLACEMENT_3D('',#531,#532,#533);
#536=CARTESIAN_POINT('',(-3.5E1,6.6E1,3.E0));
#537=DIRECTION('',(0.E0,0.E0,1.E0));
#538=DIRECTION('',(-1.E0,0.E0,0.E0));
#539=AXIS2_PLACEMENT_3D('',#536,#537,#538);
#541=CARTESIAN_POINT('',(-3.5E1,6.6E1,3.E0));
#542=DIRECTION('',(0.E0,0.E0,1.E0));
#543=DIRECTION('',(1.E0,0.E0,0.E0));
#544=AXIS2_PLACEMENT_3D('',#541,#542,#543);
#546=CARTESIAN_POINT('',(3.5E1,-6.6E1,3.E0));
#547=DIRECTION('',(0.E0,0.E0,1.E0));
#548=DIRECTION('',(-1.E0,0.E0,0.E0));
#549=AXIS2_PLACEMENT_3D('',#546,#547,#548);
#551=CARTESIAN_POINT('',(3.5E1,-6.6E1,3.E0));
#552=DIRECTION('',(0.E0,0.E0,1.E0));
#553=DIRECTION('',(1.E0,0.E0,0.E0));
#554=AXIS2_PLACEMENT_3D('',#551,#552,#553);
#556=CARTESIAN_POINT('',(-3.5E1,-6.6E1,3.E0));
#557=DIRECTION('',(0.E0,0.E0,1.E0));
#558=DIRECTION('',(-1.E0,0.E0,0.E0));
#559=AXIS2_PLACEMENT_3D('',#556,#557,#558);
#561=CARTESIAN_POINT('',(-3.5E1,-6.6E1,3.E0));
#562=DIRECTION('',(0.E0,0.E0,1.E0));
#563=DIRECTION('',(1.E0,0.E0,0.E0));
#564=AXIS2_PLACEMENT_3D('',#561,#562,#563);
#566=CARTESIAN_POINT('',(-2.6E1,-1.85E1,3.E0));
#567=DIRECTION('',(0.E0,0.E0,1.E0));
#568=DIRECTION('',(0.E0,1.E0,0.E0));
#569=AXIS2_PLACEMENT_3D('',#566,#567,#568);
#571=CARTESIAN_POINT('',(-2.6E1,-1.85E1,3.E0));
#572=DIRECTION('',(0.E0,0.E0,1.E0));
#573=DIRECTION('',(0.E0,-1.E0,0.E0));
#574=AXIS2_PLACEMENT_3D('',#571,#572,#573);
#576=CARTESIAN_POINT('',(-2.6E1,1.85E1,3.E0));
#577=DIRECTION('',(0.E0,0.E0,1.E0));
#578=DIRECTION('',(0.E0,-1.E0,0.E0));
#579=AXIS2_PLACEMENT_3D('',#576,#577,#578);
#581=CARTESIAN_POINT('',(-2.6E1,1.85E1,3.E0));
#582=DIRECTION('',(0.E0,0.E0,1.E0));
#583=DIRECTION('',(0.E0,1.E0,0.E0));
#584=AXIS2_PLACEMENT_3D('',#581,#582,#583);
#586=CARTESIAN_POINT('',(2.6E1,1.85E1,3.E0));
#587=DIRECTION('',(0.E0,0.E0,1.E0));
#588=DIRECTION('',(0.E0,1.E0,0.E0));
#589=AXIS2_PLACEMENT_3D('',#586,#587,#588);
#591=CARTESIAN_POINT('',(2.6E1,1.85E1,3.E0));
#592=DIRECTION('',(0.E0,0.E0,1.E0));
#593=DIRECTION('',(0.E0,-1.E0,0.E0));
#594=AXIS2_PLACEMENT_3D('',#591,#592,#593);
#596=CARTESIAN_POINT('',(2.6E1,-1.85E1,3.E0));
#597=DIRECTION('',(0.E0,0.E0,1.E0));
#598=DIRECTION('',(0.E0,1.E0,0.E0));
#599=AXIS2_PLACEMENT_3D('',#596,#597,#598);
#601=CARTESIAN_POINT('',(2.6E1,-1.85E1,3.E0));
#602=DIRECTION('',(0.E0,0.E0,1.E0));
#603=DIRECTION('',(0.E0,-1.E0,0.E0));
#604=AXIS2_PLACEMENT_3D('',#601,#602,#603);
#606=CARTESIAN_POINT('',(7.25E1,2.15E1,1.5E0));
#607=DIRECTION('',(0.E0,0.E0,1.E0));
#608=DIRECTION('',(-1.E0,0.E0,0.E0));
#609=AXIS2_PLACEMENT_3D('',#606,#607,#608);
#611=DIRECTION('',(1.676122944423E-10,-1.715235953558E-9,-1.E0));
#612=VECTOR('',#611,1.499999999749E0);
#613=CARTESIAN_POINT('',(7.1E1,2.15E1,3.E0));
#614=LINE('',#613,#612);
#615=DIRECTION('',(7.071067811865E-1,2.021423282287E-9,7.071067811865E-1));
#616=VECTOR('',#615,2.121320342967E0);
#617=CARTESIAN_POINT('',(6.950000000067E1,2.149999999314E1,6.704448847946E-10));
#618=LINE('',#617,#616);
#619=DIRECTION('',(-7.071067811865E-1,-2.021423282287E-9,7.071067811865E-1));
#620=VECTOR('',#619,2.121320342967E0);
#621=CARTESIAN_POINT('',(7.549999999933E1,2.150000000686E1,6.704472532704E-10));
#622=LINE('',#621,#620);
#623=CARTESIAN_POINT('',(7.25E1,2.15E1,1.5E0));
#624=DIRECTION('',(0.E0,0.E0,1.E0));
#625=DIRECTION('',(1.E0,0.E0,0.E0));
#626=AXIS2_PLACEMENT_3D('',#623,#624,#625);
#628=DIRECTION('',(-1.676122944423E-10,1.715231216606E-9,-1.E0));
#629=VECTOR('',#628,1.499999999749E0);
#630=CARTESIAN_POINT('',(7.4E1,2.15E1,3.E0));
#631=LINE('',#630,#629);
#632=CARTESIAN_POINT('',(7.25E1,6.45E1,1.5E0));
#633=DIRECTION('',(0.E0,0.E0,1.E0));
#634=DIRECTION('',(-1.E0,0.E0,0.E0));
#635=AXIS2_PLACEMENT_3D('',#632,#633,#634);
#637=DIRECTION('',(1.676122944423E-10,-1.715231216606E-9,-1.E0));
#638=VECTOR('',#637,1.499999999749E0);
#639=CARTESIAN_POINT('',(7.1E1,6.45E1,3.E0));
#640=LINE('',#639,#638);
#641=DIRECTION('',(7.071067811865E-1,2.021428306582E-9,7.071067811865E-1));
#642=VECTOR('',#641,2.121320342967E0);
#643=CARTESIAN_POINT('',(6.950000000067E1,6.449999999314E1,6.704496217462E-10));
#644=LINE('',#643,#642);
#645=DIRECTION('',(-7.071067811865E-1,-2.021421607521E-9,7.071067811865E-1));
#646=VECTOR('',#645,2.121320342967E0);
#647=CARTESIAN_POINT('',(7.549999999933E1,6.450000000686E1,6.704496217462E-10));
#648=LINE('',#647,#646);
#649=CARTESIAN_POINT('',(7.25E1,6.45E1,1.5E0));
#650=DIRECTION('',(0.E0,0.E0,1.E0));
#651=DIRECTION('',(1.E0,0.E0,0.E0));
#652=AXIS2_PLACEMENT_3D('',#649,#650,#651);
#654=DIRECTION('',(-1.676122944423E-10,1.715240690509E-9,-1.E0));
#655=VECTOR('',#654,1.499999999749E0);
#656=CARTESIAN_POINT('',(7.4E1,6.45E1,3.E0));
#657=LINE('',#656,#655);
#658=CARTESIAN_POINT('',(7.25E1,-2.15E1,1.5E0));
#659=DIRECTION('',(0.E0,0.E0,1.E0));
#660=DIRECTION('',(-1.E0,0.E0,0.E0));
#661=AXIS2_PLACEMENT_3D('',#658,#659,#660);
#663=DIRECTION('',(1.676028205392E-10,-1.715233585082E-9,-1.E0));
#664=VECTOR('',#663,1.499999999749E0);
#665=CARTESIAN_POINT('',(7.1E1,-2.15E1,3.E0));
#666=LINE('',#665,#664);
#667=DIRECTION('',(7.071067811865E-1,2.021423282287E-9,7.071067811865E-1));
#668=VECTOR('',#667,2.121320342967E0);
#669=CARTESIAN_POINT('',(6.950000000067E1,-2.150000000686E1,
6.704472532704E-10));
#670=LINE('',#669,#668);
#671=DIRECTION('',(-7.071067811865E-1,-2.021424957052E-9,7.071067811865E-1));
#672=VECTOR('',#671,2.121320342967E0);
#673=CARTESIAN_POINT('',(7.549999999933E1,-2.149999999314E1,
6.704496217462E-10));
#674=LINE('',#673,#672);
#675=CARTESIAN_POINT('',(7.25E1,-2.15E1,1.5E0));
#676=DIRECTION('',(0.E0,0.E0,1.E0));
#677=DIRECTION('',(1.E0,0.E0,0.E0));
#678=AXIS2_PLACEMENT_3D('',#675,#676,#677);
#680=DIRECTION('',(-1.676122944423E-10,1.715231216606E-9,-1.E0));
#681=VECTOR('',#680,1.499999999749E0);
#682=CARTESIAN_POINT('',(7.4E1,-2.15E1,3.E0));
#683=LINE('',#682,#681);
#684=CARTESIAN_POINT('',(7.25E1,-6.45E1,1.5E0));
#685=DIRECTION('',(0.E0,0.E0,1.E0));
#686=DIRECTION('',(-1.E0,0.E0,0.E0));
#687=AXIS2_PLACEMENT_3D('',#684,#685,#686);
#689=DIRECTION('',(1.676122944423E-10,-1.715231216606E-9,-1.E0));
#690=VECTOR('',#689,1.499999999749E0);
#691=CARTESIAN_POINT('',(7.1E1,-6.45E1,3.E0));
#692=LINE('',#691,#690);
#693=DIRECTION('',(7.071067811866E-1,2.021428306582E-9,7.071067811865E-1));
#694=VECTOR('',#693,2.121320342967E0);
#695=CARTESIAN_POINT('',(6.950000000067E1,-6.450000000686E1,
6.704472532704E-10));
#696=LINE('',#695,#694);
#697=DIRECTION('',(-7.071067811865E-1,-2.021421607521E-9,7.071067811865E-1));
#698=VECTOR('',#697,2.121320342967E0);
#699=CARTESIAN_POINT('',(7.549999999933E1,-6.449999999314E1,
6.704460690325E-10));
#700=LINE('',#699,#698);
#701=CARTESIAN_POINT('',(7.25E1,-6.45E1,1.5E0));
#702=DIRECTION('',(0.E0,0.E0,1.E0));
#703=DIRECTION('',(1.E0,0.E0,0.E0));
#704=AXIS2_PLACEMENT_3D('',#701,#702,#703);
#706=DIRECTION('',(-1.676122944423E-10,1.715240690509E-9,-1.E0));
#707=VECTOR('',#706,1.499999999749E0);
#708=CARTESIAN_POINT('',(7.4E1,-6.45E1,3.E0));
#709=LINE('',#708,#707);
#710=CARTESIAN_POINT('',(-7.25E1,2.15E1,1.5E0));
#711=DIRECTION('',(0.E0,0.E0,1.E0));
#712=DIRECTION('',(-1.E0,0.E0,0.E0));
#713=AXIS2_PLACEMENT_3D('',#710,#711,#712);
#715=DIRECTION('',(1.676122944423E-10,-1.715235953558E-9,-1.E0));
#716=VECTOR('',#715,1.499999999749E0);
#717=CARTESIAN_POINT('',(-7.4E1,2.15E1,3.E0));
#718=LINE('',#717,#716);
#719=DIRECTION('',(7.071067811865E-1,2.021423282287E-9,7.071067811865E-1));
#720=VECTOR('',#719,2.121320342967E0);
#721=CARTESIAN_POINT('',(-7.549999999933E1,2.149999999314E1,
6.704491776569E-10));
#722=LINE('',#721,#720);
#723=DIRECTION('',(-7.071067811865E-1,-2.021423282287E-9,7.071067811865E-1));
#724=VECTOR('',#723,2.121320342967E0);
#725=CARTESIAN_POINT('',(-6.950000000067E1,2.150000000686E1,
6.704496217462E-10));
#726=LINE('',#725,#724);
#727=CARTESIAN_POINT('',(-7.25E1,2.15E1,1.5E0));
#728=DIRECTION('',(0.E0,0.E0,1.E0));
#729=DIRECTION('',(1.E0,0.E0,0.E0));
#730=AXIS2_PLACEMENT_3D('',#727,#728,#729);
#732=DIRECTION('',(-1.676122944423E-10,1.715231216606E-9,-1.E0));
#733=VECTOR('',#732,1.499999999749E0);
#734=CARTESIAN_POINT('',(-7.1E1,2.15E1,3.E0));
#735=LINE('',#734,#733);
#736=CARTESIAN_POINT('',(-7.25E1,6.45E1,1.5E0));
#737=DIRECTION('',(0.E0,0.E0,1.E0));
#738=DIRECTION('',(-1.E0,0.E0,0.E0));
#739=AXIS2_PLACEMENT_3D('',#736,#737,#738);
#741=DIRECTION('',(1.676122944423E-10,-1.715231216606E-9,-1.E0));
#742=VECTOR('',#741,1.499999999749E0);
#743=CARTESIAN_POINT('',(-7.4E1,6.45E1,3.E0));
#744=LINE('',#743,#742);
#745=DIRECTION('',(7.071067811865E-1,2.021421607521E-9,7.071067811865E-1));
#746=VECTOR('',#745,2.121320342967E0);
#747=CARTESIAN_POINT('',(-7.549999999933E1,6.449999999314E1,
6.704448847946E-10));
#748=LINE('',#747,#746);
#749=DIRECTION('',(-7.071067811865E-1,-2.021428306582E-9,7.071067811865E-1));
#750=VECTOR('',#749,2.121320342967E0);
#751=CARTESIAN_POINT('',(-6.950000000067E1,6.450000000686E1,
6.704438485864E-10));
#752=LINE('',#751,#750);
#753=CARTESIAN_POINT('',(-7.25E1,6.45E1,1.5E0));
#754=DIRECTION('',(0.E0,0.E0,1.E0));
#755=DIRECTION('',(1.E0,0.E0,0.E0));
#756=AXIS2_PLACEMENT_3D('',#753,#754,#755);
#758=DIRECTION('',(-1.676028205392E-10,1.715231216606E-9,-1.E0));
#759=VECTOR('',#758,1.499999999749E0);
#760=CARTESIAN_POINT('',(-7.1E1,6.45E1,3.E0));
#761=LINE('',#760,#759);
#762=CARTESIAN_POINT('',(-7.25E1,-2.15E1,1.5E0));
#763=DIRECTION('',(0.E0,0.E0,1.E0));
#764=DIRECTION('',(-1.E0,0.E0,0.E0));
#765=AXIS2_PLACEMENT_3D('',#762,#763,#764);
#767=DIRECTION('',(1.676122944423E-10,-1.715233585082E-9,-1.E0));
#768=VECTOR('',#767,1.499999999749E0);
#769=CARTESIAN_POINT('',(-7.4E1,-2.15E1,3.E0));
#770=LINE('',#769,#768);
#771=DIRECTION('',(7.071067811865E-1,2.021421607521E-9,7.071067811865E-1));
#772=VECTOR('',#771,2.121320342967E0);
#773=CARTESIAN_POINT('',(-7.549999999933E1,-2.150000000686E1,
6.704444407054E-10));
#774=LINE('',#773,#772);
#775=DIRECTION('',(-7.071067811865E-1,-2.021424957052E-9,7.071067811865E-1));
#776=VECTOR('',#775,2.121320342967E0);
#777=CARTESIAN_POINT('',(-6.950000000067E1,-2.149999999314E1,
6.704496217462E-10));
#778=LINE('',#777,#776);
#779=CARTESIAN_POINT('',(-7.25E1,-2.15E1,1.5E0));
#780=DIRECTION('',(0.E0,0.E0,1.E0));
#781=DIRECTION('',(1.E0,0.E0,0.E0));
#782=AXIS2_PLACEMENT_3D('',#779,#780,#781);
#784=DIRECTION('',(-1.676217683455E-10,1.715231216606E-9,-1.E0));
#785=VECTOR('',#784,1.499999999749E0);
#786=CARTESIAN_POINT('',(-7.1E1,-2.15E1,3.E0));
#787=LINE('',#786,#785);
#788=CARTESIAN_POINT('',(-7.25E1,-6.45E1,1.5E0));
#789=DIRECTION('',(0.E0,0.E0,1.E0));
#790=DIRECTION('',(-1.E0,0.E0,0.E0));
#791=AXIS2_PLACEMENT_3D('',#788,#789,#790);
#793=DIRECTION('',(1.676122944423E-10,-1.715231216606E-9,-1.E0));
#794=VECTOR('',#793,1.499999999749E0);
#795=CARTESIAN_POINT('',(-7.4E1,-6.45E1,3.E0));
#796=LINE('',#795,#794);
#797=DIRECTION('',(7.071067811865E-1,2.021435005644E-9,7.071067811865E-1));
#798=VECTOR('',#797,2.121320342967E0);
#799=CARTESIAN_POINT('',(-7.549999999933E1,-6.450000000686E1,
6.704445887351E-10));
#800=LINE('',#799,#798);
#801=DIRECTION('',(-7.071067811866E-1,-2.021435005644E-9,7.071067811865E-1));
#802=VECTOR('',#801,2.121320342967E0);
#803=CARTESIAN_POINT('',(-6.950000000067E1,-6.449999999314E1,
6.704484375083E-10));
#804=LINE('',#803,#802);
#805=CARTESIAN_POINT('',(-7.25E1,-6.45E1,1.5E0));
#806=DIRECTION('',(0.E0,0.E0,1.E0));
#807=DIRECTION('',(1.E0,0.E0,0.E0));
#808=AXIS2_PLACEMENT_3D('',#805,#806,#807);
#810=DIRECTION('',(-1.676028205392E-10,1.715231216606E-9,-1.E0));
#811=VECTOR('',#810,1.499999999749E0);
#812=CARTESIAN_POINT('',(-7.1E1,-6.45E1,3.E0));
#813=LINE('',#812,#811);
#814=CARTESIAN_POINT('',(-5.25E1,0.E0,1.5E0));
#815=DIRECTION('',(0.E0,0.E0,1.E0));
#816=DIRECTION('',(1.E0,0.E0,0.E0));
#817=AXIS2_PLACEMENT_3D('',#814,#815,#816);
#819=DIRECTION('',(-1.676075574908E-10,1.715233955965E-9,-1.E0));
#820=VECTOR('',#819,1.499999999749E0);
#821=CARTESIAN_POINT('',(-5.1E1,0.E0,3.E0));
#822=LINE('',#821,#820);
#823=DIRECTION('',(-7.071067811865E-1,-2.021422974615E-9,7.071067811865E-1));
#824=VECTOR('',#823,2.121320342967E0);
#825=CARTESIAN_POINT('',(-4.950000000067E1,6.860936427611E-9,
6.704445887351E-10));
#826=LINE('',#825,#824);
#827=DIRECTION('',(7.071067811866E-1,2.021422521646E-9,7.071067811865E-1));
#828=VECTOR('',#827,2.121320342967E0);
#829=CARTESIAN_POINT('',(-5.549999999933E1,-6.860935661897E-9,
6.704441446459E-10));
#830=LINE('',#829,#828);
#831=CARTESIAN_POINT('',(-5.25E1,0.E0,1.5E0));
#832=DIRECTION('',(0.E0,0.E0,1.E0));
#833=DIRECTION('',(-1.E0,0.E0,0.E0));
#834=AXIS2_PLACEMENT_3D('',#831,#832,#833);
#836=DIRECTION('',(1.676075574908E-10,-1.715234086084E-9,-1.E0));
#837=VECTOR('',#836,1.499999999749E0);
#838=CARTESIAN_POINT('',(-5.4E1,0.E0,3.E0));
#839=LINE('',#838,#837);
#840=CARTESIAN_POINT('',(5.25E1,0.E0,1.5E0));
#841=DIRECTION('',(0.E0,0.E0,1.E0));
#842=DIRECTION('',(1.E0,0.E0,0.E0));
#843=AXIS2_PLACEMENT_3D('',#840,#841,#842);
#845=DIRECTION('',(-1.676075574908E-10,1.715233900454E-9,-1.E0));
#846=VECTOR('',#845,1.499999999749E0);
#847=CARTESIAN_POINT('',(5.4E1,0.E0,3.E0));
#848=LINE('',#847,#846);
#849=DIRECTION('',(-7.071067811865E-1,-2.021422909195E-9,7.071067811865E-1));
#850=VECTOR('',#849,2.121320342967E0);
#851=CARTESIAN_POINT('',(5.549999999933E1,6.860936205567E-9,
6.704453288838E-10));
#852=LINE('',#851,#850);
#853=DIRECTION('',(7.071067811865E-1,2.021422521646E-9,7.071067811865E-1));
#854=VECTOR('',#853,2.121320342967E0);
#855=CARTESIAN_POINT('',(4.950000000067E1,-6.860935661897E-9,
6.704457729730E-10));
#856=LINE('',#855,#854);
#857=CARTESIAN_POINT('',(5.25E1,0.E0,1.5E0));
#858=DIRECTION('',(0.E0,0.E0,1.E0));
#859=DIRECTION('',(-1.E0,0.E0,0.E0));
#860=AXIS2_PLACEMENT_3D('',#857,#858,#859);
#862=DIRECTION('',(1.676075574908E-10,-1.715234086084E-9,-1.E0));
#863=VECTOR('',#862,1.499999999749E0);
#864=CARTESIAN_POINT('',(5.1E1,0.E0,3.E0));
#865=LINE('',#864,#863);
#866=CARTESIAN_POINT('',(0.E0,0.E0,1.5E0));
#867=DIRECTION('',(0.E0,0.E0,1.E0));
#868=DIRECTION('',(1.E0,0.E0,0.E0));
#869=AXIS2_PLACEMENT_3D('',#866,#867,#868);
#871=DIRECTION('',(-1.676109621747E-10,1.715233955965E-9,-1.E0));
#872=VECTOR('',#871,1.499999999749E0);
#873=CARTESIAN_POINT('',(1.5E0,0.E0,3.E0));
#874=LINE('',#873,#872);
#875=DIRECTION('',(-7.071067811865E-1,-2.021422869942E-9,7.071067811865E-1));
#876=VECTOR('',#875,2.121320342967E0);
#877=CARTESIAN_POINT('',(2.999999999330E0,6.860936205567E-9,
6.704444407054E-10));
#878=LINE('',#877,#876);
#879=DIRECTION('',(7.071067811865E-1,2.021422521646E-9,7.071067811865E-1));
#880=VECTOR('',#879,2.121320342967E0);
#881=CARTESIAN_POINT('',(-2.999999999330E0,-6.860935661897E-9,
6.704444407054E-10));
#882=LINE('',#881,#880);
#883=CARTESIAN_POINT('',(0.E0,0.E0,1.5E0));
#884=DIRECTION('',(0.E0,0.E0,1.E0));
#885=DIRECTION('',(-1.E0,0.E0,0.E0));
#886=AXIS2_PLACEMENT_3D('',#883,#884,#885);
#888=DIRECTION('',(1.676109621747E-10,-1.715234086084E-9,-1.E0));
#889=VECTOR('',#888,1.499999999749E0);
#890=CARTESIAN_POINT('',(-1.5E0,0.E0,3.E0));
#891=LINE('',#890,#889);
#892=CARTESIAN_POINT('',(-1.6E1,-4.75E1,1.5E0));
#893=DIRECTION('',(0.E0,0.E0,1.E0));
#894=DIRECTION('',(-1.E0,0.E0,0.E0));
#895=AXIS2_PLACEMENT_3D('',#892,#893,#894);
#897=DIRECTION('',(1.676051890150E-10,-1.715235953558E-9,-1.E0));
#898=VECTOR('',#897,1.499999999749E0);
#899=CARTESIAN_POINT('',(-1.75E1,-4.75E1,3.E0));
#900=LINE('',#899,#898);
#901=DIRECTION('',(7.071067811865E-1,2.021421607521E-9,7.071067811865E-1));
#902=VECTOR('',#901,2.121320342967E0);
#903=CARTESIAN_POINT('',(-1.899999999933E1,-4.750000000686E1,
6.704448847946E-10));
#904=LINE('',#903,#902);
#905=DIRECTION('',(-7.071067811865E-1,-2.021424957052E-9,7.071067811865E-1));
#906=VECTOR('',#905,2.121320342967E0);
#907=CARTESIAN_POINT('',(-1.300000000067E1,-4.749999999314E1,
6.704437005567E-10));
#908=LINE('',#907,#906);
#909=CARTESIAN_POINT('',(-1.6E1,-4.75E1,1.5E0));
#910=DIRECTION('',(0.E0,0.E0,1.E0));
#911=DIRECTION('',(1.E0,0.E0,0.E0));
#912=AXIS2_PLACEMENT_3D('',#909,#910,#911);
#914=DIRECTION('',(-1.676122944423E-10,1.715235953558E-9,-1.E0));
#915=VECTOR('',#914,1.499999999749E0);
#916=CARTESIAN_POINT('',(-1.45E1,-4.75E1,3.E0));
#917=LINE('',#916,#915);
#918=CARTESIAN_POINT('',(1.6E1,-4.75E1,1.5E0));
#919=DIRECTION('',(0.E0,0.E0,1.E0));
#920=DIRECTION('',(-1.E0,0.E0,0.E0));
#921=AXIS2_PLACEMENT_3D('',#918,#919,#920);
#923=DIRECTION('',(1.676122944423E-10,-1.715235953558E-9,-1.E0));
#924=VECTOR('',#923,1.499999999749E0);
#925=CARTESIAN_POINT('',(1.45E1,-4.75E1,3.E0));
#926=LINE('',#925,#924);
#927=DIRECTION('',(7.071067811865E-1,2.021418257991E-9,7.071067811865E-1));
#928=VECTOR('',#927,2.121320342967E0);
#929=CARTESIAN_POINT('',(1.300000000067E1,-4.750000000686E1,
6.704429604080E-10));
#930=LINE('',#929,#928);
#931=DIRECTION('',(-7.071067811865E-1,-2.021424957052E-9,7.071067811865E-1));
#932=VECTOR('',#931,2.121320342967E0);
#933=CARTESIAN_POINT('',(1.899999999933E1,-4.749999999314E1,
6.704447367648E-10));
#934=LINE('',#933,#932);
#935=CARTESIAN_POINT('',(1.6E1,-4.75E1,1.5E0));
#936=DIRECTION('',(0.E0,0.E0,1.E0));
#937=DIRECTION('',(1.E0,0.E0,0.E0));
#938=AXIS2_PLACEMENT_3D('',#935,#936,#937);
#940=DIRECTION('',(-1.676099259665E-10,1.715235953558E-9,-1.E0));
#941=VECTOR('',#940,1.499999999749E0);
#942=CARTESIAN_POINT('',(1.75E1,-4.75E1,3.E0));
#943=LINE('',#942,#941);
#944=DIRECTION('',(0.E0,0.E0,-1.E0));
#945=VECTOR('',#944,3.E0);
#946=CARTESIAN_POINT('',(2.73E1,6.53E1,3.E0));
#947=LINE('',#946,#945);
#948=DIRECTION('',(0.E0,0.E0,-1.E0));
#949=VECTOR('',#948,3.E0);
#950=CARTESIAN_POINT('',(2.43E1,6.53E1,3.E0));
#951=LINE('',#950,#949);
#952=DIRECTION('',(0.E0,0.E0,-1.E0));
#953=VECTOR('',#952,3.E0);
#954=CARTESIAN_POINT('',(2.73E1,2.93E1,3.E0));
#955=LINE('',#954,#953);
#956=DIRECTION('',(0.E0,0.E0,-1.E0));
#957=VECTOR('',#956,3.E0);
#958=CARTESIAN_POINT('',(2.43E1,2.93E1,3.E0));
#959=LINE('',#958,#957);
#960=DIRECTION('',(0.E0,0.E0,-1.E0));
#961=VECTOR('',#960,3.E0);
#962=CARTESIAN_POINT('',(-8.7E0,6.53E1,3.E0));
#963=LINE('',#962,#961);
#964=DIRECTION('',(0.E0,0.E0,-1.E0));
#965=VECTOR('',#964,3.E0);
#966=CARTESIAN_POINT('',(-1.17E1,6.53E1,3.E0));
#967=LINE('',#966,#965);
#968=DIRECTION('',(0.E0,0.E0,-1.E0));
#969=VECTOR('',#968,3.E0);
#970=CARTESIAN_POINT('',(-8.7E0,2.93E1,3.E0));
#971=LINE('',#970,#969);
#972=DIRECTION('',(0.E0,0.E0,-1.E0));
#973=VECTOR('',#972,3.E0);
#974=CARTESIAN_POINT('',(-1.17E1,2.93E1,3.E0));
#975=LINE('',#974,#973);
#976=CARTESIAN_POINT('',(3.5E1,6.6E1,1.5E0));
#977=DIRECTION('',(0.E0,0.E0,1.E0));
#978=DIRECTION('',(-1.E0,0.E0,0.E0));
#979=AXIS2_PLACEMENT_3D('',#976,#977,#978);
#981=DIRECTION('',(1.676075574908E-10,-1.715231216606E-9,-1.E0));
#982=VECTOR('',#981,1.499999999749E0);
#983=CARTESIAN_POINT('',(3.35E1,6.6E1,3.E0));
#984=LINE('',#983,#982);
#985=DIRECTION('',(7.071067811865E-1,2.021428306582E-9,7.071067811865E-1));
#986=VECTOR('',#985,2.121320342967E0);
#987=CARTESIAN_POINT('',(3.200000000067E1,6.599999999314E1,6.704448847946E-10));
#988=LINE('',#987,#986);
#989=DIRECTION('',(-7.071067811865E-1,-2.021421607521E-9,7.071067811865E-1));
#990=VECTOR('',#989,2.121320342967E0);
#991=CARTESIAN_POINT('',(3.799999999933E1,6.600000000686E1,6.704453288838E-10));
#992=LINE('',#991,#990);
#993=CARTESIAN_POINT('',(3.5E1,6.6E1,1.5E0));
#994=DIRECTION('',(0.E0,0.E0,1.E0));
#995=DIRECTION('',(1.E0,0.E0,0.E0));
#996=AXIS2_PLACEMENT_3D('',#993,#994,#995);
#998=DIRECTION('',(-1.676075574908E-10,1.715231216606E-9,-1.E0));
#999=VECTOR('',#998,1.499999999749E0);
#1000=CARTESIAN_POINT('',(3.65E1,6.6E1,3.E0));
#1001=LINE('',#1000,#999);
#1002=CARTESIAN_POINT('',(-3.5E1,6.6E1,1.5E0));
#1003=DIRECTION('',(0.E0,0.E0,1.E0));
#1004=DIRECTION('',(-1.E0,0.E0,0.E0));
#1005=AXIS2_PLACEMENT_3D('',#1002,#1003,#1004);
#1007=DIRECTION('',(1.676075574908E-10,-1.715231216606E-9,-1.E0));
#1008=VECTOR('',#1007,1.499999999749E0);
#1009=CARTESIAN_POINT('',(-3.65E1,6.6E1,3.E0));
#1010=LINE('',#1009,#1008);
#1011=DIRECTION('',(7.071067811865E-1,2.021428306582E-9,7.071067811865E-1));
#1012=VECTOR('',#1011,2.121320342967E0);
#1013=CARTESIAN_POINT('',(-3.799999999933E1,6.599999999314E1,
6.704438485864E-10));
#1014=LINE('',#1013,#1012);
#1015=DIRECTION('',(-7.071067811865E-1,-2.021421607521E-9,7.071067811865E-1));
#1016=VECTOR('',#1015,2.121320342967E0);
#1017=CARTESIAN_POINT('',(-3.200000000067E1,6.600000000686E1,
6.704447367648E-10));
#1018=LINE('',#1017,#1016);
#1019=CARTESIAN_POINT('',(-3.5E1,6.6E1,1.5E0));
#1020=DIRECTION('',(0.E0,0.E0,1.E0));
#1021=DIRECTION('',(1.E0,0.E0,0.E0));
#1022=AXIS2_PLACEMENT_3D('',#1019,#1020,#1021);
#1024=DIRECTION('',(-1.676075574908E-10,1.715231216606E-9,-1.E0));
#1025=VECTOR('',#1024,1.499999999749E0);
#1026=CARTESIAN_POINT('',(-3.35E1,6.6E1,3.E0));
#1027=LINE('',#1026,#1025);
#1028=CARTESIAN_POINT('',(3.5E1,-6.6E1,1.5E0));
#1029=DIRECTION('',(0.E0,0.E0,1.E0));
#1030=DIRECTION('',(-1.E0,0.E0,0.E0));
#1031=AXIS2_PLACEMENT_3D('',#1028,#1029,#1030);
#1033=DIRECTION('',(1.676075574908E-10,-1.715231216606E-9,-1.E0));
#1034=VECTOR('',#1033,1.499999999749E0);
#1035=CARTESIAN_POINT('',(3.35E1,-6.6E1,3.E0));
#1036=LINE('',#1035,#1034);
#1037=DIRECTION('',(7.071067811865E-1,2.021421607521E-9,7.071067811865E-1));
#1038=VECTOR('',#1037,2.121320342967E0);
#1039=CARTESIAN_POINT('',(3.200000000067E1,-6.600000000686E1,
6.704447367648E-10));
#1040=LINE('',#1039,#1038);
#1041=DIRECTION('',(-7.071067811865E-1,-2.021428306582E-9,7.071067811865E-1));
#1042=VECTOR('',#1041,2.121320342967E0);
#1043=CARTESIAN_POINT('',(3.799999999933E1,-6.599999999314E1,
6.704450328243E-10));
#1044=LINE('',#1043,#1042);
#1045=CARTESIAN_POINT('',(3.5E1,-6.6E1,1.5E0));
#1046=DIRECTION('',(0.E0,0.E0,1.E0));
#1047=DIRECTION('',(1.E0,0.E0,0.E0));
#1048=AXIS2_PLACEMENT_3D('',#1045,#1046,#1047);
#1050=DIRECTION('',(-1.676122944423E-10,1.715231216606E-9,-1.E0));
#1051=VECTOR('',#1050,1.499999999749E0);
#1052=CARTESIAN_POINT('',(3.65E1,-6.6E1,3.E0));
#1053=LINE('',#1052,#1051);
#1054=CARTESIAN_POINT('',(-3.5E1,-6.6E1,1.5E0));
#1055=DIRECTION('',(0.E0,0.E0,1.E0));
#1056=DIRECTION('',(-1.E0,0.E0,0.E0));
#1057=AXIS2_PLACEMENT_3D('',#1054,#1055,#1056);
#1059=DIRECTION('',(1.676075574908E-10,-1.715231216606E-9,-1.E0));
#1060=VECTOR('',#1059,1.499999999749E0);
#1061=CARTESIAN_POINT('',(-3.65E1,-6.6E1,3.E0));
#1062=LINE('',#1061,#1060);
#1063=DIRECTION('',(7.071067811865E-1,2.021421607521E-9,7.071067811865E-1));
#1064=VECTOR('',#1063,2.121320342967E0);
#1065=CARTESIAN_POINT('',(-3.799999999933E1,-6.600000000686E1,
6.704439966162E-10));
#1066=LINE('',#1065,#1064);
#1067=DIRECTION('',(-7.071067811865E-1,-2.021428306582E-9,7.071067811865E-1));
#1068=VECTOR('',#1067,2.121320342967E0);
#1069=CARTESIAN_POINT('',(-3.200000000067E1,-6.599999999314E1,
6.704460690325E-10));
#1070=LINE('',#1069,#1068);
#1071=CARTESIAN_POINT('',(-3.5E1,-6.6E1,1.5E0));
#1072=DIRECTION('',(0.E0,0.E0,1.E0));
#1073=DIRECTION('',(1.E0,0.E0,0.E0));
#1074=AXIS2_PLACEMENT_3D('',#1071,#1072,#1073);
#1076=DIRECTION('',(-1.676075574908E-10,1.715231216606E-9,-1.E0));
#1077=VECTOR('',#1076,1.499999999749E0);
#1078=CARTESIAN_POINT('',(-3.35E1,-6.6E1,3.E0));
#1079=LINE('',#1078,#1077);
#1080=CARTESIAN_POINT('',(-2.6E1,-1.85E1,1.5E0));
#1081=DIRECTION('',(0.E0,0.E0,1.E0));
#1082=DIRECTION('',(0.E0,1.E0,0.E0));
#1083=AXIS2_PLACEMENT_3D('',#1080,#1081,#1082);
#1085=DIRECTION('',(-1.715231216606E-9,-1.676099259665E-10,-1.E0));
#1086=VECTOR('',#1085,1.499999999749E0);
#1087=CARTESIAN_POINT('',(-2.6E1,-1.7E1,3.E0));
#1088=LINE('',#1087,#1086);
#1089=DIRECTION('',(2.021423282287E-9,-7.071067811865E-1,7.071067811865E-1));
#1090=VECTOR('',#1089,2.121320342967E0);
#1091=CARTESIAN_POINT('',(-2.600000000686E1,-1.550000000067E1,
6.704444407054E-10));
#1092=LINE('',#1091,#1090);
#1093=DIRECTION('',(-2.021424957052E-9,7.071067811865E-1,7.071067811865E-1));
#1094=VECTOR('',#1093,2.121320342967E0);
#1095=CARTESIAN_POINT('',(-2.599999999314E1,-2.149999999933E1,
6.704445887351E-10));
#1096=LINE('',#1095,#1094);
#1097=CARTESIAN_POINT('',(-2.6E1,-1.85E1,1.5E0));
#1098=DIRECTION('',(0.E0,0.E0,1.E0));
#1099=DIRECTION('',(0.E0,-1.E0,0.E0));
#1100=AXIS2_PLACEMENT_3D('',#1097,#1098,#1099);
#1102=DIRECTION('',(1.715231216606E-9,1.676099259665E-10,-1.E0));
#1103=VECTOR('',#1102,1.499999999749E0);
#1104=CARTESIAN_POINT('',(-2.6E1,-2.E1,3.E0));
#1105=LINE('',#1104,#1103);
#1106=CARTESIAN_POINT('',(-2.6E1,1.85E1,1.5E0));
#1107=DIRECTION('',(0.E0,0.E0,1.E0));
#1108=DIRECTION('',(0.E0,-1.E0,0.E0));
#1109=AXIS2_PLACEMENT_3D('',#1106,#1107,#1108);
#1111=DIRECTION('',(1.715231216606E-9,1.676099259665E-10,-1.E0));
#1112=VECTOR('',#1111,1.499999999749E0);
#1113=CARTESIAN_POINT('',(-2.6E1,1.7E1,3.E0));
#1114=LINE('',#1113,#1112);
#1115=DIRECTION('',(-2.021423282287E-9,7.071067811865E-1,7.071067811865E-1));
#1116=VECTOR('',#1115,2.121320342967E0);
#1117=CARTESIAN_POINT('',(-2.599999999314E1,1.550000000067E1,
6.704442926756E-10));
#1118=LINE('',#1117,#1116);
#1119=DIRECTION('',(2.021421607521E-9,-7.071067811865E-1,7.071067811865E-1));
#1120=VECTOR('',#1119,2.121320342967E0);
#1121=CARTESIAN_POINT('',(-2.600000000686E1,2.149999999933E1,
6.704441446459E-10));
#1122=LINE('',#1121,#1120);
#1123=CARTESIAN_POINT('',(-2.6E1,1.85E1,1.5E0));
#1124=DIRECTION('',(0.E0,0.E0,1.E0));
#1125=DIRECTION('',(0.E0,1.E0,0.E0));
#1126=AXIS2_PLACEMENT_3D('',#1123,#1124,#1125);
#1128=DIRECTION('',(-1.715235953558E-9,-1.676099259665E-10,-1.E0));
#1129=VECTOR('',#1128,1.499999999749E0);
#1130=CARTESIAN_POINT('',(-2.6E1,2.E1,3.E0));
#1131=LINE('',#1130,#1129);
#1132=CARTESIAN_POINT('',(2.6E1,1.85E1,1.5E0));
#1133=DIRECTION('',(0.E0,0.E0,1.E0));
#1134=DIRECTION('',(0.E0,1.E0,0.E0));
#1135=AXIS2_PLACEMENT_3D('',#1132,#1133,#1134);
#1137=DIRECTION('',(-1.715231216606E-9,-1.676099259665E-10,-1.E0));
#1138=VECTOR('',#1137,1.499999999749E0);
#1139=CARTESIAN_POINT('',(2.6E1,2.E1,3.E0));
#1140=LINE('',#1139,#1138);
#1141=DIRECTION('',(2.021423282287E-9,-7.071067811865E-1,7.071067811865E-1));
#1142=VECTOR('',#1141,2.121320342967E0);
#1143=CARTESIAN_POINT('',(2.599999999314E1,2.149999999933E1,
6.704439966162E-10));
#1144=LINE('',#1143,#1142);
#1145=DIRECTION('',(-2.021423282287E-9,7.071067811865E-1,7.071067811865E-1));
#1146=VECTOR('',#1145,2.121320342967E0);
#1147=CARTESIAN_POINT('',(2.600000000686E1,1.550000000067E1,
6.704437005567E-10));
#1148=LINE('',#1147,#1146);
#1149=CARTESIAN_POINT('',(2.6E1,1.85E1,1.5E0));
#1150=DIRECTION('',(0.E0,0.E0,1.E0));
#1151=DIRECTION('',(0.E0,-1.E0,0.E0));
#1152=AXIS2_PLACEMENT_3D('',#1149,#1150,#1151);
#1154=DIRECTION('',(1.715235953558E-9,1.676099259665E-10,-1.E0));
#1155=VECTOR('',#1154,1.499999999749E0);
#1156=CARTESIAN_POINT('',(2.6E1,1.7E1,3.E0));
#1157=LINE('',#1156,#1155);
#1158=CARTESIAN_POINT('',(2.6E1,-1.85E1,1.5E0));
#1159=DIRECTION('',(0.E0,0.E0,1.E0));
#1160=DIRECTION('',(0.E0,1.E0,0.E0));
#1161=AXIS2_PLACEMENT_3D('',#1158,#1159,#1160);
#1163=DIRECTION('',(-1.715231216606E-9,-1.676099259665E-10,-1.E0));
#1164=VECTOR('',#1163,1.499999999749E0);
#1165=CARTESIAN_POINT('',(2.6E1,-1.7E1,3.E0));
#1166=LINE('',#1165,#1164);
#1167=DIRECTION('',(2.021423282287E-9,-7.071067811865E-1,7.071067811865E-1));
#1168=VECTOR('',#1167,2.121320342967E0);
#1169=CARTESIAN_POINT('',(2.599999999314E1,-1.550000000067E1,
6.704439966162E-10));
#1170=LINE('',#1169,#1168);
#1171=DIRECTION('',(-2.021421607521E-9,7.071067811865E-1,7.071067811865E-1));
#1172=VECTOR('',#1171,2.121320342967E0);
#1173=CARTESIAN_POINT('',(2.600000000686E1,-2.149999999933E1,
6.704445887351E-10));
#1174=LINE('',#1173,#1172);
#1175=CARTESIAN_POINT('',(2.6E1,-1.85E1,1.5E0));
#1176=DIRECTION('',(0.E0,0.E0,1.E0));
#1177=DIRECTION('',(0.E0,-1.E0,0.E0));
#1178=AXIS2_PLACEMENT_3D('',#1175,#1176,#1177);
#1180=DIRECTION('',(1.715231216606E-9,1.676099259665E-10,-1.E0));
#1181=VECTOR('',#1180,1.499999999749E0);
#1182=CARTESIAN_POINT('',(2.6E1,-2.E1,3.E0));
#1183=LINE('',#1182,#1181);
#1184=CARTESIAN_POINT('',(7.1E1,2.15E1,3.E0));
#1185=CARTESIAN_POINT('',(7.4E1,2.15E1,3.E0));
#1186=VERTEX_POINT('',#1184);
#1187=VERTEX_POINT('',#1185);
#1188=CARTESIAN_POINT('',(7.1E1,6.45E1,3.E0));
#1189=CARTESIAN_POINT('',(7.4E1,6.45E1,3.E0));
#1190=VERTEX_POINT('',#1188);
#1191=VERTEX_POINT('',#1189);
#1192=CARTESIAN_POINT('',(7.1E1,-2.15E1,3.E0));
#1193=CARTESIAN_POINT('',(7.4E1,-2.15E1,3.E0));
#1194=VERTEX_POINT('',#1192);
#1195=VERTEX_POINT('',#1193);
#1196=CARTESIAN_POINT('',(7.1E1,-6.45E1,3.E0));
#1197=CARTESIAN_POINT('',(7.4E1,-6.45E1,3.E0));
#1198=VERTEX_POINT('',#1196);
#1199=VERTEX_POINT('',#1197);
#1200=CARTESIAN_POINT('',(-7.4E1,2.15E1,3.E0));
#1201=CARTESIAN_POINT('',(-7.1E1,2.15E1,3.E0));
#1202=VERTEX_POINT('',#1200);
#1203=VERTEX_POINT('',#1201);
#1204=CARTESIAN_POINT('',(-7.4E1,6.45E1,3.E0));
#1205=CARTESIAN_POINT('',(-7.1E1,6.45E1,3.E0));
#1206=VERTEX_POINT('',#1204);
#1207=VERTEX_POINT('',#1205);
#1208=CARTESIAN_POINT('',(-7.4E1,-2.15E1,3.E0));
#1209=CARTESIAN_POINT('',(-7.1E1,-2.15E1,3.E0));
#1210=VERTEX_POINT('',#1208);
#1211=VERTEX_POINT('',#1209);
#1212=CARTESIAN_POINT('',(-7.4E1,-6.45E1,3.E0));
#1213=CARTESIAN_POINT('',(-7.1E1,-6.45E1,3.E0));
#1214=VERTEX_POINT('',#1212);
#1215=VERTEX_POINT('',#1213);
#1216=CARTESIAN_POINT('',(8.25E1,-6.9E1,0.E0));
#1217=CARTESIAN_POINT('',(8.15E1,-7.E1,0.E0));
#1218=VERTEX_POINT('',#1216);
#1219=VERTEX_POINT('',#1217);
#1220=CARTESIAN_POINT('',(8.15E1,-7.E1,3.E0));
#1221=VERTEX_POINT('',#1220);
#1222=CARTESIAN_POINT('',(8.25E1,-6.9E1,3.E0));
#1223=VERTEX_POINT('',#1222);
#1224=CARTESIAN_POINT('',(8.15E1,7.E1,0.E0));
#1225=CARTESIAN_POINT('',(8.25E1,6.9E1,0.E0));
#1226=VERTEX_POINT('',#1224);
#1227=VERTEX_POINT('',#1225);
#1228=CARTESIAN_POINT('',(8.25E1,6.9E1,3.E0));
#1229=VERTEX_POINT('',#1228);
#1230=CARTESIAN_POINT('',(8.15E1,7.E1,3.E0));
#1231=VERTEX_POINT('',#1230);
#1232=CARTESIAN_POINT('',(-8.25E1,6.9E1,0.E0));
#1233=CARTESIAN_POINT('',(-8.15E1,7.E1,0.E0));
#1234=VERTEX_POINT('',#1232);
#1235=VERTEX_POINT('',#1233);
#1236=CARTESIAN_POINT('',(-8.15E1,7.E1,3.E0));
#1237=VERTEX_POINT('',#1236);
#1238=CARTESIAN_POINT('',(-8.25E1,6.9E1,3.E0));
#1239=VERTEX_POINT('',#1238);
#1240=CARTESIAN_POINT('',(-8.15E1,-7.E1,0.E0));
#1241=CARTESIAN_POINT('',(-8.25E1,-6.9E1,0.E0));
#1242=VERTEX_POINT('',#1240);
#1243=VERTEX_POINT('',#1241);
#1244=CARTESIAN_POINT('',(-8.25E1,-6.9E1,3.E0));
#1245=VERTEX_POINT('',#1244);
#1246=CARTESIAN_POINT('',(-8.15E1,-7.E1,3.E0));
#1247=VERTEX_POINT('',#1246);
#1248=CARTESIAN_POINT('',(-5.1E1,0.E0,3.E0));
#1249=CARTESIAN_POINT('',(-5.4E1,0.E0,3.E0));
#1250=VERTEX_POINT('',#1248);
#1251=VERTEX_POINT('',#1249);
#1252=CARTESIAN_POINT('',(5.4E1,0.E0,3.E0));
#1253=CARTESIAN_POINT('',(5.1E1,0.E0,3.E0));
#1254=VERTEX_POINT('',#1252);
#1255=VERTEX_POINT('',#1253);
#1256=CARTESIAN_POINT('',(1.5E0,0.E0,3.E0));
#1257=CARTESIAN_POINT('',(-1.5E0,0.E0,3.E0));
#1258=VERTEX_POINT('',#1256);
#1259=VERTEX_POINT('',#1257);
#1260=CARTESIAN_POINT('',(-1.75E1,-4.75E1,3.E0));
#1261=CARTESIAN_POINT('',(-1.45E1,-4.75E1,3.E0));
#1262=VERTEX_POINT('',#1260);
#1263=VERTEX_POINT('',#1261);
#1264=CARTESIAN_POINT('',(1.45E1,-4.75E1,3.E0));
#1265=CARTESIAN_POINT('',(1.75E1,-4.75E1,3.E0));
#1266=VERTEX_POINT('',#1264);
#1267=VERTEX_POINT('',#1265);
#1268=CARTESIAN_POINT('',(2.73E1,6.53E1,0.E0));
#1269=CARTESIAN_POINT('',(2.43E1,6.53E1,0.E0));
#1270=VERTEX_POINT('',#1268);
#1271=VERTEX_POINT('',#1269);
#1272=CARTESIAN_POINT('',(2.73E1,2.93E1,0.E0));
#1273=CARTESIAN_POINT('',(2.43E1,2.93E1,0.E0));
#1274=VERTEX_POINT('',#1272);
#1275=VERTEX_POINT('',#1273);
#1276=CARTESIAN_POINT('',(2.73E1,6.53E1,3.E0));
#1277=CARTESIAN_POINT('',(2.43E1,6.53E1,3.E0));
#1278=VERTEX_POINT('',#1276);
#1279=VERTEX_POINT('',#1277);
#1280=CARTESIAN_POINT('',(2.73E1,2.93E1,3.E0));
#1281=CARTESIAN_POINT('',(2.43E1,2.93E1,3.E0));
#1282=VERTEX_POINT('',#1280);
#1283=VERTEX_POINT('',#1281);
#1284=CARTESIAN_POINT('',(-8.7E0,6.53E1,0.E0));
#1285=CARTESIAN_POINT('',(-1.17E1,6.53E1,0.E0));
#1286=VERTEX_POINT('',#1284);
#1287=VERTEX_POINT('',#1285);
#1288=CARTESIAN_POINT('',(-8.7E0,2.93E1,0.E0));
#1289=CARTESIAN_POINT('',(-1.17E1,2.93E1,0.E0));
#1290=VERTEX_POINT('',#1288);
#1291=VERTEX_POINT('',#1289);
#1292=CARTESIAN_POINT('',(-8.7E0,6.53E1,3.E0));
#1293=CARTESIAN_POINT('',(-1.17E1,6.53E1,3.E0));
#1294=VERTEX_POINT('',#1292);
#1295=VERTEX_POINT('',#1293);
#1296=CARTESIAN_POINT('',(-8.7E0,2.93E1,3.E0));
#1297=CARTESIAN_POINT('',(-1.17E1,2.93E1,3.E0));
#1298=VERTEX_POINT('',#1296);
#1299=VERTEX_POINT('',#1297);
#1300=CARTESIAN_POINT('',(3.35E1,6.6E1,3.E0));
#1301=CARTESIAN_POINT('',(3.65E1,6.6E1,3.E0));
#1302=VERTEX_POINT('',#1300);
#1303=VERTEX_POINT('',#1301);
#1304=CARTESIAN_POINT('',(-3.65E1,6.6E1,3.E0));
#1305=CARTESIAN_POINT('',(-3.35E1,6.6E1,3.E0));
#1306=VERTEX_POINT('',#1304);
#1307=VERTEX_POINT('',#1305);
#1308=CARTESIAN_POINT('',(3.35E1,-6.6E1,3.E0));
#1309=CARTESIAN_POINT('',(3.65E1,-6.6E1,3.E0));
#1310=VERTEX_POINT('',#1308);
#1311=VERTEX_POINT('',#1309);
#1312=CARTESIAN_POINT('',(-3.65E1,-6.6E1,3.E0));
#1313=CARTESIAN_POINT('',(-3.35E1,-6.6E1,3.E0));
#1314=VERTEX_POINT('',#1312);
#1315=VERTEX_POINT('',#1313);
#1316=CARTESIAN_POINT('',(-2.6E1,-1.7E1,3.E0));
#1317=CARTESIAN_POINT('',(-2.6E1,-2.E1,3.E0));
#1318=VERTEX_POINT('',#1316);
#1319=VERTEX_POINT('',#1317);
#1320=CARTESIAN_POINT('',(-2.6E1,1.7E1,3.E0));
#1321=CARTESIAN_POINT('',(-2.6E1,2.E1,3.E0));
#1322=VERTEX_POINT('',#1320);
#1323=VERTEX_POINT('',#1321);
#1324=CARTESIAN_POINT('',(2.6E1,2.E1,3.E0));
#1325=CARTESIAN_POINT('',(2.6E1,1.7E1,3.E0));
#1326=VERTEX_POINT('',#1324);
#1327=VERTEX_POINT('',#1325);
#1328=CARTESIAN_POINT('',(2.6E1,-1.7E1,3.E0));
#1329=CARTESIAN_POINT('',(2.6E1,-2.E1,3.E0));
#1330=VERTEX_POINT('',#1328);
#1331=VERTEX_POINT('',#1329);
#1332=CARTESIAN_POINT('',(1.9E1,-4.75E1,0.E0));
#1333=CARTESIAN_POINT('',(1.3E1,-4.75E1,0.E0));
#1334=VERTEX_POINT('',#1332);
#1335=VERTEX_POINT('',#1333);
#1336=CARTESIAN_POINT('',(1.75E1,-4.75E1,1.5E0));
#1337=CARTESIAN_POINT('',(1.45E1,-4.75E1,1.5E0));
#1338=VERTEX_POINT('',#1336);
#1339=VERTEX_POINT('',#1337);
#1340=CARTESIAN_POINT('',(-5.55E1,0.E0,0.E0));
#1341=CARTESIAN_POINT('',(-4.95E1,0.E0,0.E0));
#1342=VERTEX_POINT('',#1340);
#1343=VERTEX_POINT('',#1341);
#1344=CARTESIAN_POINT('',(-5.4E1,0.E0,1.5E0));
#1345=CARTESIAN_POINT('',(-5.1E1,0.E0,1.5E0));
#1346=VERTEX_POINT('',#1344);
#1347=VERTEX_POINT('',#1345);
#1348=CARTESIAN_POINT('',(4.95E1,0.E0,0.E0));
#1349=CARTESIAN_POINT('',(5.55E1,0.E0,0.E0));
#1350=VERTEX_POINT('',#1348);
#1351=VERTEX_POINT('',#1349);
#1352=CARTESIAN_POINT('',(5.1E1,0.E0,1.5E0));
#1353=CARTESIAN_POINT('',(5.4E1,0.E0,1.5E0));
#1354=VERTEX_POINT('',#1352);
#1355=VERTEX_POINT('',#1353);
#1356=CARTESIAN_POINT('',(-3.E0,0.E0,0.E0));
#1357=CARTESIAN_POINT('',(3.E0,0.E0,0.E0));
#1358=VERTEX_POINT('',#1356);
#1359=VERTEX_POINT('',#1357);
#1360=CARTESIAN_POINT('',(-1.5E0,0.E0,1.5E0));
#1361=CARTESIAN_POINT('',(1.5E0,0.E0,1.5E0));
#1362=VERTEX_POINT('',#1360);
#1363=VERTEX_POINT('',#1361);
#1364=CARTESIAN_POINT('',(-2.6E1,-1.55E1,0.E0));
#1365=CARTESIAN_POINT('',(-2.6E1,-2.15E1,0.E0));
#1366=VERTEX_POINT('',#1364);
#1367=VERTEX_POINT('',#1365);
#1368=CARTESIAN_POINT('',(-2.6E1,-1.7E1,1.5E0));
#1369=CARTESIAN_POINT('',(-2.6E1,-2.E1,1.5E0));
#1370=VERTEX_POINT('',#1368);
#1371=VERTEX_POINT('',#1369);
#1372=CARTESIAN_POINT('',(-2.6E1,2.15E1,0.E0));
#1373=CARTESIAN_POINT('',(-2.6E1,1.55E1,0.E0));
#1374=VERTEX_POINT('',#1372);
#1375=VERTEX_POINT('',#1373);
#1376=CARTESIAN_POINT('',(-2.6E1,2.E1,1.5E0));
#1377=CARTESIAN_POINT('',(-2.6E1,1.7E1,1.5E0));
#1378=VERTEX_POINT('',#1376);
#1379=VERTEX_POINT('',#1377);
#1380=CARTESIAN_POINT('',(2.6E1,1.55E1,0.E0));
#1381=CARTESIAN_POINT('',(2.6E1,2.15E1,0.E0));
#1382=VERTEX_POINT('',#1380);
#1383=VERTEX_POINT('',#1381);
#1384=CARTESIAN_POINT('',(2.6E1,1.7E1,1.5E0));
#1385=CARTESIAN_POINT('',(2.6E1,2.E1,1.5E0));
#1386=VERTEX_POINT('',#1384);
#1387=VERTEX_POINT('',#1385);
#1388=CARTESIAN_POINT('',(2.6E1,-2.15E1,0.E0));
#1389=CARTESIAN_POINT('',(2.6E1,-1.55E1,0.E0));
#1390=VERTEX_POINT('',#1388);
#1391=VERTEX_POINT('',#1389);
#1392=CARTESIAN_POINT('',(2.6E1,-2.E1,1.5E0));
#1393=CARTESIAN_POINT('',(2.6E1,-1.7E1,1.5E0));
#1394=VERTEX_POINT('',#1392);
#1395=VERTEX_POINT('',#1393);
#1396=CARTESIAN_POINT('',(7.55E1,2.15E1,0.E0));
#1397=CARTESIAN_POINT('',(6.95E1,2.15E1,0.E0));
#1398=VERTEX_POINT('',#1396);
#1399=VERTEX_POINT('',#1397);
#1400=CARTESIAN_POINT('',(7.4E1,2.15E1,1.5E0));
#1401=CARTESIAN_POINT('',(7.1E1,2.15E1,1.5E0));
#1402=VERTEX_POINT('',#1400);
#1403=VERTEX_POINT('',#1401);
#1404=CARTESIAN_POINT('',(7.55E1,6.45E1,0.E0));
#1405=CARTESIAN_POINT('',(6.95E1,6.45E1,0.E0));
#1406=VERTEX_POINT('',#1404);
#1407=VERTEX_POINT('',#1405);
#1408=CARTESIAN_POINT('',(7.4E1,6.45E1,1.5E0));
#1409=CARTESIAN_POINT('',(7.1E1,6.45E1,1.5E0));
#1410=VERTEX_POINT('',#1408);
#1411=VERTEX_POINT('',#1409);
#1412=CARTESIAN_POINT('',(7.55E1,-2.15E1,0.E0));
#1413=CARTESIAN_POINT('',(6.95E1,-2.15E1,0.E0));
#1414=VERTEX_POINT('',#1412);
#1415=VERTEX_POINT('',#1413);
#1416=CARTESIAN_POINT('',(7.4E1,-2.15E1,1.5E0));
#1417=CARTESIAN_POINT('',(7.1E1,-2.15E1,1.5E0));
#1418=VERTEX_POINT('',#1416);
#1419=VERTEX_POINT('',#1417);
#1420=CARTESIAN_POINT('',(7.55E1,-6.45E1,0.E0));
#1421=CARTESIAN_POINT('',(6.95E1,-6.45E1,0.E0));
#1422=VERTEX_POINT('',#1420);
#1423=VERTEX_POINT('',#1421);
#1424=CARTESIAN_POINT('',(7.4E1,-6.45E1,1.5E0));
#1425=CARTESIAN_POINT('',(7.1E1,-6.45E1,1.5E0));
#1426=VERTEX_POINT('',#1424);
#1427=VERTEX_POINT('',#1425);
#1428=CARTESIAN_POINT('',(-6.95E1,2.15E1,0.E0));
#1429=CARTESIAN_POINT('',(-7.55E1,2.15E1,0.E0));
#1430=VERTEX_POINT('',#1428);
#1431=VERTEX_POINT('',#1429);
#1432=CARTESIAN_POINT('',(-7.1E1,2.15E1,1.5E0));
#1433=CARTESIAN_POINT('',(-7.4E1,2.15E1,1.5E0));
#1434=VERTEX_POINT('',#1432);
#1435=VERTEX_POINT('',#1433);
#1436=CARTESIAN_POINT('',(-6.95E1,6.45E1,0.E0));
#1437=CARTESIAN_POINT('',(-7.55E1,6.45E1,0.E0));
#1438=VERTEX_POINT('',#1436);
#1439=VERTEX_POINT('',#1437);
#1440=CARTESIAN_POINT('',(-7.1E1,6.45E1,1.5E0));
#1441=CARTESIAN_POINT('',(-7.4E1,6.45E1,1.5E0));
#1442=VERTEX_POINT('',#1440);
#1443=VERTEX_POINT('',#1441);
#1444=CARTESIAN_POINT('',(-6.95E1,-2.15E1,0.E0));
#1445=CARTESIAN_POINT('',(-7.55E1,-2.15E1,0.E0));
#1446=VERTEX_POINT('',#1444);
#1447=VERTEX_POINT('',#1445);
#1448=CARTESIAN_POINT('',(-7.1E1,-2.15E1,1.5E0));
#1449=CARTESIAN_POINT('',(-7.4E1,-2.15E1,1.5E0));
#1450=VERTEX_POINT('',#1448);
#1451=VERTEX_POINT('',#1449);
#1452=CARTESIAN_POINT('',(-6.95E1,-6.45E1,0.E0));
#1453=CARTESIAN_POINT('',(-7.55E1,-6.45E1,0.E0));
#1454=VERTEX_POINT('',#1452);
#1455=VERTEX_POINT('',#1453);
#1456=CARTESIAN_POINT('',(-7.1E1,-6.45E1,1.5E0));
#1457=CARTESIAN_POINT('',(-7.4E1,-6.45E1,1.5E0));
#1458=VERTEX_POINT('',#1456);
#1459=VERTEX_POINT('',#1457);
#1460=CARTESIAN_POINT('',(3.8E1,6.6E1,0.E0));
#1461=CARTESIAN_POINT('',(3.2E1,6.6E1,0.E0));
#1462=VERTEX_POINT('',#1460);
#1463=VERTEX_POINT('',#1461);
#1464=CARTESIAN_POINT('',(3.65E1,6.6E1,1.5E0));
#1465=CARTESIAN_POINT('',(3.35E1,6.6E1,1.5E0));
#1466=VERTEX_POINT('',#1464);
#1467=VERTEX_POINT('',#1465);
#1468=CARTESIAN_POINT('',(-3.2E1,6.6E1,0.E0));
#1469=CARTESIAN_POINT('',(-3.8E1,6.6E1,0.E0));
#1470=VERTEX_POINT('',#1468);
#1471=VERTEX_POINT('',#1469);
#1472=CARTESIAN_POINT('',(-3.35E1,6.6E1,1.5E0));
#1473=CARTESIAN_POINT('',(-3.65E1,6.6E1,1.5E0));
#1474=VERTEX_POINT('',#1472);
#1475=VERTEX_POINT('',#1473);
#1476=CARTESIAN_POINT('',(3.8E1,-6.6E1,0.E0));
#1477=CARTESIAN_POINT('',(3.2E1,-6.6E1,0.E0));
#1478=VERTEX_POINT('',#1476);
#1479=VERTEX_POINT('',#1477);
#1480=CARTESIAN_POINT('',(3.65E1,-6.6E1,1.5E0));
#1481=CARTESIAN_POINT('',(3.35E1,-6.6E1,1.5E0));
#1482=VERTEX_POINT('',#1480);
#1483=VERTEX_POINT('',#1481);
#1484=CARTESIAN_POINT('',(-3.2E1,-6.6E1,0.E0));
#1485=CARTESIAN_POINT('',(-3.8E1,-6.6E1,0.E0));
#1486=VERTEX_POINT('',#1484);
#1487=VERTEX_POINT('',#1485);
#1488=CARTESIAN_POINT('',(-3.35E1,-6.6E1,1.5E0));
#1489=CARTESIAN_POINT('',(-3.65E1,-6.6E1,1.5E0));
#1490=VERTEX_POINT('',#1488);
#1491=VERTEX_POINT('',#1489);
#1492=CARTESIAN_POINT('',(-1.3E1,-4.75E1,0.E0));
#1493=CARTESIAN_POINT('',(-1.9E1,-4.75E1,0.E0));
#1494=VERTEX_POINT('',#1492);
#1495=VERTEX_POINT('',#1493);
#1496=CARTESIAN_POINT('',(-1.45E1,-4.75E1,1.5E0));
#1497=CARTESIAN_POINT('',(-1.75E1,-4.75E1,1.5E0));
#1498=VERTEX_POINT('',#1496);
#1499=VERTEX_POINT('',#1497);
#1500=CARTESIAN_POINT('',(0.E0,0.E0,0.E0));
#1501=DIRECTION('',(0.E0,0.E0,1.E0));
#1502=DIRECTION('',(0.E0,1.E0,0.E0));
#1503=AXIS2_PLACEMENT_3D('',#1500,#1501,#1502);
#1504=PLANE('',#1503);
#1506=ORIENTED_EDGE('',*,*,#1505,.F.);
#1508=ORIENTED_EDGE('',*,*,#1507,.T.);
#1510=ORIENTED_EDGE('',*,*,#1509,.F.);
#1512=ORIENTED_EDGE('',*,*,#1511,.T.);
#1514=ORIENTED_EDGE('',*,*,#1513,.F.);
#1516=ORIENTED_EDGE('',*,*,#1515,.T.);
#1518=ORIENTED_EDGE('',*,*,#1517,.F.);
#1520=ORIENTED_EDGE('',*,*,#1519,.T.);
#1521=EDGE_LOOP('',(#1506,#1508,#1510,#1512,#1514,#1516,#1518,#1520));
#1522=FACE_OUTER_BOUND('',#1521,.F.);
#1524=ORIENTED_EDGE('',*,*,#1523,.F.);
#1526=ORIENTED_EDGE('',*,*,#1525,.F.);
#1527=EDGE_LOOP('',(#1524,#1526));
#1528=FACE_BOUND('',#1527,.F.);
#1530=ORIENTED_EDGE('',*,*,#1529,.F.);
#1532=ORIENTED_EDGE('',*,*,#1531,.F.);
#1533=EDGE_LOOP('',(#1530,#1532));
#1534=FACE_BOUND('',#1533,.F.);
#1536=ORIENTED_EDGE('',*,*,#1535,.F.);
#1538=ORIENTED_EDGE('',*,*,#1537,.F.);
#1539=EDGE_LOOP('',(#1536,#1538));
#1540=FACE_BOUND('',#1539,.F.);
#1542=ORIENTED_EDGE('',*,*,#1541,.F.);
#1544=ORIENTED_EDGE('',*,*,#1543,.F.);
#1545=EDGE_LOOP('',(#1542,#1544));
#1546=FACE_BOUND('',#1545,.F.);
#1548=ORIENTED_EDGE('',*,*,#1547,.F.);
#1550=ORIENTED_EDGE('',*,*,#1549,.F.);
#1551=EDGE_LOOP('',(#1548,#1550));
#1552=FACE_BOUND('',#1551,.F.);
#1554=ORIENTED_EDGE('',*,*,#1553,.F.);
#1556=ORIENTED_EDGE('',*,*,#1555,.F.);
#1557=EDGE_LOOP('',(#1554,#1556));
#1558=FACE_BOUND('',#1557,.F.);
#1560=ORIENTED_EDGE('',*,*,#1559,.F.);
#1562=ORIENTED_EDGE('',*,*,#1561,.F.);
#1563=EDGE_LOOP('',(#1560,#1562));
#1564=FACE_BOUND('',#1563,.F.);
#1566=ORIENTED_EDGE('',*,*,#1565,.F.);
#1568=ORIENTED_EDGE('',*,*,#1567,.F.);
#1569=EDGE_LOOP('',(#1566,#1568));
#1570=FACE_BOUND('',#1569,.F.);
#1572=ORIENTED_EDGE('',*,*,#1571,.F.);
#1574=ORIENTED_EDGE('',*,*,#1573,.F.);
#1575=EDGE_LOOP('',(#1572,#1574));
#1576=FACE_BOUND('',#1575,.F.);
#1578=ORIENTED_EDGE('',*,*,#1577,.F.);
#1580=ORIENTED_EDGE('',*,*,#1579,.F.);
#1581=EDGE_LOOP('',(#1578,#1580));
#1582=FACE_BOUND('',#1581,.F.);
#1584=ORIENTED_EDGE('',*,*,#1583,.F.);
#1586=ORIENTED_EDGE('',*,*,#1585,.F.);
#1587=EDGE_LOOP('',(#1584,#1586));
#1588=FACE_BOUND('',#1587,.F.);
#1590=ORIENTED_EDGE('',*,*,#1589,.F.);
#1592=ORIENTED_EDGE('',*,*,#1591,.F.);
#1593=EDGE_LOOP('',(#1590,#1592));
#1594=FACE_BOUND('',#1593,.F.);
#1596=ORIENTED_EDGE('',*,*,#1595,.F.);
#1598=ORIENTED_EDGE('',*,*,#1597,.F.);
#1599=EDGE_LOOP('',(#1596,#1598));
#1600=FACE_BOUND('',#1599,.F.);
#1602=ORIENTED_EDGE('',*,*,#1601,.F.);
#1604=ORIENTED_EDGE('',*,*,#1603,.F.);
#1605=EDGE_LOOP('',(#1602,#1604));
#1606=FACE_BOUND('',#1605,.F.);
#1608=ORIENTED_EDGE('',*,*,#1607,.F.);
#1610=ORIENTED_EDGE('',*,*,#1609,.F.);
#1611=EDGE_LOOP('',(#1608,#1610));
#1612=FACE_BOUND('',#1611,.F.);
#1614=ORIENTED_EDGE('',*,*,#1613,.F.);
#1616=ORIENTED_EDGE('',*,*,#1615,.F.);
#1617=EDGE_LOOP('',(#1614,#1616));
#1618=FACE_BOUND('',#1617,.F.);
#1620=ORIENTED_EDGE('',*,*,#1619,.F.);
#1622=ORIENTED_EDGE('',*,*,#1621,.F.);
#1623=EDGE_LOOP('',(#1620,#1622));
#1624=FACE_BOUND('',#1623,.F.);
#1626=ORIENTED_EDGE('',*,*,#1625,.F.);
#1628=ORIENTED_EDGE('',*,*,#1627,.F.);
#1629=EDGE_LOOP('',(#1626,#1628));
#1630=FACE_BOUND('',#1629,.F.);
#1632=ORIENTED_EDGE('',*,*,#1631,.F.);
#1634=ORIENTED_EDGE('',*,*,#1633,.F.);
#1635=EDGE_LOOP('',(#1632,#1634));
#1636=FACE_BOUND('',#1635,.F.);
#1638=ORIENTED_EDGE('',*,*,#1637,.F.);
#1640=ORIENTED_EDGE('',*,*,#1639,.F.);
#1641=EDGE_LOOP('',(#1638,#1640));
#1642=FACE_BOUND('',#1641,.F.);
#1644=ORIENTED_EDGE('',*,*,#1643,.F.);
#1646=ORIENTED_EDGE('',*,*,#1645,.F.);
#1647=EDGE_LOOP('',(#1644,#1646));
#1648=FACE_BOUND('',#1647,.F.);
#1650=ORIENTED_EDGE('',*,*,#1649,.F.);
#1652=ORIENTED_EDGE('',*,*,#1651,.F.);
#1653=EDGE_LOOP('',(#1650,#1652));
#1654=FACE_BOUND('',#1653,.F.);
#1656=ORIENTED_EDGE('',*,*,#1655,.F.);
#1658=ORIENTED_EDGE('',*,*,#1657,.F.);
#1659=EDGE_LOOP('',(#1656,#1658));
#1660=FACE_BOUND('',#1659,.F.);
#1662=ORIENTED_EDGE('',*,*,#1661,.F.);
#1664=ORIENTED_EDGE('',*,*,#1663,.F.);
#1665=EDGE_LOOP('',(#1662,#1664));
#1666=FACE_BOUND('',#1665,.F.);
#1668=ORIENTED_EDGE('',*,*,#1667,.F.);
#1670=ORIENTED_EDGE('',*,*,#1669,.F.);
#1671=EDGE_LOOP('',(#1668,#1670));
#1672=FACE_BOUND('',#1671,.F.);
#1673=ADVANCED_FACE('',(#1522,#1528,#1534,#1540,#1546,#1552,#1558,#1564,#1570,
#1576,#1582,#1588,#1594,#1600,#1606,#1612,#1618,#1624,#1630,#1636,#1642,#1648,
#1654,#1660,#1666,#1672),#1504,.F.);
#1674=CARTESIAN_POINT('',(8.15E1,-6.9E1,6.9108E0));
#1675=DIRECTION('',(0.E0,0.E0,-1.E0));
#1676=DIRECTION('',(1.E0,0.E0,0.E0));
#1677=AXIS2_PLACEMENT_3D('',#1674,#1675,#1676);
#1678=CYLINDRICAL_SURFACE('',#1677,1.E0);
#1679=ORIENTED_EDGE('',*,*,#1505,.T.);
#1681=ORIENTED_EDGE('',*,*,#1680,.F.);
#1683=ORIENTED_EDGE('',*,*,#1682,.T.);
#1685=ORIENTED_EDGE('',*,*,#1684,.T.);
#1686=EDGE_LOOP('',(#1679,#1681,#1683,#1685));
#1687=FACE_OUTER_BOUND('',#1686,.F.);
#1688=ADVANCED_FACE('',(#1687),#1678,.T.);
#1689=CARTESIAN_POINT('',(-8.25E1,-7.E1,0.E0));
#1690=DIRECTION('',(0.E0,-1.E0,0.E0));
#1691=DIRECTION('',(1.E0,0.E0,0.E0));
#1692=AXIS2_PLACEMENT_3D('',#1689,#1690,#1691);
#1693=PLANE('',#1692);
#1694=ORIENTED_EDGE('',*,*,#1680,.T.);
#1695=ORIENTED_EDGE('',*,*,#1519,.F.);
#1697=ORIENTED_EDGE('',*,*,#1696,.F.);
#1699=ORIENTED_EDGE('',*,*,#1698,.T.);
#1700=EDGE_LOOP('',(#1694,#1695,#1697,#1699));
#1701=FACE_OUTER_BOUND('',#1700,.F.);
#1702=ADVANCED_FACE('',(#1701),#1693,.T.);
#1703=CARTESIAN_POINT('',(-8.15E1,-6.9E1,6.9108E0));
#1704=DIRECTION('',(0.E0,0.E0,-1.E0));
#1705=DIRECTION('',(0.E0,-1.E0,0.E0));
#1706=AXIS2_PLACEMENT_3D('',#1703,#1704,#1705);
#1707=CYLINDRICAL_SURFACE('',#1706,1.E0);
#1708=ORIENTED_EDGE('',*,*,#1517,.T.);
#1710=ORIENTED_EDGE('',*,*,#1709,.F.);
#1712=ORIENTED_EDGE('',*,*,#1711,.T.);
#1713=ORIENTED_EDGE('',*,*,#1696,.T.);
#1714=EDGE_LOOP('',(#1708,#1710,#1712,#1713));
#1715=FACE_OUTER_BOUND('',#1714,.F.);
#1716=ADVANCED_FACE('',(#1715),#1707,.T.);
#1717=CARTESIAN_POINT('',(-8.25E1,7.E1,0.E0));
#1718=DIRECTION('',(-1.E0,0.E0,0.E0));
#1719=DIRECTION('',(0.E0,-1.E0,0.E0));
#1720=AXIS2_PLACEMENT_3D('',#1717,#1718,#1719);
#1721=PLANE('',#1720);
#1723=ORIENTED_EDGE('',*,*,#1722,.F.);
#1725=ORIENTED_EDGE('',*,*,#1724,.T.);
#1726=ORIENTED_EDGE('',*,*,#1709,.T.);
#1727=ORIENTED_EDGE('',*,*,#1515,.F.);
#1728=EDGE_LOOP('',(#1723,#1725,#1726,#1727));
#1729=FACE_OUTER_BOUND('',#1728,.F.);
#1730=ADVANCED_FACE('',(#1729),#1721,.T.);
#1731=CARTESIAN_POINT('',(-8.15E1,6.9E1,6.9108E0));
#1732=DIRECTION('',(0.E0,0.E0,-1.E0));
#1733=DIRECTION('',(-1.E0,0.E0,0.E0));
#1734=AXIS2_PLACEMENT_3D('',#1731,#1732,#1733);
#1735=CYLINDRICAL_SURFACE('',#1734,1.E0);
#1736=ORIENTED_EDGE('',*,*,#1513,.T.);
#1738=ORIENTED_EDGE('',*,*,#1737,.F.);
#1740=ORIENTED_EDGE('',*,*,#1739,.T.);
#1741=ORIENTED_EDGE('',*,*,#1722,.T.);
#1742=EDGE_LOOP('',(#1736,#1738,#1740,#1741));
#1743=FACE_OUTER_BOUND('',#1742,.F.);
#1744=ADVANCED_FACE('',(#1743),#1735,.T.);
#1745=CARTESIAN_POINT('',(8.25E1,7.E1,0.E0));
#1746=DIRECTION('',(0.E0,1.E0,0.E0));
#1747=DIRECTION('',(-1.E0,0.E0,0.E0));
#1748=AXIS2_PLACEMENT_3D('',#1745,#1746,#1747);
#1749=PLANE('',#1748);
#1751=ORIENTED_EDGE('',*,*,#1750,.F.);
#1753=ORIENTED_EDGE('',*,*,#1752,.T.);
#1754=ORIENTED_EDGE('',*,*,#1737,.T.);
#1755=ORIENTED_EDGE('',*,*,#1511,.F.);
#1756=EDGE_LOOP('',(#1751,#1753,#1754,#1755));
#1757=FACE_OUTER_BOUND('',#1756,.F.);
#1758=ADVANCED_FACE('',(#1757),#1749,.T.);
#1759=CARTESIAN_POINT('',(8.15E1,6.9E1,6.9108E0));
#1760=DIRECTION('',(0.E0,0.E0,-1.E0));
#1761=DIRECTION('',(0.E0,1.E0,0.E0));
#1762=AXIS2_PLACEMENT_3D('',#1759,#1760,#1761);
#1763=CYLINDRICAL_SURFACE('',#1762,1.E0);
#1764=ORIENTED_EDGE('',*,*,#1509,.T.);
#1766=ORIENTED_EDGE('',*,*,#1765,.F.);
#1768=ORIENTED_EDGE('',*,*,#1767,.T.);
#1769=ORIENTED_EDGE('',*,*,#1750,.T.);
#1770=EDGE_LOOP('',(#1764,#1766,#1768,#1769));
#1771=FACE_OUTER_BOUND('',#1770,.F.);
#1772=ADVANCED_FACE('',(#1771),#1763,.T.);
#1773=CARTESIAN_POINT('',(8.25E1,-7.E1,0.E0));
#1774=DIRECTION('',(1.E0,0.E0,0.E0));
#1775=DIRECTION('',(0.E0,1.E0,0.E0));
#1776=AXIS2_PLACEMENT_3D('',#1773,#1774,#1775);
#1777=PLANE('',#1776);
#1778=ORIENTED_EDGE('',*,*,#1684,.F.);
#1780=ORIENTED_EDGE('',*,*,#1779,.T.);
#1781=ORIENTED_EDGE('',*,*,#1765,.T.);
#1782=ORIENTED_EDGE('',*,*,#1507,.F.);
#1783=EDGE_LOOP('',(#1778,#1780,#1781,#1782));
#1784=FACE_OUTER_BOUND('',#1783,.F.);
#1785=ADVANCED_FACE('',(#1784),#1777,.T.);
#1786=CARTESIAN_POINT('',(0.E0,0.E0,3.E0));
#1787=DIRECTION('',(0.E0,0.E0,1.E0));
#1788=DIRECTION('',(0.E0,1.E0,0.E0));
#1789=AXIS2_PLACEMENT_3D('',#1786,#1787,#1788);
#1790=PLANE('',#1789);
#1791=ORIENTED_EDGE('',*,*,#1682,.F.);
#1792=ORIENTED_EDGE('',*,*,#1698,.F.);
#1793=ORIENTED_EDGE('',*,*,#1711,.F.);
#1794=ORIENTED_EDGE('',*,*,#1724,.F.);
#1795=ORIENTED_EDGE('',*,*,#1739,.F.);
#1796=ORIENTED_EDGE('',*,*,#1752,.F.);
#1797=ORIENTED_EDGE('',*,*,#1767,.F.);
#1798=ORIENTED_EDGE('',*,*,#1779,.F.);
#1799=EDGE_LOOP('',(#1791,#1792,#1793,#1794,#1795,#1796,#1797,#1798));
#1800=FACE_OUTER_BOUND('',#1799,.F.);
#1802=ORIENTED_EDGE('',*,*,#1801,.T.);
#1804=ORIENTED_EDGE('',*,*,#1803,.T.);
#1805=EDGE_LOOP('',(#1802,#1804));
#1806=FACE_BOUND('',#1805,.F.);
#1808=ORIENTED_EDGE('',*,*,#1807,.T.);
#1810=ORIENTED_EDGE('',*,*,#1809,.T.);
#1811=EDGE_LOOP('',(#1808,#1810));
#1812=FACE_BOUND('',#1811,.F.);
#1814=ORIENTED_EDGE('',*,*,#1813,.T.);
#1816=ORIENTED_EDGE('',*,*,#1815,.T.);
#1817=EDGE_LOOP('',(#1814,#1816));
#1818=FACE_BOUND('',#1817,.F.);
#1820=ORIENTED_EDGE('',*,*,#1819,.T.);
#1822=ORIENTED_EDGE('',*,*,#1821,.T.);
#1823=EDGE_LOOP('',(#1820,#1822));
#1824=FACE_BOUND('',#1823,.F.);
#1826=ORIENTED_EDGE('',*,*,#1825,.T.);
#1828=ORIENTED_EDGE('',*,*,#1827,.T.);
#1829=EDGE_LOOP('',(#1826,#1828));
#1830=FACE_BOUND('',#1829,.F.);
#1832=ORIENTED_EDGE('',*,*,#1831,.T.);
#1834=ORIENTED_EDGE('',*,*,#1833,.T.);
#1835=EDGE_LOOP('',(#1832,#1834));
#1836=FACE_BOUND('',#1835,.F.);
#1838=ORIENTED_EDGE('',*,*,#1837,.T.);
#1840=ORIENTED_EDGE('',*,*,#1839,.T.);
#1841=EDGE_LOOP('',(#1838,#1840));
#1842=FACE_BOUND('',#1841,.F.);
#1844=ORIENTED_EDGE('',*,*,#1843,.T.);
#1846=ORIENTED_EDGE('',*,*,#1845,.T.);
#1847=EDGE_LOOP('',(#1844,#1846));
#1848=FACE_BOUND('',#1847,.F.);
#1850=ORIENTED_EDGE('',*,*,#1849,.T.);
#1852=ORIENTED_EDGE('',*,*,#1851,.T.);
#1853=EDGE_LOOP('',(#1850,#1852));
#1854=FACE_BOUND('',#1853,.F.);
#1856=ORIENTED_EDGE('',*,*,#1855,.T.);
#1858=ORIENTED_EDGE('',*,*,#1857,.T.);
#1859=EDGE_LOOP('',(#1856,#1858));
#1860=FACE_BOUND('',#1859,.F.);
#1862=ORIENTED_EDGE('',*,*,#1861,.T.);
#1864=ORIENTED_EDGE('',*,*,#1863,.T.);
#1865=EDGE_LOOP('',(#1862,#1864));
#1866=FACE_BOUND('',#1865,.F.);
#1868=ORIENTED_EDGE('',*,*,#1867,.T.);
#1870=ORIENTED_EDGE('',*,*,#1869,.T.);
#1871=EDGE_LOOP('',(#1868,#1870));
#1872=FACE_BOUND('',#1871,.F.);
#1874=ORIENTED_EDGE('',*,*,#1873,.T.);
#1876=ORIENTED_EDGE('',*,*,#1875,.T.);
#1877=EDGE_LOOP('',(#1874,#1876));
#1878=FACE_BOUND('',#1877,.F.);
#1880=ORIENTED_EDGE('',*,*,#1879,.T.);
#1882=ORIENTED_EDGE('',*,*,#1881,.T.);
#1883=EDGE_LOOP('',(#1880,#1882));
#1884=FACE_BOUND('',#1883,.F.);
#1886=ORIENTED_EDGE('',*,*,#1885,.T.);
#1888=ORIENTED_EDGE('',*,*,#1887,.T.);
#1889=EDGE_LOOP('',(#1886,#1888));
#1890=FACE_BOUND('',#1889,.F.);
#1892=ORIENTED_EDGE('',*,*,#1891,.T.);
#1894=ORIENTED_EDGE('',*,*,#1893,.T.);
#1895=EDGE_LOOP('',(#1892,#1894));
#1896=FACE_BOUND('',#1895,.F.);
#1898=ORIENTED_EDGE('',*,*,#1897,.T.);
#1900=ORIENTED_EDGE('',*,*,#1899,.T.);
#1901=EDGE_LOOP('',(#1898,#1900));
#1902=FACE_BOUND('',#1901,.F.);
#1904=ORIENTED_EDGE('',*,*,#1903,.T.);
#1906=ORIENTED_EDGE('',*,*,#1905,.T.);
#1907=EDGE_LOOP('',(#1904,#1906));
#1908=FACE_BOUND('',#1907,.F.);
#1910=ORIENTED_EDGE('',*,*,#1909,.T.);
#1912=ORIENTED_EDGE('',*,*,#1911,.T.);
#1913=EDGE_LOOP('',(#1910,#1912));
#1914=FACE_BOUND('',#1913,.F.);
#1916=ORIENTED_EDGE('',*,*,#1915,.T.);
#1918=ORIENTED_EDGE('',*,*,#1917,.T.);
#1919=EDGE_LOOP('',(#1916,#1918));
#1920=FACE_BOUND('',#1919,.F.);
#1922=ORIENTED_EDGE('',*,*,#1921,.T.);
#1924=ORIENTED_EDGE('',*,*,#1923,.T.);
#1925=EDGE_LOOP('',(#1922,#1924));
#1926=FACE_BOUND('',#1925,.F.);
#1928=ORIENTED_EDGE('',*,*,#1927,.T.);
#1930=ORIENTED_EDGE('',*,*,#1929,.T.);
#1931=EDGE_LOOP('',(#1928,#1930));
#1932=FACE_BOUND('',#1931,.F.);
#1934=ORIENTED_EDGE('',*,*,#1933,.T.);
#1936=ORIENTED_EDGE('',*,*,#1935,.T.);
#1937=EDGE_LOOP('',(#1934,#1936));
#1938=FACE_BOUND('',#1937,.F.);
#1940=ORIENTED_EDGE('',*,*,#1939,.T.);
#1942=ORIENTED_EDGE('',*,*,#1941,.T.);
#1943=EDGE_LOOP('',(#1940,#1942));
#1944=FACE_BOUND('',#1943,.F.);
#1946=ORIENTED_EDGE('',*,*,#1945,.T.);
#1948=ORIENTED_EDGE('',*,*,#1947,.T.);
#1949=EDGE_LOOP('',(#1946,#1948));
#1950=FACE_BOUND('',#1949,.F.);
#1951=ADVANCED_FACE('',(#1800,#1806,#1812,#1818,#1824,#1830,#1836,#1842,#1848,
#1854,#1860,#1866,#1872,#1878,#1884,#1890,#1896,#1902,#1908,#1914,#1920,#1926,
#1932,#1938,#1944,#1950),#1790,.T.);
#1952=CARTESIAN_POINT('',(7.25E1,2.15E1,3.E0));
#1953=DIRECTION('',(0.E0,0.E0,1.E0));
#1954=DIRECTION('',(-1.E0,0.E0,0.E0));
#1955=AXIS2_PLACEMENT_3D('',#1952,#1953,#1954);
#1956=CYLINDRICAL_SURFACE('',#1955,1.5E0);
#1958=ORIENTED_EDGE('',*,*,#1957,.T.);
#1960=ORIENTED_EDGE('',*,*,#1959,.F.);
#1961=ORIENTED_EDGE('',*,*,#1843,.F.);
#1963=ORIENTED_EDGE('',*,*,#1962,.T.);
#1964=EDGE_LOOP('',(#1958,#1960,#1961,#1963));
#1965=FACE_OUTER_BOUND('',#1964,.F.);
#1966=ADVANCED_FACE('',(#1965),#1956,.F.);
#1967=CARTESIAN_POINT('',(7.25E1,2.15E1,7.500000004053E-1));
#1968=DIRECTION('',(0.E0,0.E0,-1.E0));
#1969=DIRECTION('',(0.E0,-1.E0,0.E0));
#1970=AXIS2_PLACEMENT_3D('',#1967,#1968,#1969);
#1971=CONICAL_SURFACE('',#1970,2.249999999595E0,4.5E1);
#1972=ORIENTED_EDGE('',*,*,#1597,.T.);
#1974=ORIENTED_EDGE('',*,*,#1973,.T.);
#1975=ORIENTED_EDGE('',*,*,#1957,.F.);
#1977=ORIENTED_EDGE('',*,*,#1976,.F.);
#1978=EDGE_LOOP('',(#1972,#1974,#1975,#1977));
#1979=FACE_OUTER_BOUND('',#1978,.F.);
#1980=ADVANCED_FACE('',(#1979),#1971,.F.);
#1981=CARTESIAN_POINT('',(7.25E1,2.15E1,7.500000004053E-1));
#1982=DIRECTION('',(0.E0,0.E0,-1.E0));
#1983=DIRECTION('',(0.E0,-1.E0,0.E0));
#1984=AXIS2_PLACEMENT_3D('',#1981,#1982,#1983);
#1985=CONICAL_SURFACE('',#1984,2.249999999595E0,4.5E1);
#1986=ORIENTED_EDGE('',*,*,#1595,.T.);
#1987=ORIENTED_EDGE('',*,*,#1976,.T.);
#1989=ORIENTED_EDGE('',*,*,#1988,.F.);
#1990=ORIENTED_EDGE('',*,*,#1973,.F.);
#1991=EDGE_LOOP('',(#1986,#1987,#1989,#1990));
#1992=FACE_OUTER_BOUND('',#1991,.F.);
#1993=ADVANCED_FACE('',(#1992),#1985,.F.);
#1994=CARTESIAN_POINT('',(7.25E1,2.15E1,3.E0));
#1995=DIRECTION('',(0.E0,0.E0,1.E0));
#1996=DIRECTION('',(-1.E0,0.E0,0.E0));
#1997=AXIS2_PLACEMENT_3D('',#1994,#1995,#1996);
#1998=CYLINDRICAL_SURFACE('',#1997,1.5E0);
#1999=ORIENTED_EDGE('',*,*,#1988,.T.);
#2000=ORIENTED_EDGE('',*,*,#1962,.F.);
#2001=ORIENTED_EDGE('',*,*,#1845,.F.);
#2002=ORIENTED_EDGE('',*,*,#1959,.T.);
#2003=EDGE_LOOP('',(#1999,#2000,#2001,#2002));
#2004=FACE_OUTER_BOUND('',#2003,.F.);
#2005=ADVANCED_FACE('',(#2004),#1998,.F.);
#2006=CARTESIAN_POINT('',(7.25E1,6.45E1,3.E0));
#2007=DIRECTION('',(0.E0,0.E0,1.E0));
#2008=DIRECTION('',(-1.E0,0.E0,0.E0));
#2009=AXIS2_PLACEMENT_3D('',#2006,#2007,#2008);
#2010=CYLINDRICAL_SURFACE('',#2009,1.5E0);
#2012=ORIENTED_EDGE('',*,*,#2011,.T.);
#2014=ORIENTED_EDGE('',*,*,#2013,.F.);
#2015=ORIENTED_EDGE('',*,*,#1801,.F.);
#2017=ORIENTED_EDGE('',*,*,#2016,.T.);
#2018=EDGE_LOOP('',(#2012,#2014,#2015,#2017));
#2019=FACE_OUTER_BOUND('',#2018,.F.);
#2020=ADVANCED_FACE('',(#2019),#2010,.F.);
#2021=CARTESIAN_POINT('',(7.25E1,6.45E1,7.500000004053E-1));
#2022=DIRECTION('',(0.E0,0.E0,-1.E0));
#2023=DIRECTION('',(0.E0,-1.E0,0.E0));
#2024=AXIS2_PLACEMENT_3D('',#2021,#2022,#2023);
#2025=CONICAL_SURFACE('',#2024,2.249999999595E0,4.5E1);
#2026=ORIENTED_EDGE('',*,*,#1603,.T.);
#2028=ORIENTED_EDGE('',*,*,#2027,.T.);
#2029=ORIENTED_EDGE('',*,*,#2011,.F.);
#2031=ORIENTED_EDGE('',*,*,#2030,.F.);
#2032=EDGE_LOOP('',(#2026,#2028,#2029,#2031));
#2033=FACE_OUTER_BOUND('',#2032,.F.);
#2034=ADVANCED_FACE('',(#2033),#2025,.F.);
#2035=CARTESIAN_POINT('',(7.25E1,6.45E1,7.500000004053E-1));
#2036=DIRECTION('',(0.E0,0.E0,-1.E0));
#2037=DIRECTION('',(0.E0,-1.E0,0.E0));
#2038=AXIS2_PLACEMENT_3D('',#2035,#2036,#2037);
#2039=CONICAL_SURFACE('',#2038,2.249999999595E0,4.5E1);
#2040=ORIENTED_EDGE('',*,*,#1601,.T.);
#2041=ORIENTED_EDGE('',*,*,#2030,.T.);
#2043=ORIENTED_EDGE('',*,*,#2042,.F.);
#2044=ORIENTED_EDGE('',*,*,#2027,.F.);
#2045=EDGE_LOOP('',(#2040,#2041,#2043,#2044));
#2046=FACE_OUTER_BOUND('',#2045,.F.);
#2047=ADVANCED_FACE('',(#2046),#2039,.F.);
#2048=CARTESIAN_POINT('',(7.25E1,6.45E1,3.E0));
#2049=DIRECTION('',(0.E0,0.E0,1.E0));
#2050=DIRECTION('',(-1.E0,0.E0,0.E0));
#2051=AXIS2_PLACEMENT_3D('',#2048,#2049,#2050);
#2052=CYLINDRICAL_SURFACE('',#2051,1.5E0);
#2053=ORIENTED_EDGE('',*,*,#2042,.T.);
#2054=ORIENTED_EDGE('',*,*,#2016,.F.);
#2055=ORIENTED_EDGE('',*,*,#1803,.F.);
#2056=ORIENTED_EDGE('',*,*,#2013,.T.);
#2057=EDGE_LOOP('',(#2053,#2054,#2055,#2056));
#2058=FACE_OUTER_BOUND('',#2057,.F.);
#2059=ADVANCED_FACE('',(#2058),#2052,.F.);
#2060=CARTESIAN_POINT('',(7.25E1,-2.15E1,3.E0));
#2061=DIRECTION('',(0.E0,0.E0,1.E0));
#2062=DIRECTION('',(-1.E0,0.E0,0.E0));
#2063=AXIS2_PLACEMENT_3D('',#2060,#2061,#2062);
#2064=CYLINDRICAL_SURFACE('',#2063,1.5E0);
#2066=ORIENTED_EDGE('',*,*,#2065,.T.);
#2068=ORIENTED_EDGE('',*,*,#2067,.F.);
#2069=ORIENTED_EDGE('',*,*,#1807,.F.);
#2071=ORIENTED_EDGE('',*,*,#2070,.T.);
#2072=EDGE_LOOP('',(#2066,#2068,#2069,#2071));
#2073=FACE_OUTER_BOUND('',#2072,.F.);
#2074=ADVANCED_FACE('',(#2073),#2064,.F.);
#2075=CARTESIAN_POINT('',(7.25E1,-2.15E1,7.500000004053E-1));
#2076=DIRECTION('',(0.E0,0.E0,-1.E0));
#2077=DIRECTION('',(0.E0,-1.E0,0.E0));
#2078=AXIS2_PLACEMENT_3D('',#2075,#2076,#2077);
#2079=CONICAL_SURFACE('',#2078,2.249999999595E0,4.5E1);
#2080=ORIENTED_EDGE('',*,*,#1609,.T.);
#2082=ORIENTED_EDGE('',*,*,#2081,.T.);
#2083=ORIENTED_EDGE('',*,*,#2065,.F.);
#2085=ORIENTED_EDGE('',*,*,#2084,.F.);
#2086=EDGE_LOOP('',(#2080,#2082,#2083,#2085));
#2087=FACE_OUTER_BOUND('',#2086,.F.);
#2088=ADVANCED_FACE('',(#2087),#2079,.F.);
#2089=CARTESIAN_POINT('',(7.25E1,-2.15E1,7.500000004053E-1));
#2090=DIRECTION('',(0.E0,0.E0,-1.E0));
#2091=DIRECTION('',(0.E0,-1.E0,0.E0));
#2092=AXIS2_PLACEMENT_3D('',#2089,#2090,#2091);
#2093=CONICAL_SURFACE('',#2092,2.249999999595E0,4.5E1);
#2094=ORIENTED_EDGE('',*,*,#1607,.T.);
#2095=ORIENTED_EDGE('',*,*,#2084,.T.);
#2097=ORIENTED_EDGE('',*,*,#2096,.F.);
#2098=ORIENTED_EDGE('',*,*,#2081,.F.);
#2099=EDGE_LOOP('',(#2094,#2095,#2097,#2098));
#2100=FACE_OUTER_BOUND('',#2099,.F.);
#2101=ADVANCED_FACE('',(#2100),#2093,.F.);
#2102=CARTESIAN_POINT('',(7.25E1,-2.15E1,3.E0));
#2103=DIRECTION('',(0.E0,0.E0,1.E0));
#2104=DIRECTION('',(-1.E0,0.E0,0.E0));
#2105=AXIS2_PLACEMENT_3D('',#2102,#2103,#2104);
#2106=CYLINDRICAL_SURFACE('',#2105,1.5E0);
#2107=ORIENTED_EDGE('',*,*,#2096,.T.);
#2108=ORIENTED_EDGE('',*,*,#2070,.F.);
#2109=ORIENTED_EDGE('',*,*,#1809,.F.);
#2110=ORIENTED_EDGE('',*,*,#2067,.T.);
#2111=EDGE_LOOP('',(#2107,#2108,#2109,#2110));
#2112=FACE_OUTER_BOUND('',#2111,.F.);
#2113=ADVANCED_FACE('',(#2112),#2106,.F.);
#2114=CARTESIAN_POINT('',(7.25E1,-6.45E1,3.E0));
#2115=DIRECTION('',(0.E0,0.E0,1.E0));
#2116=DIRECTION('',(-1.E0,0.E0,0.E0));
#2117=AXIS2_PLACEMENT_3D('',#2114,#2115,#2116);
#2118=CYLINDRICAL_SURFACE('',#2117,1.5E0);
#2120=ORIENTED_EDGE('',*,*,#2119,.T.);
#2122=ORIENTED_EDGE('',*,*,#2121,.F.);
#2123=ORIENTED_EDGE('',*,*,#1813,.F.);
#2125=ORIENTED_EDGE('',*,*,#2124,.T.);
#2126=EDGE_LOOP('',(#2120,#2122,#2123,#2125));
#2127=FACE_OUTER_BOUND('',#2126,.F.);
#2128=ADVANCED_FACE('',(#2127),#2118,.F.);
#2129=CARTESIAN_POINT('',(7.25E1,-6.45E1,7.500000004053E-1));
#2130=DIRECTION('',(0.E0,0.E0,-1.E0));
#2131=DIRECTION('',(0.E0,-1.E0,0.E0));
#2132=AXIS2_PLACEMENT_3D('',#2129,#2130,#2131);
#2133=CONICAL_SURFACE('',#2132,2.249999999595E0,4.5E1);
#2134=ORIENTED_EDGE('',*,*,#1615,.T.);
#2136=ORIENTED_EDGE('',*,*,#2135,.T.);
#2137=ORIENTED_EDGE('',*,*,#2119,.F.);
#2139=ORIENTED_EDGE('',*,*,#2138,.F.);
#2140=EDGE_LOOP('',(#2134,#2136,#2137,#2139));
#2141=FACE_OUTER_BOUND('',#2140,.F.);
#2142=ADVANCED_FACE('',(#2141),#2133,.F.);
#2143=CARTESIAN_POINT('',(7.25E1,-6.45E1,7.500000004053E-1));
#2144=DIRECTION('',(0.E0,0.E0,-1.E0));
#2145=DIRECTION('',(0.E0,-1.E0,0.E0));
#2146=AXIS2_PLACEMENT_3D('',#2143,#2144,#2145);
#2147=CONICAL_SURFACE('',#2146,2.249999999595E0,4.5E1);
#2148=ORIENTED_EDGE('',*,*,#1613,.T.);
#2149=ORIENTED_EDGE('',*,*,#2138,.T.);
#2151=ORIENTED_EDGE('',*,*,#2150,.F.);
#2152=ORIENTED_EDGE('',*,*,#2135,.F.);
#2153=EDGE_LOOP('',(#2148,#2149,#2151,#2152));
#2154=FACE_OUTER_BOUND('',#2153,.F.);
#2155=ADVANCED_FACE('',(#2154),#2147,.F.);
#2156=CARTESIAN_POINT('',(7.25E1,-6.45E1,3.E0));
#2157=DIRECTION('',(0.E0,0.E0,1.E0));
#2158=DIRECTION('',(-1.E0,0.E0,0.E0));
#2159=AXIS2_PLACEMENT_3D('',#2156,#2157,#2158);
#2160=CYLINDRICAL_SURFACE('',#2159,1.5E0);
#2161=ORIENTED_EDGE('',*,*,#2150,.T.);
#2162=ORIENTED_EDGE('',*,*,#2124,.F.);
#2163=ORIENTED_EDGE('',*,*,#1815,.F.);
#2164=ORIENTED_EDGE('',*,*,#2121,.T.);
#2165=EDGE_LOOP('',(#2161,#2162,#2163,#2164));
#2166=FACE_OUTER_BOUND('',#2165,.F.);
#2167=ADVANCED_FACE('',(#2166),#2160,.F.);
#2168=CARTESIAN_POINT('',(-7.25E1,2.15E1,3.E0));
#2169=DIRECTION('',(0.E0,0.E0,1.E0));
#2170=DIRECTION('',(-1.E0,0.E0,0.E0));
#2171=AXIS2_PLACEMENT_3D('',#2168,#2169,#2170);
#2172=CYLINDRICAL_SURFACE('',#2171,1.5E0);
#2174=ORIENTED_EDGE('',*,*,#2173,.T.);
#2176=ORIENTED_EDGE('',*,*,#2175,.F.);
#2177=ORIENTED_EDGE('',*,*,#1819,.F.);
#2179=ORIENTED_EDGE('',*,*,#2178,.T.);
#2180=EDGE_LOOP('',(#2174,#2176,#2177,#2179));
#2181=FACE_OUTER_BOUND('',#2180,.F.);
#2182=ADVANCED_FACE('',(#2181),#2172,.F.);
#2183=CARTESIAN_POINT('',(-7.25E1,2.15E1,7.500000004053E-1));
#2184=DIRECTION('',(0.E0,0.E0,-1.E0));
#2185=DIRECTION('',(0.E0,-1.E0,0.E0));
#2186=AXIS2_PLACEMENT_3D('',#2183,#2184,#2185);
#2187=CONICAL_SURFACE('',#2186,2.249999999595E0,4.5E1);
#2188=ORIENTED_EDGE('',*,*,#1621,.T.);
#2190=ORIENTED_EDGE('',*,*,#2189,.T.);
#2191=ORIENTED_EDGE('',*,*,#2173,.F.);
#2193=ORIENTED_EDGE('',*,*,#2192,.F.);
#2194=EDGE_LOOP('',(#2188,#2190,#2191,#2193));
#2195=FACE_OUTER_BOUND('',#2194,.F.);
#2196=ADVANCED_FACE('',(#2195),#2187,.F.);
#2197=CARTESIAN_POINT('',(-7.25E1,2.15E1,7.500000004053E-1));
#2198=DIRECTION('',(0.E0,0.E0,-1.E0));
#2199=DIRECTION('',(0.E0,-1.E0,0.E0));
#2200=AXIS2_PLACEMENT_3D('',#2197,#2198,#2199);
#2201=CONICAL_SURFACE('',#2200,2.249999999595E0,4.5E1);
#2202=ORIENTED_EDGE('',*,*,#1619,.T.);
#2203=ORIENTED_EDGE('',*,*,#2192,.T.);
#2205=ORIENTED_EDGE('',*,*,#2204,.F.);
#2206=ORIENTED_EDGE('',*,*,#2189,.F.);
#2207=EDGE_LOOP('',(#2202,#2203,#2205,#2206));
#2208=FACE_OUTER_BOUND('',#2207,.F.);
#2209=ADVANCED_FACE('',(#2208),#2201,.F.);
#2210=CARTESIAN_POINT('',(-7.25E1,2.15E1,3.E0));
#2211=DIRECTION('',(0.E0,0.E0,1.E0));
#2212=DIRECTION('',(-1.E0,0.E0,0.E0));
#2213=AXIS2_PLACEMENT_3D('',#2210,#2211,#2212);
#2214=CYLINDRICAL_SURFACE('',#2213,1.5E0);
#2215=ORIENTED_EDGE('',*,*,#2204,.T.);
#2216=ORIENTED_EDGE('',*,*,#2178,.F.);
#2217=ORIENTED_EDGE('',*,*,#1821,.F.);
#2218=ORIENTED_EDGE('',*,*,#2175,.T.);
#2219=EDGE_LOOP('',(#2215,#2216,#2217,#2218));
#2220=FACE_OUTER_BOUND('',#2219,.F.);
#2221=ADVANCED_FACE('',(#2220),#2214,.F.);
#2222=CARTESIAN_POINT('',(-7.25E1,6.45E1,3.E0));
#2223=DIRECTION('',(0.E0,0.E0,1.E0));
#2224=DIRECTION('',(-1.E0,0.E0,0.E0));
#2225=AXIS2_PLACEMENT_3D('',#2222,#2223,#2224);
#2226=CYLINDRICAL_SURFACE('',#2225,1.5E0);
#2228=ORIENTED_EDGE('',*,*,#2227,.T.);
#2230=ORIENTED_EDGE('',*,*,#2229,.F.);
#2231=ORIENTED_EDGE('',*,*,#1825,.F.);
#2233=ORIENTED_EDGE('',*,*,#2232,.T.);
#2234=EDGE_LOOP('',(#2228,#2230,#2231,#2233));
#2235=FACE_OUTER_BOUND('',#2234,.F.);
#2236=ADVANCED_FACE('',(#2235),#2226,.F.);
#2237=CARTESIAN_POINT('',(-7.25E1,6.45E1,7.500000004053E-1));
#2238=DIRECTION('',(0.E0,0.E0,-1.E0));
#2239=DIRECTION('',(0.E0,-1.E0,0.E0));
#2240=AXIS2_PLACEMENT_3D('',#2237,#2238,#2239);
#2241=CONICAL_SURFACE('',#2240,2.249999999595E0,4.5E1);
#2242=ORIENTED_EDGE('',*,*,#1627,.T.);
#2244=ORIENTED_EDGE('',*,*,#2243,.T.);
#2245=ORIENTED_EDGE('',*,*,#2227,.F.);
#2247=ORIENTED_EDGE('',*,*,#2246,.F.);
#2248=EDGE_LOOP('',(#2242,#2244,#2245,#2247));
#2249=FACE_OUTER_BOUND('',#2248,.F.);
#2250=ADVANCED_FACE('',(#2249),#2241,.F.);
#2251=CARTESIAN_POINT('',(-7.25E1,6.45E1,7.500000004053E-1));
#2252=DIRECTION('',(0.E0,0.E0,-1.E0));
#2253=DIRECTION('',(0.E0,-1.E0,0.E0));
#2254=AXIS2_PLACEMENT_3D('',#2251,#2252,#2253);
#2255=CONICAL_SURFACE('',#2254,2.249999999595E0,4.5E1);
#2256=ORIENTED_EDGE('',*,*,#1625,.T.);
#2257=ORIENTED_EDGE('',*,*,#2246,.T.);
#2259=ORIENTED_EDGE('',*,*,#2258,.F.);
#2260=ORIENTED_EDGE('',*,*,#2243,.F.);
#2261=EDGE_LOOP('',(#2256,#2257,#2259,#2260));
#2262=FACE_OUTER_BOUND('',#2261,.F.);
#2263=ADVANCED_FACE('',(#2262),#2255,.F.);
#2264=CARTESIAN_POINT('',(-7.25E1,6.45E1,3.E0));
#2265=DIRECTION('',(0.E0,0.E0,1.E0));
#2266=DIRECTION('',(-1.E0,0.E0,0.E0));
#2267=AXIS2_PLACEMENT_3D('',#2264,#2265,#2266);
#2268=CYLINDRICAL_SURFACE('',#2267,1.5E0);
#2269=ORIENTED_EDGE('',*,*,#2258,.T.);
#2270=ORIENTED_EDGE('',*,*,#2232,.F.);
#2271=ORIENTED_EDGE('',*,*,#1827,.F.);
#2272=ORIENTED_EDGE('',*,*,#2229,.T.);
#2273=EDGE_LOOP('',(#2269,#2270,#2271,#2272));
#2274=FACE_OUTER_BOUND('',#2273,.F.);
#2275=ADVANCED_FACE('',(#2274),#2268,.F.);
#2276=CARTESIAN_POINT('',(-7.25E1,-2.15E1,3.E0));
#2277=DIRECTION('',(0.E0,0.E0,1.E0));
#2278=DIRECTION('',(-1.E0,0.E0,0.E0));
#2279=AXIS2_PLACEMENT_3D('',#2276,#2277,#2278);
#2280=CYLINDRICAL_SURFACE('',#2279,1.5E0);
#2282=ORIENTED_EDGE('',*,*,#2281,.T.);
#2284=ORIENTED_EDGE('',*,*,#2283,.F.);
#2285=ORIENTED_EDGE('',*,*,#1831,.F.);
#2287=ORIENTED_EDGE('',*,*,#2286,.T.);
#2288=EDGE_LOOP('',(#2282,#2284,#2285,#2287));
#2289=FACE_OUTER_BOUND('',#2288,.F.);
#2290=ADVANCED_FACE('',(#2289),#2280,.F.);
#2291=CARTESIAN_POINT('',(-7.25E1,-2.15E1,7.500000004053E-1));
#2292=DIRECTION('',(0.E0,0.E0,-1.E0));
#2293=DIRECTION('',(0.E0,-1.E0,0.E0));
#2294=AXIS2_PLACEMENT_3D('',#2291,#2292,#2293);
#2295=CONICAL_SURFACE('',#2294,2.249999999595E0,4.5E1);
#2296=ORIENTED_EDGE('',*,*,#1633,.T.);
#2298=ORIENTED_EDGE('',*,*,#2297,.T.);
#2299=ORIENTED_EDGE('',*,*,#2281,.F.);
#2301=ORIENTED_EDGE('',*,*,#2300,.F.);
#2302=EDGE_LOOP('',(#2296,#2298,#2299,#2301));
#2303=FACE_OUTER_BOUND('',#2302,.F.);
#2304=ADVANCED_FACE('',(#2303),#2295,.F.);
#2305=CARTESIAN_POINT('',(-7.25E1,-2.15E1,7.500000004053E-1));
#2306=DIRECTION('',(0.E0,0.E0,-1.E0));
#2307=DIRECTION('',(0.E0,-1.E0,0.E0));
#2308=AXIS2_PLACEMENT_3D('',#2305,#2306,#2307);
#2309=CONICAL_SURFACE('',#2308,2.249999999595E0,4.5E1);
#2310=ORIENTED_EDGE('',*,*,#1631,.T.);
#2311=ORIENTED_EDGE('',*,*,#2300,.T.);
#2313=ORIENTED_EDGE('',*,*,#2312,.F.);
#2314=ORIENTED_EDGE('',*,*,#2297,.F.);
#2315=EDGE_LOOP('',(#2310,#2311,#2313,#2314));
#2316=FACE_OUTER_BOUND('',#2315,.F.);
#2317=ADVANCED_FACE('',(#2316),#2309,.F.);
#2318=CARTESIAN_POINT('',(-7.25E1,-2.15E1,3.E0));
#2319=DIRECTION('',(0.E0,0.E0,1.E0));
#2320=DIRECTION('',(-1.E0,0.E0,0.E0));
#2321=AXIS2_PLACEMENT_3D('',#2318,#2319,#2320);
#2322=CYLINDRICAL_SURFACE('',#2321,1.5E0);
#2323=ORIENTED_EDGE('',*,*,#2312,.T.);
#2324=ORIENTED_EDGE('',*,*,#2286,.F.);
#2325=ORIENTED_EDGE('',*,*,#1833,.F.);
#2326=ORIENTED_EDGE('',*,*,#2283,.T.);
#2327=EDGE_LOOP('',(#2323,#2324,#2325,#2326));
#2328=FACE_OUTER_BOUND('',#2327,.F.);
#2329=ADVANCED_FACE('',(#2328),#2322,.F.);
#2330=CARTESIAN_POINT('',(-7.25E1,-6.45E1,3.E0));
#2331=DIRECTION('',(0.E0,0.E0,1.E0));
#2332=DIRECTION('',(-1.E0,0.E0,0.E0));
#2333=AXIS2_PLACEMENT_3D('',#2330,#2331,#2332);
#2334=CYLINDRICAL_SURFACE('',#2333,1.5E0);
#2336=ORIENTED_EDGE('',*,*,#2335,.T.);
#2338=ORIENTED_EDGE('',*,*,#2337,.F.);
#2339=ORIENTED_EDGE('',*,*,#1837,.F.);
#2341=ORIENTED_EDGE('',*,*,#2340,.T.);
#2342=EDGE_LOOP('',(#2336,#2338,#2339,#2341));
#2343=FACE_OUTER_BOUND('',#2342,.F.);
#2344=ADVANCED_FACE('',(#2343),#2334,.F.);
#2345=CARTESIAN_POINT('',(-7.25E1,-6.45E1,7.500000004053E-1));
#2346=DIRECTION('',(0.E0,0.E0,-1.E0));
#2347=DIRECTION('',(0.E0,-1.E0,0.E0));
#2348=AXIS2_PLACEMENT_3D('',#2345,#2346,#2347);
#2349=CONICAL_SURFACE('',#2348,2.249999999595E0,4.5E1);
#2350=ORIENTED_EDGE('',*,*,#1639,.T.);
#2352=ORIENTED_EDGE('',*,*,#2351,.T.);
#2353=ORIENTED_EDGE('',*,*,#2335,.F.);
#2355=ORIENTED_EDGE('',*,*,#2354,.F.);
#2356=EDGE_LOOP('',(#2350,#2352,#2353,#2355));
#2357=FACE_OUTER_BOUND('',#2356,.F.);
#2358=ADVANCED_FACE('',(#2357),#2349,.F.);
#2359=CARTESIAN_POINT('',(-7.25E1,-6.45E1,7.500000004053E-1));
#2360=DIRECTION('',(0.E0,0.E0,-1.E0));
#2361=DIRECTION('',(0.E0,-1.E0,0.E0));
#2362=AXIS2_PLACEMENT_3D('',#2359,#2360,#2361);
#2363=CONICAL_SURFACE('',#2362,2.249999999595E0,4.5E1);
#2364=ORIENTED_EDGE('',*,*,#1637,.T.);
#2365=ORIENTED_EDGE('',*,*,#2354,.T.);
#2367=ORIENTED_EDGE('',*,*,#2366,.F.);
#2368=ORIENTED_EDGE('',*,*,#2351,.F.);
#2369=EDGE_LOOP('',(#2364,#2365,#2367,#2368));
#2370=FACE_OUTER_BOUND('',#2369,.F.);
#2371=ADVANCED_FACE('',(#2370),#2363,.F.);
#2372=CARTESIAN_POINT('',(-7.25E1,-6.45E1,3.E0));
#2373=DIRECTION('',(0.E0,0.E0,1.E0));
#2374=DIRECTION('',(-1.E0,0.E0,0.E0));
#2375=AXIS2_PLACEMENT_3D('',#2372,#2373,#2374);
#2376=CYLINDRICAL_SURFACE('',#2375,1.5E0);
#2377=ORIENTED_EDGE('',*,*,#2366,.T.);
#2378=ORIENTED_EDGE('',*,*,#2340,.F.);
#2379=ORIENTED_EDGE('',*,*,#1839,.F.);
#2380=ORIENTED_EDGE('',*,*,#2337,.T.);
#2381=EDGE_LOOP('',(#2377,#2378,#2379,#2380));
#2382=FACE_OUTER_BOUND('',#2381,.F.);
#2383=ADVANCED_FACE('',(#2382),#2376,.F.);
#2384=CARTESIAN_POINT('',(-5.25E1,0.E0,3.E0));
#2385=DIRECTION('',(0.E0,0.E0,1.E0));
#2386=DIRECTION('',(1.E0,0.E0,0.E0));
#2387=AXIS2_PLACEMENT_3D('',#2384,#2385,#2386);
#2388=CYLINDRICAL_SURFACE('',#2387,1.5E0);
#2390=ORIENTED_EDGE('',*,*,#2389,.T.);
#2392=ORIENTED_EDGE('',*,*,#2391,.F.);
#2393=ORIENTED_EDGE('',*,*,#1849,.F.);
#2395=ORIENTED_EDGE('',*,*,#2394,.T.);
#2396=EDGE_LOOP('',(#2390,#2392,#2393,#2395));
#2397=FACE_OUTER_BOUND('',#2396,.F.);
#2398=ADVANCED_FACE('',(#2397),#2388,.F.);
#2399=CARTESIAN_POINT('',(-5.25E1,0.E0,7.500000004053E-1));
#2400=DIRECTION('',(0.E0,0.E0,-1.E0));
#2401=DIRECTION('',(0.E0,-1.E0,0.E0));
#2402=AXIS2_PLACEMENT_3D('',#2399,#2400,#2401);
#2403=CONICAL_SURFACE('',#2402,2.249999999595E0,4.5E1);
#2404=ORIENTED_EDGE('',*,*,#1555,.T.);
#2406=ORIENTED_EDGE('',*,*,#2405,.T.);
#2407=ORIENTED_EDGE('',*,*,#2389,.F.);
#2409=ORIENTED_EDGE('',*,*,#2408,.F.);
#2410=EDGE_LOOP('',(#2404,#2406,#2407,#2409));
#2411=FACE_OUTER_BOUND('',#2410,.F.);
#2412=ADVANCED_FACE('',(#2411),#2403,.F.);
#2413=CARTESIAN_POINT('',(-5.25E1,0.E0,7.500000004053E-1));
#2414=DIRECTION('',(0.E0,0.E0,-1.E0));
#2415=DIRECTION('',(0.E0,-1.E0,0.E0));
#2416=AXIS2_PLACEMENT_3D('',#2413,#2414,#2415);
#2417=CONICAL_SURFACE('',#2416,2.249999999595E0,4.5E1);
#2418=ORIENTED_EDGE('',*,*,#1553,.T.);
#2419=ORIENTED_EDGE('',*,*,#2408,.T.);
#2421=ORIENTED_EDGE('',*,*,#2420,.F.);
#2422=ORIENTED_EDGE('',*,*,#2405,.F.);
#2423=EDGE_LOOP('',(#2418,#2419,#2421,#2422));
#2424=FACE_OUTER_BOUND('',#2423,.F.);
#2425=ADVANCED_FACE('',(#2424),#2417,.F.);
#2426=CARTESIAN_POINT('',(-5.25E1,0.E0,3.E0));
#2427=DIRECTION('',(0.E0,0.E0,1.E0));
#2428=DIRECTION('',(1.E0,0.E0,0.E0));
#2429=AXIS2_PLACEMENT_3D('',#2426,#2427,#2428);
#2430=CYLINDRICAL_SURFACE('',#2429,1.5E0);
#2431=ORIENTED_EDGE('',*,*,#2420,.T.);
#2432=ORIENTED_EDGE('',*,*,#2394,.F.);
#2433=ORIENTED_EDGE('',*,*,#1851,.F.);
#2434=ORIENTED_EDGE('',*,*,#2391,.T.);
#2435=EDGE_LOOP('',(#2431,#2432,#2433,#2434));
#2436=FACE_OUTER_BOUND('',#2435,.F.);
#2437=ADVANCED_FACE('',(#2436),#2430,.F.);
#2438=CARTESIAN_POINT('',(5.25E1,0.E0,3.E0));
#2439=DIRECTION('',(0.E0,0.E0,1.E0));
#2440=DIRECTION('',(1.E0,0.E0,0.E0));
#2441=AXIS2_PLACEMENT_3D('',#2438,#2439,#2440);
#2442=CYLINDRICAL_SURFACE('',#2441,1.5E0);
#2444=ORIENTED_EDGE('',*,*,#2443,.T.);
#2446=ORIENTED_EDGE('',*,*,#2445,.F.);
#2447=ORIENTED_EDGE('',*,*,#1855,.F.);
#2449=ORIENTED_EDGE('',*,*,#2448,.T.);
#2450=EDGE_LOOP('',(#2444,#2446,#2447,#2449));
#2451=FACE_OUTER_BOUND('',#2450,.F.);
#2452=ADVANCED_FACE('',(#2451),#2442,.F.);
#2453=CARTESIAN_POINT('',(5.25E1,0.E0,7.500000004053E-1));
#2454=DIRECTION('',(0.E0,0.E0,-1.E0));
#2455=DIRECTION('',(0.E0,-1.E0,0.E0));
#2456=AXIS2_PLACEMENT_3D('',#2453,#2454,#2455);
#2457=CONICAL_SURFACE('',#2456,2.249999999595E0,4.5E1);
#2458=ORIENTED_EDGE('',*,*,#1561,.T.);
#2460=ORIENTED_EDGE('',*,*,#2459,.T.);
#2461=ORIENTED_EDGE('',*,*,#2443,.F.);
#2463=ORIENTED_EDGE('',*,*,#2462,.F.);
#2464=EDGE_LOOP('',(#2458,#2460,#2461,#2463));
#2465=FACE_OUTER_BOUND('',#2464,.F.);
#2466=ADVANCED_FACE('',(#2465),#2457,.F.);
#2467=CARTESIAN_POINT('',(5.25E1,0.E0,7.500000004053E-1));
#2468=DIRECTION('',(0.E0,0.E0,-1.E0));
#2469=DIRECTION('',(0.E0,-1.E0,0.E0));
#2470=AXIS2_PLACEMENT_3D('',#2467,#2468,#2469);
#2471=CONICAL_SURFACE('',#2470,2.249999999595E0,4.5E1);
#2472=ORIENTED_EDGE('',*,*,#1559,.T.);
#2473=ORIENTED_EDGE('',*,*,#2462,.T.);
#2475=ORIENTED_EDGE('',*,*,#2474,.F.);
#2476=ORIENTED_EDGE('',*,*,#2459,.F.);
#2477=EDGE_LOOP('',(#2472,#2473,#2475,#2476));
#2478=FACE_OUTER_BOUND('',#2477,.F.);
#2479=ADVANCED_FACE('',(#2478),#2471,.F.);
#2480=CARTESIAN_POINT('',(5.25E1,0.E0,3.E0));
#2481=DIRECTION('',(0.E0,0.E0,1.E0));
#2482=DIRECTION('',(1.E0,0.E0,0.E0));
#2483=AXIS2_PLACEMENT_3D('',#2480,#2481,#2482);
#2484=CYLINDRICAL_SURFACE('',#2483,1.5E0);
#2485=ORIENTED_EDGE('',*,*,#2474,.T.);
#2486=ORIENTED_EDGE('',*,*,#2448,.F.);
#2487=ORIENTED_EDGE('',*,*,#1857,.F.);
#2488=ORIENTED_EDGE('',*,*,#2445,.T.);
#2489=EDGE_LOOP('',(#2485,#2486,#2487,#2488));
#2490=FACE_OUTER_BOUND('',#2489,.F.);
#2491=ADVANCED_FACE('',(#2490),#2484,.F.);
#2492=CARTESIAN_POINT('',(0.E0,0.E0,3.E0));
#2493=DIRECTION('',(0.E0,0.E0,1.E0));
#2494=DIRECTION('',(1.E0,0.E0,0.E0));
#2495=AXIS2_PLACEMENT_3D('',#2492,#2493,#2494);
#2496=CYLINDRICAL_SURFACE('',#2495,1.5E0);
#2498=ORIENTED_EDGE('',*,*,#2497,.T.);
#2500=ORIENTED_EDGE('',*,*,#2499,.F.);
#2501=ORIENTED_EDGE('',*,*,#1861,.F.);
#2503=ORIENTED_EDGE('',*,*,#2502,.T.);
#2504=EDGE_LOOP('',(#2498,#2500,#2501,#2503));
#2505=FACE_OUTER_BOUND('',#2504,.F.);
#2506=ADVANCED_FACE('',(#2505),#2496,.F.);
#2507=CARTESIAN_POINT('',(0.E0,0.E0,7.500000004053E-1));
#2508=DIRECTION('',(0.E0,0.E0,-1.E0));
#2509=DIRECTION('',(0.E0,-1.E0,0.E0));
#2510=AXIS2_PLACEMENT_3D('',#2507,#2508,#2509);
#2511=CONICAL_SURFACE('',#2510,2.249999999595E0,4.5E1);
#2512=ORIENTED_EDGE('',*,*,#1567,.T.);
#2514=ORIENTED_EDGE('',*,*,#2513,.T.);
#2515=ORIENTED_EDGE('',*,*,#2497,.F.);
#2517=ORIENTED_EDGE('',*,*,#2516,.F.);
#2518=EDGE_LOOP('',(#2512,#2514,#2515,#2517));
#2519=FACE_OUTER_BOUND('',#2518,.F.);
#2520=ADVANCED_FACE('',(#2519),#2511,.F.);
#2521=CARTESIAN_POINT('',(0.E0,0.E0,7.500000004053E-1));
#2522=DIRECTION('',(0.E0,0.E0,-1.E0));
#2523=DIRECTION('',(0.E0,-1.E0,0.E0));
#2524=AXIS2_PLACEMENT_3D('',#2521,#2522,#2523);
#2525=CONICAL_SURFACE('',#2524,2.249999999595E0,4.5E1);
#2526=ORIENTED_EDGE('',*,*,#1565,.T.);
#2527=ORIENTED_EDGE('',*,*,#2516,.T.);
#2529=ORIENTED_EDGE('',*,*,#2528,.F.);
#2530=ORIENTED_EDGE('',*,*,#2513,.F.);
#2531=EDGE_LOOP('',(#2526,#2527,#2529,#2530));
#2532=FACE_OUTER_BOUND('',#2531,.F.);
#2533=ADVANCED_FACE('',(#2532),#2525,.F.);
#2534=CARTESIAN_POINT('',(0.E0,0.E0,3.E0));
#2535=DIRECTION('',(0.E0,0.E0,1.E0));
#2536=DIRECTION('',(1.E0,0.E0,0.E0));
#2537=AXIS2_PLACEMENT_3D('',#2534,#2535,#2536);
#2538=CYLINDRICAL_SURFACE('',#2537,1.5E0);
#2539=ORIENTED_EDGE('',*,*,#2528,.T.);
#2540=ORIENTED_EDGE('',*,*,#2502,.F.);
#2541=ORIENTED_EDGE('',*,*,#1863,.F.);
#2542=ORIENTED_EDGE('',*,*,#2499,.T.);
#2543=EDGE_LOOP('',(#2539,#2540,#2541,#2542));
#2544=FACE_OUTER_BOUND('',#2543,.F.);
#2545=ADVANCED_FACE('',(#2544),#2538,.F.);
#2546=CARTESIAN_POINT('',(-1.6E1,-4.75E1,3.E0));
#2547=DIRECTION('',(0.E0,0.E0,1.E0));
#2548=DIRECTION('',(0.E0,1.E0,0.E0));
#2549=AXIS2_PLACEMENT_3D('',#2546,#2547,#2548);
#2550=CYLINDRICAL_SURFACE('',#2549,1.5E0);
#2552=ORIENTED_EDGE('',*,*,#2551,.T.);
#2554=ORIENTED_EDGE('',*,*,#2553,.F.);
#2555=ORIENTED_EDGE('',*,*,#1867,.F.);
#2557=ORIENTED_EDGE('',*,*,#2556,.T.);
#2558=EDGE_LOOP('',(#2552,#2554,#2555,#2557));
#2559=FACE_OUTER_BOUND('',#2558,.F.);
#2560=ADVANCED_FACE('',(#2559),#2550,.F.);
#2561=CARTESIAN_POINT('',(-1.6E1,-4.75E1,7.500000004053E-1));
#2562=DIRECTION('',(0.E0,0.E0,-1.E0));
#2563=DIRECTION('',(0.E0,-1.E0,0.E0));
#2564=AXIS2_PLACEMENT_3D('',#2561,#2562,#2563);
#2565=CONICAL_SURFACE('',#2564,2.249999999595E0,4.5E1);
#2566=ORIENTED_EDGE('',*,*,#1669,.T.);
#2568=ORIENTED_EDGE('',*,*,#2567,.T.);
#2569=ORIENTED_EDGE('',*,*,#2551,.F.);
#2571=ORIENTED_EDGE('',*,*,#2570,.F.);
#2572=EDGE_LOOP('',(#2566,#2568,#2569,#2571));
#2573=FACE_OUTER_BOUND('',#2572,.F.);
#2574=ADVANCED_FACE('',(#2573),#2565,.F.);
#2575=CARTESIAN_POINT('',(-1.6E1,-4.75E1,7.500000004053E-1));
#2576=DIRECTION('',(0.E0,0.E0,-1.E0));
#2577=DIRECTION('',(0.E0,-1.E0,0.E0));
#2578=AXIS2_PLACEMENT_3D('',#2575,#2576,#2577);
#2579=CONICAL_SURFACE('',#2578,2.249999999595E0,4.5E1);
#2580=ORIENTED_EDGE('',*,*,#1667,.T.);
#2581=ORIENTED_EDGE('',*,*,#2570,.T.);
#2583=ORIENTED_EDGE('',*,*,#2582,.F.);
#2584=ORIENTED_EDGE('',*,*,#2567,.F.);
#2585=EDGE_LOOP('',(#2580,#2581,#2583,#2584));
#2586=FACE_OUTER_BOUND('',#2585,.F.);
#2587=ADVANCED_FACE('',(#2586),#2579,.F.);
#2588=CARTESIAN_POINT('',(-1.6E1,-4.75E1,3.E0));
#2589=DIRECTION('',(0.E0,0.E0,1.E0));
#2590=DIRECTION('',(0.E0,1.E0,0.E0));
#2591=AXIS2_PLACEMENT_3D('',#2588,#2589,#2590);
#2592=CYLINDRICAL_SURFACE('',#2591,1.5E0);
#2593=ORIENTED_EDGE('',*,*,#2582,.T.);
#2594=ORIENTED_EDGE('',*,*,#2556,.F.);
#2595=ORIENTED_EDGE('',*,*,#1869,.F.);
#2596=ORIENTED_EDGE('',*,*,#2553,.T.);
#2597=EDGE_LOOP('',(#2593,#2594,#2595,#2596));
#2598=FACE_OUTER_BOUND('',#2597,.F.);
#2599=ADVANCED_FACE('',(#2598),#2592,.F.);
#2600=CARTESIAN_POINT('',(1.6E1,-4.75E1,3.E0));
#2601=DIRECTION('',(0.E0,0.E0,1.E0));
#2602=DIRECTION('',(0.E0,1.E0,0.E0));
#2603=AXIS2_PLACEMENT_3D('',#2600,#2601,#2602);
#2604=CYLINDRICAL_SURFACE('',#2603,1.5E0);
#2606=ORIENTED_EDGE('',*,*,#2605,.T.);
#2608=ORIENTED_EDGE('',*,*,#2607,.F.);
#2609=ORIENTED_EDGE('',*,*,#1873,.F.);
#2611=ORIENTED_EDGE('',*,*,#2610,.T.);
#2612=EDGE_LOOP('',(#2606,#2608,#2609,#2611));
#2613=FACE_OUTER_BOUND('',#2612,.F.);
#2614=ADVANCED_FACE('',(#2613),#2604,.F.);
#2615=CARTESIAN_POINT('',(1.6E1,-4.75E1,7.500000004053E-1));
#2616=DIRECTION('',(0.E0,0.E0,-1.E0));
#2617=DIRECTION('',(0.E0,-1.E0,0.E0));
#2618=AXIS2_PLACEMENT_3D('',#2615,#2616,#2617);
#2619=CONICAL_SURFACE('',#2618,2.249999999595E0,4.5E1);
#2620=ORIENTED_EDGE('',*,*,#1549,.T.);
#2622=ORIENTED_EDGE('',*,*,#2621,.T.);
#2623=ORIENTED_EDGE('',*,*,#2605,.F.);
#2625=ORIENTED_EDGE('',*,*,#2624,.F.);
#2626=EDGE_LOOP('',(#2620,#2622,#2623,#2625));
#2627=FACE_OUTER_BOUND('',#2626,.F.);
#2628=ADVANCED_FACE('',(#2627),#2619,.F.);
#2629=CARTESIAN_POINT('',(1.6E1,-4.75E1,7.500000004053E-1));
#2630=DIRECTION('',(0.E0,0.E0,-1.E0));
#2631=DIRECTION('',(0.E0,-1.E0,0.E0));
#2632=AXIS2_PLACEMENT_3D('',#2629,#2630,#2631);
#2633=CONICAL_SURFACE('',#2632,2.249999999595E0,4.5E1);
#2634=ORIENTED_EDGE('',*,*,#1547,.T.);
#2635=ORIENTED_EDGE('',*,*,#2624,.T.);
#2637=ORIENTED_EDGE('',*,*,#2636,.F.);
#2638=ORIENTED_EDGE('',*,*,#2621,.F.);
#2639=EDGE_LOOP('',(#2634,#2635,#2637,#2638));
#2640=FACE_OUTER_BOUND('',#2639,.F.);
#2641=ADVANCED_FACE('',(#2640),#2633,.F.);
#2642=CARTESIAN_POINT('',(1.6E1,-4.75E1,3.E0));
#2643=DIRECTION('',(0.E0,0.E0,1.E0));
#2644=DIRECTION('',(0.E0,1.E0,0.E0));
#2645=AXIS2_PLACEMENT_3D('',#2642,#2643,#2644);
#2646=CYLINDRICAL_SURFACE('',#2645,1.5E0);
#2647=ORIENTED_EDGE('',*,*,#2636,.T.);
#2648=ORIENTED_EDGE('',*,*,#2610,.F.);
#2649=ORIENTED_EDGE('',*,*,#1875,.F.);
#2650=ORIENTED_EDGE('',*,*,#2607,.T.);
#2651=EDGE_LOOP('',(#2647,#2648,#2649,#2650));
#2652=FACE_OUTER_BOUND('',#2651,.F.);
#2653=ADVANCED_FACE('',(#2652),#2646,.F.);
#2654=CARTESIAN_POINT('',(2.58E1,6.53E1,3.E0));
#2655=DIRECTION('',(0.E0,0.E0,1.E0));
#2656=DIRECTION('',(-1.E0,0.E0,0.E0));
#2657=AXIS2_PLACEMENT_3D('',#2654,#2655,#2656);
#2658=CYLINDRICAL_SURFACE('',#2657,1.5E0);
#2659=ORIENTED_EDGE('',*,*,#1523,.T.);
#2661=ORIENTED_EDGE('',*,*,#2660,.F.);
#2662=ORIENTED_EDGE('',*,*,#1879,.F.);
#2664=ORIENTED_EDGE('',*,*,#2663,.T.);
#2665=EDGE_LOOP('',(#2659,#2661,#2662,#2664));
#2666=FACE_OUTER_BOUND('',#2665,.F.);
#2667=ADVANCED_FACE('',(#2666),#2658,.F.);
#2668=CARTESIAN_POINT('',(2.58E1,6.53E1,3.E0));
#2669=DIRECTION('',(0.E0,0.E0,1.E0));
#2670=DIRECTION('',(-1.E0,0.E0,0.E0));
#2671=AXIS2_PLACEMENT_3D('',#2668,#2669,#2670);
#2672=CYLINDRICAL_SURFACE('',#2671,1.5E0);
#2673=ORIENTED_EDGE('',*,*,#1525,.T.);
#2674=ORIENTED_EDGE('',*,*,#2663,.F.);
#2675=ORIENTED_EDGE('',*,*,#1881,.F.);
#2676=ORIENTED_EDGE('',*,*,#2660,.T.);
#2677=EDGE_LOOP('',(#2673,#2674,#2675,#2676));
#2678=FACE_OUTER_BOUND('',#2677,.F.);
#2679=ADVANCED_FACE('',(#2678),#2672,.F.);
#2680=CARTESIAN_POINT('',(2.58E1,2.93E1,3.E0));
#2681=DIRECTION('',(0.E0,0.E0,1.E0));
#2682=DIRECTION('',(-1.E0,0.E0,0.E0));
#2683=AXIS2_PLACEMENT_3D('',#2680,#2681,#2682);
#2684=CYLINDRICAL_SURFACE('',#2683,1.5E0);
#2685=ORIENTED_EDGE('',*,*,#1529,.T.);
#2687=ORIENTED_EDGE('',*,*,#2686,.F.);
#2688=ORIENTED_EDGE('',*,*,#1885,.F.);
#2690=ORIENTED_EDGE('',*,*,#2689,.T.);
#2691=EDGE_LOOP('',(#2685,#2687,#2688,#2690));
#2692=FACE_OUTER_BOUND('',#2691,.F.);
#2693=ADVANCED_FACE('',(#2692),#2684,.F.);
#2694=CARTESIAN_POINT('',(2.58E1,2.93E1,3.E0));
#2695=DIRECTION('',(0.E0,0.E0,1.E0));
#2696=DIRECTION('',(-1.E0,0.E0,0.E0));
#2697=AXIS2_PLACEMENT_3D('',#2694,#2695,#2696);
#2698=CYLINDRICAL_SURFACE('',#2697,1.5E0);
#2699=ORIENTED_EDGE('',*,*,#1531,.T.);
#2700=ORIENTED_EDGE('',*,*,#2689,.F.);
#2701=ORIENTED_EDGE('',*,*,#1887,.F.);
#2702=ORIENTED_EDGE('',*,*,#2686,.T.);
#2703=EDGE_LOOP('',(#2699,#2700,#2701,#2702));
#2704=FACE_OUTER_BOUND('',#2703,.F.);
#2705=ADVANCED_FACE('',(#2704),#2698,.F.);
#2706=CARTESIAN_POINT('',(-1.02E1,6.53E1,3.E0));
#2707=DIRECTION('',(0.E0,0.E0,1.E0));
#2708=DIRECTION('',(-1.E0,0.E0,0.E0));
#2709=AXIS2_PLACEMENT_3D('',#2706,#2707,#2708);
#2710=CYLINDRICAL_SURFACE('',#2709,1.5E0);
#2711=ORIENTED_EDGE('',*,*,#1535,.T.);
#2713=ORIENTED_EDGE('',*,*,#2712,.F.);
#2714=ORIENTED_EDGE('',*,*,#1891,.F.);
#2716=ORIENTED_EDGE('',*,*,#2715,.T.);
#2717=EDGE_LOOP('',(#2711,#2713,#2714,#2716));
#2718=FACE_OUTER_BOUND('',#2717,.F.);
#2719=ADVANCED_FACE('',(#2718),#2710,.F.);
#2720=CARTESIAN_POINT('',(-1.02E1,6.53E1,3.E0));
#2721=DIRECTION('',(0.E0,0.E0,1.E0));
#2722=DIRECTION('',(-1.E0,0.E0,0.E0));
#2723=AXIS2_PLACEMENT_3D('',#2720,#2721,#2722);
#2724=CYLINDRICAL_SURFACE('',#2723,1.5E0);
#2725=ORIENTED_EDGE('',*,*,#1537,.T.);
#2726=ORIENTED_EDGE('',*,*,#2715,.F.);
#2727=ORIENTED_EDGE('',*,*,#1893,.F.);
#2728=ORIENTED_EDGE('',*,*,#2712,.T.);
#2729=EDGE_LOOP('',(#2725,#2726,#2727,#2728));
#2730=FACE_OUTER_BOUND('',#2729,.F.);
#2731=ADVANCED_FACE('',(#2730),#2724,.F.);
#2732=CARTESIAN_POINT('',(-1.02E1,2.93E1,3.E0));
#2733=DIRECTION('',(0.E0,0.E0,1.E0));
#2734=DIRECTION('',(-1.E0,0.E0,0.E0));
#2735=AXIS2_PLACEMENT_3D('',#2732,#2733,#2734);
#2736=CYLINDRICAL_SURFACE('',#2735,1.5E0);
#2737=ORIENTED_EDGE('',*,*,#1541,.T.);
#2739=ORIENTED_EDGE('',*,*,#2738,.F.);
#2740=ORIENTED_EDGE('',*,*,#1897,.F.);
#2742=ORIENTED_EDGE('',*,*,#2741,.T.);
#2743=EDGE_LOOP('',(#2737,#2739,#2740,#2742));
#2744=FACE_OUTER_BOUND('',#2743,.F.);
#2745=ADVANCED_FACE('',(#2744),#2736,.F.);
#2746=CARTESIAN_POINT('',(-1.02E1,2.93E1,3.E0));
#2747=DIRECTION('',(0.E0,0.E0,1.E0));
#2748=DIRECTION('',(-1.E0,0.E0,0.E0));
#2749=AXIS2_PLACEMENT_3D('',#2746,#2747,#2748);
#2750=CYLINDRICAL_SURFACE('',#2749,1.5E0);
#2751=ORIENTED_EDGE('',*,*,#1543,.T.);
#2752=ORIENTED_EDGE('',*,*,#2741,.F.);
#2753=ORIENTED_EDGE('',*,*,#1899,.F.);
#2754=ORIENTED_EDGE('',*,*,#2738,.T.);
#2755=EDGE_LOOP('',(#2751,#2752,#2753,#2754));
#2756=FACE_OUTER_BOUND('',#2755,.F.);
#2757=ADVANCED_FACE('',(#2756),#2750,.F.);
#2758=CARTESIAN_POINT('',(3.5E1,6.6E1,3.E0));
#2759=DIRECTION('',(0.E0,0.E0,1.E0));
#2760=DIRECTION('',(-1.E0,0.E0,0.E0));
#2761=AXIS2_PLACEMENT_3D('',#2758,#2759,#2760);
#2762=CYLINDRICAL_SURFACE('',#2761,1.5E0);
#2764=ORIENTED_EDGE('',*,*,#2763,.T.);
#2766=ORIENTED_EDGE('',*,*,#2765,.F.);
#2767=ORIENTED_EDGE('',*,*,#1903,.F.);
#2769=ORIENTED_EDGE('',*,*,#2768,.T.);
#2770=EDGE_LOOP('',(#2764,#2766,#2767,#2769));
#2771=FACE_OUTER_BOUND('',#2770,.F.);
#2772=ADVANCED_FACE('',(#2771),#2762,.F.);
#2773=CARTESIAN_POINT('',(3.5E1,6.6E1,7.500000004053E-1));
#2774=DIRECTION('',(0.E0,0.E0,-1.E0));
#2775=DIRECTION('',(0.E0,-1.E0,0.E0));
#2776=AXIS2_PLACEMENT_3D('',#2773,#2774,#2775);
#2777=CONICAL_SURFACE('',#2776,2.249999999595E0,4.5E1);
#2778=ORIENTED_EDGE('',*,*,#1645,.T.);
#2780=ORIENTED_EDGE('',*,*,#2779,.T.);
#2781=ORIENTED_EDGE('',*,*,#2763,.F.);
#2783=ORIENTED_EDGE('',*,*,#2782,.F.);
#2784=EDGE_LOOP('',(#2778,#2780,#2781,#2783));
#2785=FACE_OUTER_BOUND('',#2784,.F.);
#2786=ADVANCED_FACE('',(#2785),#2777,.F.);
#2787=CARTESIAN_POINT('',(3.5E1,6.6E1,7.500000004053E-1));
#2788=DIRECTION('',(0.E0,0.E0,-1.E0));
#2789=DIRECTION('',(0.E0,-1.E0,0.E0));
#2790=AXIS2_PLACEMENT_3D('',#2787,#2788,#2789);
#2791=CONICAL_SURFACE('',#2790,2.249999999595E0,4.5E1);
#2792=ORIENTED_EDGE('',*,*,#1643,.T.);
#2793=ORIENTED_EDGE('',*,*,#2782,.T.);
#2795=ORIENTED_EDGE('',*,*,#2794,.F.);
#2796=ORIENTED_EDGE('',*,*,#2779,.F.);
#2797=EDGE_LOOP('',(#2792,#2793,#2795,#2796));
#2798=FACE_OUTER_BOUND('',#2797,.F.);
#2799=ADVANCED_FACE('',(#2798),#2791,.F.);
#2800=CARTESIAN_POINT('',(3.5E1,6.6E1,3.E0));
#2801=DIRECTION('',(0.E0,0.E0,1.E0));
#2802=DIRECTION('',(-1.E0,0.E0,0.E0));
#2803=AXIS2_PLACEMENT_3D('',#2800,#2801,#2802);
#2804=CYLINDRICAL_SURFACE('',#2803,1.5E0);
#2805=ORIENTED_EDGE('',*,*,#2794,.T.);
#2806=ORIENTED_EDGE('',*,*,#2768,.F.);
#2807=ORIENTED_EDGE('',*,*,#1905,.F.);
#2808=ORIENTED_EDGE('',*,*,#2765,.T.);
#2809=EDGE_LOOP('',(#2805,#2806,#2807,#2808));
#2810=FACE_OUTER_BOUND('',#2809,.F.);
#2811=ADVANCED_FACE('',(#2810),#2804,.F.);
#2812=CARTESIAN_POINT('',(-3.5E1,6.6E1,3.E0));
#2813=DIRECTION('',(0.E0,0.E0,1.E0));
#2814=DIRECTION('',(-1.E0,0.E0,0.E0));
#2815=AXIS2_PLACEMENT_3D('',#2812,#2813,#2814);
#2816=CYLINDRICAL_SURFACE('',#2815,1.5E0);
#2818=ORIENTED_EDGE('',*,*,#2817,.T.);
#2820=ORIENTED_EDGE('',*,*,#2819,.F.);
#2821=ORIENTED_EDGE('',*,*,#1909,.F.);
#2823=ORIENTED_EDGE('',*,*,#2822,.T.);
#2824=EDGE_LOOP('',(#2818,#2820,#2821,#2823));
#2825=FACE_OUTER_BOUND('',#2824,.F.);
#2826=ADVANCED_FACE('',(#2825),#2816,.F.);
#2827=CARTESIAN_POINT('',(-3.5E1,6.6E1,7.500000004053E-1));
#2828=DIRECTION('',(0.E0,0.E0,-1.E0));
#2829=DIRECTION('',(0.E0,-1.E0,0.E0));
#2830=AXIS2_PLACEMENT_3D('',#2827,#2828,#2829);
#2831=CONICAL_SURFACE('',#2830,2.249999999595E0,4.5E1);
#2832=ORIENTED_EDGE('',*,*,#1651,.T.);
#2834=ORIENTED_EDGE('',*,*,#2833,.T.);
#2835=ORIENTED_EDGE('',*,*,#2817,.F.);
#2837=ORIENTED_EDGE('',*,*,#2836,.F.);
#2838=EDGE_LOOP('',(#2832,#2834,#2835,#2837));
#2839=FACE_OUTER_BOUND('',#2838,.F.);
#2840=ADVANCED_FACE('',(#2839),#2831,.F.);
#2841=CARTESIAN_POINT('',(-3.5E1,6.6E1,7.500000004053E-1));
#2842=DIRECTION('',(0.E0,0.E0,-1.E0));
#2843=DIRECTION('',(0.E0,-1.E0,0.E0));
#2844=AXIS2_PLACEMENT_3D('',#2841,#2842,#2843);
#2845=CONICAL_SURFACE('',#2844,2.249999999595E0,4.5E1);
#2846=ORIENTED_EDGE('',*,*,#1649,.T.);
#2847=ORIENTED_EDGE('',*,*,#2836,.T.);
#2849=ORIENTED_EDGE('',*,*,#2848,.F.);
#2850=ORIENTED_EDGE('',*,*,#2833,.F.);
#2851=EDGE_LOOP('',(#2846,#2847,#2849,#2850));
#2852=FACE_OUTER_BOUND('',#2851,.F.);
#2853=ADVANCED_FACE('',(#2852),#2845,.F.);
#2854=CARTESIAN_POINT('',(-3.5E1,6.6E1,3.E0));
#2855=DIRECTION('',(0.E0,0.E0,1.E0));
#2856=DIRECTION('',(-1.E0,0.E0,0.E0));
#2857=AXIS2_PLACEMENT_3D('',#2854,#2855,#2856);
#2858=CYLINDRICAL_SURFACE('',#2857,1.5E0);
#2859=ORIENTED_EDGE('',*,*,#2848,.T.);
#2860=ORIENTED_EDGE('',*,*,#2822,.F.);
#2861=ORIENTED_EDGE('',*,*,#1911,.F.);
#2862=ORIENTED_EDGE('',*,*,#2819,.T.);
#2863=EDGE_LOOP('',(#2859,#2860,#2861,#2862));
#2864=FACE_OUTER_BOUND('',#2863,.F.);
#2865=ADVANCED_FACE('',(#2864),#2858,.F.);
#2866=CARTESIAN_POINT('',(3.5E1,-6.6E1,3.E0));
#2867=DIRECTION('',(0.E0,0.E0,1.E0));
#2868=DIRECTION('',(-1.E0,0.E0,0.E0));
#2869=AXIS2_PLACEMENT_3D('',#2866,#2867,#2868);
#2870=CYLINDRICAL_SURFACE('',#2869,1.5E0);
#2872=ORIENTED_EDGE('',*,*,#2871,.T.);
#2874=ORIENTED_EDGE('',*,*,#2873,.F.);
#2875=ORIENTED_EDGE('',*,*,#1915,.F.);
#2877=ORIENTED_EDGE('',*,*,#2876,.T.);
#2878=EDGE_LOOP('',(#2872,#2874,#2875,#2877));
#2879=FACE_OUTER_BOUND('',#2878,.F.);
#2880=ADVANCED_FACE('',(#2879),#2870,.F.);
#2881=CARTESIAN_POINT('',(3.5E1,-6.6E1,7.500000004053E-1));
#2882=DIRECTION('',(0.E0,0.E0,-1.E0));
#2883=DIRECTION('',(0.E0,-1.E0,0.E0));
#2884=AXIS2_PLACEMENT_3D('',#2881,#2882,#2883);
#2885=CONICAL_SURFACE('',#2884,2.249999999595E0,4.5E1);
#2886=ORIENTED_EDGE('',*,*,#1657,.T.);
#2888=ORIENTED_EDGE('',*,*,#2887,.T.);
#2889=ORIENTED_EDGE('',*,*,#2871,.F.);
#2891=ORIENTED_EDGE('',*,*,#2890,.F.);
#2892=EDGE_LOOP('',(#2886,#2888,#2889,#2891));
#2893=FACE_OUTER_BOUND('',#2892,.F.);
#2894=ADVANCED_FACE('',(#2893),#2885,.F.);
#2895=CARTESIAN_POINT('',(3.5E1,-6.6E1,7.500000004053E-1));
#2896=DIRECTION('',(0.E0,0.E0,-1.E0));
#2897=DIRECTION('',(0.E0,-1.E0,0.E0));
#2898=AXIS2_PLACEMENT_3D('',#2895,#2896,#2897);
#2899=CONICAL_SURFACE('',#2898,2.249999999595E0,4.5E1);
#2900=ORIENTED_EDGE('',*,*,#1655,.T.);
#2901=ORIENTED_EDGE('',*,*,#2890,.T.);
#2903=ORIENTED_EDGE('',*,*,#2902,.F.);
#2904=ORIENTED_EDGE('',*,*,#2887,.F.);
#2905=EDGE_LOOP('',(#2900,#2901,#2903,#2904));
#2906=FACE_OUTER_BOUND('',#2905,.F.);
#2907=ADVANCED_FACE('',(#2906),#2899,.F.);
#2908=CARTESIAN_POINT('',(3.5E1,-6.6E1,3.E0));
#2909=DIRECTION('',(0.E0,0.E0,1.E0));
#2910=DIRECTION('',(-1.E0,0.E0,0.E0));
#2911=AXIS2_PLACEMENT_3D('',#2908,#2909,#2910);
#2912=CYLINDRICAL_SURFACE('',#2911,1.5E0);
#2913=ORIENTED_EDGE('',*,*,#2902,.T.);
#2914=ORIENTED_EDGE('',*,*,#2876,.F.);
#2915=ORIENTED_EDGE('',*,*,#1917,.F.);
#2916=ORIENTED_EDGE('',*,*,#2873,.T.);
#2917=EDGE_LOOP('',(#2913,#2914,#2915,#2916));
#2918=FACE_OUTER_BOUND('',#2917,.F.);
#2919=ADVANCED_FACE('',(#2918),#2912,.F.);
#2920=CARTESIAN_POINT('',(-3.5E1,-6.6E1,3.E0));
#2921=DIRECTION('',(0.E0,0.E0,1.E0));
#2922=DIRECTION('',(-1.E0,0.E0,0.E0));
#2923=AXIS2_PLACEMENT_3D('',#2920,#2921,#2922);
#2924=CYLINDRICAL_SURFACE('',#2923,1.5E0);
#2926=ORIENTED_EDGE('',*,*,#2925,.T.);
#2928=ORIENTED_EDGE('',*,*,#2927,.F.);
#2929=ORIENTED_EDGE('',*,*,#1921,.F.);
#2931=ORIENTED_EDGE('',*,*,#2930,.T.);
#2932=EDGE_LOOP('',(#2926,#2928,#2929,#2931));
#2933=FACE_OUTER_BOUND('',#2932,.F.);
#2934=ADVANCED_FACE('',(#2933),#2924,.F.);
#2935=CARTESIAN_POINT('',(-3.5E1,-6.6E1,7.500000004053E-1));
#2936=DIRECTION('',(0.E0,0.E0,-1.E0));
#2937=DIRECTION('',(0.E0,-1.E0,0.E0));
#2938=AXIS2_PLACEMENT_3D('',#2935,#2936,#2937);
#2939=CONICAL_SURFACE('',#2938,2.249999999595E0,4.5E1);
#2940=ORIENTED_EDGE('',*,*,#1663,.T.);
#2942=ORIENTED_EDGE('',*,*,#2941,.T.);
#2943=ORIENTED_EDGE('',*,*,#2925,.F.);
#2945=ORIENTED_EDGE('',*,*,#2944,.F.);
#2946=EDGE_LOOP('',(#2940,#2942,#2943,#2945));
#2947=FACE_OUTER_BOUND('',#2946,.F.);
#2948=ADVANCED_FACE('',(#2947),#2939,.F.);
#2949=CARTESIAN_POINT('',(-3.5E1,-6.6E1,7.500000004053E-1));
#2950=DIRECTION('',(0.E0,0.E0,-1.E0));
#2951=DIRECTION('',(0.E0,-1.E0,0.E0));
#2952=AXIS2_PLACEMENT_3D('',#2949,#2950,#2951);
#2953=CONICAL_SURFACE('',#2952,2.249999999595E0,4.5E1);
#2954=ORIENTED_EDGE('',*,*,#1661,.T.);
#2955=ORIENTED_EDGE('',*,*,#2944,.T.);
#2957=ORIENTED_EDGE('',*,*,#2956,.F.);
#2958=ORIENTED_EDGE('',*,*,#2941,.F.);
#2959=EDGE_LOOP('',(#2954,#2955,#2957,#2958));
#2960=FACE_OUTER_BOUND('',#2959,.F.);
#2961=ADVANCED_FACE('',(#2960),#2953,.F.);
#2962=CARTESIAN_POINT('',(-3.5E1,-6.6E1,3.E0));
#2963=DIRECTION('',(0.E0,0.E0,1.E0));
#2964=DIRECTION('',(-1.E0,0.E0,0.E0));
#2965=AXIS2_PLACEMENT_3D('',#2962,#2963,#2964);
#2966=CYLINDRICAL_SURFACE('',#2965,1.5E0);
#2967=ORIENTED_EDGE('',*,*,#2956,.T.);
#2968=ORIENTED_EDGE('',*,*,#2930,.F.);
#2969=ORIENTED_EDGE('',*,*,#1923,.F.);
#2970=ORIENTED_EDGE('',*,*,#2927,.T.);
#2971=EDGE_LOOP('',(#2967,#2968,#2969,#2970));
#2972=FACE_OUTER_BOUND('',#2971,.F.);
#2973=ADVANCED_FACE('',(#2972),#2966,.F.);
#2974=CARTESIAN_POINT('',(-2.6E1,-1.85E1,3.E0));
#2975=DIRECTION('',(0.E0,0.E0,1.E0));
#2976=DIRECTION('',(0.E0,1.E0,0.E0));
#2977=AXIS2_PLACEMENT_3D('',#2974,#2975,#2976);
#2978=CYLINDRICAL_SURFACE('',#2977,1.5E0);
#2980=ORIENTED_EDGE('',*,*,#2979,.T.);
#2982=ORIENTED_EDGE('',*,*,#2981,.F.);
#2983=ORIENTED_EDGE('',*,*,#1927,.F.);
#2985=ORIENTED_EDGE('',*,*,#2984,.T.);
#2986=EDGE_LOOP('',(#2980,#2982,#2983,#2985));
#2987=FACE_OUTER_BOUND('',#2986,.F.);
#2988=ADVANCED_FACE('',(#2987),#2978,.F.);
#2989=CARTESIAN_POINT('',(-2.6E1,-1.85E1,7.500000004053E-1));
#2990=DIRECTION('',(0.E0,0.E0,-1.E0));
#2991=DIRECTION('',(0.E0,-1.E0,0.E0));
#2992=AXIS2_PLACEMENT_3D('',#2989,#2990,#2991);
#2993=CONICAL_SURFACE('',#2992,2.249999999595E0,4.5E1);
#2994=ORIENTED_EDGE('',*,*,#1571,.T.);
#2996=ORIENTED_EDGE('',*,*,#2995,.T.);
#2997=ORIENTED_EDGE('',*,*,#2979,.F.);
#2999=ORIENTED_EDGE('',*,*,#2998,.F.);
#3000=EDGE_LOOP('',(#2994,#2996,#2997,#2999));
#3001=FACE_OUTER_BOUND('',#3000,.F.);
#3002=ADVANCED_FACE('',(#3001),#2993,.F.);
#3003=CARTESIAN_POINT('',(-2.6E1,-1.85E1,7.500000004053E-1));
#3004=DIRECTION('',(0.E0,0.E0,-1.E0));
#3005=DIRECTION('',(0.E0,-1.E0,0.E0));
#3006=AXIS2_PLACEMENT_3D('',#3003,#3004,#3005);
#3007=CONICAL_SURFACE('',#3006,2.249999999595E0,4.5E1);
#3008=ORIENTED_EDGE('',*,*,#1573,.T.);
#3009=ORIENTED_EDGE('',*,*,#2998,.T.);
#3011=ORIENTED_EDGE('',*,*,#3010,.F.);
#3012=ORIENTED_EDGE('',*,*,#2995,.F.);
#3013=EDGE_LOOP('',(#3008,#3009,#3011,#3012));
#3014=FACE_OUTER_BOUND('',#3013,.F.);
#3015=ADVANCED_FACE('',(#3014),#3007,.F.);
#3016=CARTESIAN_POINT('',(-2.6E1,-1.85E1,3.E0));
#3017=DIRECTION('',(0.E0,0.E0,1.E0));
#3018=DIRECTION('',(0.E0,1.E0,0.E0));
#3019=AXIS2_PLACEMENT_3D('',#3016,#3017,#3018);
#3020=CYLINDRICAL_SURFACE('',#3019,1.5E0);
#3021=ORIENTED_EDGE('',*,*,#3010,.T.);
#3022=ORIENTED_EDGE('',*,*,#2984,.F.);
#3023=ORIENTED_EDGE('',*,*,#1929,.F.);
#3024=ORIENTED_EDGE('',*,*,#2981,.T.);
#3025=EDGE_LOOP('',(#3021,#3022,#3023,#3024));
#3026=FACE_OUTER_BOUND('',#3025,.F.);
#3027=ADVANCED_FACE('',(#3026),#3020,.F.);
#3028=CARTESIAN_POINT('',(-2.6E1,1.85E1,3.E0));
#3029=DIRECTION('',(0.E0,0.E0,1.E0));
#3030=DIRECTION('',(0.E0,1.E0,0.E0));
#3031=AXIS2_PLACEMENT_3D('',#3028,#3029,#3030);
#3032=CYLINDRICAL_SURFACE('',#3031,1.5E0);
#3034=ORIENTED_EDGE('',*,*,#3033,.T.);
#3036=ORIENTED_EDGE('',*,*,#3035,.F.);
#3037=ORIENTED_EDGE('',*,*,#1933,.F.);
#3039=ORIENTED_EDGE('',*,*,#3038,.T.);
#3040=EDGE_LOOP('',(#3034,#3036,#3037,#3039));
#3041=FACE_OUTER_BOUND('',#3040,.F.);
#3042=ADVANCED_FACE('',(#3041),#3032,.F.);
#3043=CARTESIAN_POINT('',(-2.6E1,1.85E1,7.500000004053E-1));
#3044=DIRECTION('',(0.E0,0.E0,-1.E0));
#3045=DIRECTION('',(0.E0,-1.E0,0.E0));
#3046=AXIS2_PLACEMENT_3D('',#3043,#3044,#3045);
#3047=CONICAL_SURFACE('',#3046,2.249999999595E0,4.5E1);
#3048=ORIENTED_EDGE('',*,*,#1579,.T.);
#3050=ORIENTED_EDGE('',*,*,#3049,.T.);
#3051=ORIENTED_EDGE('',*,*,#3033,.F.);
#3053=ORIENTED_EDGE('',*,*,#3052,.F.);
#3054=EDGE_LOOP('',(#3048,#3050,#3051,#3053));
#3055=FACE_OUTER_BOUND('',#3054,.F.);
#3056=ADVANCED_FACE('',(#3055),#3047,.F.);
#3057=CARTESIAN_POINT('',(-2.6E1,1.85E1,7.500000004053E-1));
#3058=DIRECTION('',(0.E0,0.E0,-1.E0));
#3059=DIRECTION('',(0.E0,-1.E0,0.E0));
#3060=AXIS2_PLACEMENT_3D('',#3057,#3058,#3059);
#3061=CONICAL_SURFACE('',#3060,2.249999999595E0,4.5E1);
#3062=ORIENTED_EDGE('',*,*,#1577,.T.);
#3063=ORIENTED_EDGE('',*,*,#3052,.T.);
#3065=ORIENTED_EDGE('',*,*,#3064,.F.);
#3066=ORIENTED_EDGE('',*,*,#3049,.F.);
#3067=EDGE_LOOP('',(#3062,#3063,#3065,#3066));
#3068=FACE_OUTER_BOUND('',#3067,.F.);
#3069=ADVANCED_FACE('',(#3068),#3061,.F.);
#3070=CARTESIAN_POINT('',(-2.6E1,1.85E1,3.E0));
#3071=DIRECTION('',(0.E0,0.E0,1.E0));
#3072=DIRECTION('',(0.E0,1.E0,0.E0));
#3073=AXIS2_PLACEMENT_3D('',#3070,#3071,#3072);
#3074=CYLINDRICAL_SURFACE('',#3073,1.5E0);
#3075=ORIENTED_EDGE('',*,*,#3064,.T.);
#3076=ORIENTED_EDGE('',*,*,#3038,.F.);
#3077=ORIENTED_EDGE('',*,*,#1935,.F.);
#3078=ORIENTED_EDGE('',*,*,#3035,.T.);
#3079=EDGE_LOOP('',(#3075,#3076,#3077,#3078));
#3080=FACE_OUTER_BOUND('',#3079,.F.);
#3081=ADVANCED_FACE('',(#3080),#3074,.F.);
#3082=CARTESIAN_POINT('',(2.6E1,1.85E1,3.E0));
#3083=DIRECTION('',(0.E0,0.E0,1.E0));
#3084=DIRECTION('',(0.E0,1.E0,0.E0));
#3085=AXIS2_PLACEMENT_3D('',#3082,#3083,#3084);
#3086=CYLINDRICAL_SURFACE('',#3085,1.5E0);
#3088=ORIENTED_EDGE('',*,*,#3087,.T.);
#3090=ORIENTED_EDGE('',*,*,#3089,.F.);
#3091=ORIENTED_EDGE('',*,*,#1939,.F.);
#3093=ORIENTED_EDGE('',*,*,#3092,.T.);
#3094=EDGE_LOOP('',(#3088,#3090,#3091,#3093));
#3095=FACE_OUTER_BOUND('',#3094,.F.);
#3096=ADVANCED_FACE('',(#3095),#3086,.F.);
#3097=CARTESIAN_POINT('',(2.6E1,1.85E1,7.500000004053E-1));
#3098=DIRECTION('',(0.E0,0.E0,-1.E0));
#3099=DIRECTION('',(0.E0,-1.E0,0.E0));
#3100=AXIS2_PLACEMENT_3D('',#3097,#3098,#3099);
#3101=CONICAL_SURFACE('',#3100,2.249999999595E0,4.5E1);
#3102=ORIENTED_EDGE('',*,*,#1585,.T.);
#3104=ORIENTED_EDGE('',*,*,#3103,.T.);
#3105=ORIENTED_EDGE('',*,*,#3087,.F.);
#3107=ORIENTED_EDGE('',*,*,#3106,.F.);
#3108=EDGE_LOOP('',(#3102,#3104,#3105,#3107));
#3109=FACE_OUTER_BOUND('',#3108,.F.);
#3110=ADVANCED_FACE('',(#3109),#3101,.F.);
#3111=CARTESIAN_POINT('',(2.6E1,1.85E1,7.500000004053E-1));
#3112=DIRECTION('',(0.E0,0.E0,-1.E0));
#3113=DIRECTION('',(0.E0,-1.E0,0.E0));
#3114=AXIS2_PLACEMENT_3D('',#3111,#3112,#3113);
#3115=CONICAL_SURFACE('',#3114,2.249999999595E0,4.5E1);
#3116=ORIENTED_EDGE('',*,*,#1583,.T.);
#3117=ORIENTED_EDGE('',*,*,#3106,.T.);
#3119=ORIENTED_EDGE('',*,*,#3118,.F.);
#3120=ORIENTED_EDGE('',*,*,#3103,.F.);
#3121=EDGE_LOOP('',(#3116,#3117,#3119,#3120));
#3122=FACE_OUTER_BOUND('',#3121,.F.);
#3123=ADVANCED_FACE('',(#3122),#3115,.F.);
#3124=CARTESIAN_POINT('',(2.6E1,1.85E1,3.E0));
#3125=DIRECTION('',(0.E0,0.E0,1.E0));
#3126=DIRECTION('',(0.E0,1.E0,0.E0));
#3127=AXIS2_PLACEMENT_3D('',#3124,#3125,#3126);
#3128=CYLINDRICAL_SURFACE('',#3127,1.5E0);
#3129=ORIENTED_EDGE('',*,*,#3118,.T.);
#3130=ORIENTED_EDGE('',*,*,#3092,.F.);
#3131=ORIENTED_EDGE('',*,*,#1941,.F.);
#3132=ORIENTED_EDGE('',*,*,#3089,.T.);
#3133=EDGE_LOOP('',(#3129,#3130,#3131,#3132));
#3134=FACE_OUTER_BOUND('',#3133,.F.);
#3135=ADVANCED_FACE('',(#3134),#3128,.F.);
#3136=CARTESIAN_POINT('',(2.6E1,-1.85E1,3.E0));
#3137=DIRECTION('',(0.E0,0.E0,1.E0));
#3138=DIRECTION('',(0.E0,1.E0,0.E0));
#3139=AXIS2_PLACEMENT_3D('',#3136,#3137,#3138);
#3140=CYLINDRICAL_SURFACE('',#3139,1.5E0);
#3142=ORIENTED_EDGE('',*,*,#3141,.T.);
#3144=ORIENTED_EDGE('',*,*,#3143,.F.);
#3145=ORIENTED_EDGE('',*,*,#1945,.F.);
#3147=ORIENTED_EDGE('',*,*,#3146,.T.);
#3148=EDGE_LOOP('',(#3142,#3144,#3145,#3147));
#3149=FACE_OUTER_BOUND('',#3148,.F.);
#3150=ADVANCED_FACE('',(#3149),#3140,.F.);
#3151=CARTESIAN_POINT('',(2.6E1,-1.85E1,7.500000004053E-1));
#3152=DIRECTION('',(0.E0,0.E0,-1.E0));
#3153=DIRECTION('',(0.E0,-1.E0,0.E0));
#3154=AXIS2_PLACEMENT_3D('',#3151,#3152,#3153);
#3155=CONICAL_SURFACE('',#3154,2.249999999595E0,4.5E1);
#3156=ORIENTED_EDGE('',*,*,#1591,.T.);
#3158=ORIENTED_EDGE('',*,*,#3157,.T.);
#3159=ORIENTED_EDGE('',*,*,#3141,.F.);
#3161=ORIENTED_EDGE('',*,*,#3160,.F.);
#3162=EDGE_LOOP('',(#3156,#3158,#3159,#3161));
#3163=FACE_OUTER_BOUND('',#3162,.F.);
#3164=ADVANCED_FACE('',(#3163),#3155,.F.);
#3165=CARTESIAN_POINT('',(2.6E1,-1.85E1,7.500000004053E-1));
#3166=DIRECTION('',(0.E0,0.E0,-1.E0));
#3167=DIRECTION('',(0.E0,-1.E0,0.E0));
#3168=AXIS2_PLACEMENT_3D('',#3165,#3166,#3167);
#3169=CONICAL_SURFACE('',#3168,2.249999999595E0,4.5E1);
#3170=ORIENTED_EDGE('',*,*,#1589,.T.);
#3171=ORIENTED_EDGE('',*,*,#3160,.T.);
#3173=ORIENTED_EDGE('',*,*,#3172,.F.);
#3174=ORIENTED_EDGE('',*,*,#3157,.F.);
#3175=EDGE_LOOP('',(#3170,#3171,#3173,#3174));
#3176=FACE_OUTER_BOUND('',#3175,.F.);
#3177=ADVANCED_FACE('',(#3176),#3169,.F.);
#3178=CARTESIAN_POINT('',(2.6E1,-1.85E1,3.E0));
#3179=DIRECTION('',(0.E0,0.E0,1.E0));
#3180=DIRECTION('',(0.E0,1.E0,0.E0));
#3181=AXIS2_PLACEMENT_3D('',#3178,#3179,#3180);
#3182=CYLINDRICAL_SURFACE('',#3181,1.5E0);
#3183=ORIENTED_EDGE('',*,*,#3172,.T.);
#3184=ORIENTED_EDGE('',*,*,#3146,.F.);
#3185=ORIENTED_EDGE('',*,*,#1947,.F.);
#3186=ORIENTED_EDGE('',*,*,#3143,.T.);
#3187=EDGE_LOOP('',(#3183,#3184,#3185,#3186));
#3188=FACE_OUTER_BOUND('',#3187,.F.);
#3189=ADVANCED_FACE('',(#3188),#3182,.F.);
#3193=DIMENSIONAL_EXPONENTS(0.E0,0.E0,0.E0,0.E0,0.E0,0.E0,0.E0);
#3195=PLANE_ANGLE_MEASURE_WITH_UNIT(PLANE_ANGLE_MEASURE(1.745329251994E-2),
#3194);
#3196=(CONVERSION_BASED_UNIT('DEGREE',#3195)NAMED_UNIT(*)PLANE_ANGLE_UNIT());
#3198=UNCERTAINTY_MEASURE_WITH_UNIT(LENGTH_MEASURE(2.380204138948E-2),#3192,
'closure',
'Maximum model space distance between geometric entities at asserted connectivities');
#3199=(GEOMETRIC_REPRESENTATION_CONTEXT(3)GLOBAL_UNCERTAINTY_ASSIGNED_CONTEXT((
#3198))GLOBAL_UNIT_ASSIGNED_CONTEXT((#3192,#3196,#3197))REPRESENTATION_CONTEXT(
'ID1','3'));
#3201=APPLICATION_CONTEXT(
'CONFIGURATION CONTROLLED 3D DESIGNS OF MECHANICAL PARTS AND ASSEMBLIES');
#3202=APPLICATION_PROTOCOL_DEFINITION('international standard',
'config_control_design',1994,#3201);
#3203=DESIGN_CONTEXT('',#3201,'design');
#3204=MECHANICAL_CONTEXT('',#3201,'mechanical');
#3205=PRODUCT('DIBAN-1','DIBAN-1','NOT SPECIFIED',(#3204));
#3206=PRODUCT_DEFINITION_FORMATION_WITH_SPECIFIED_SOURCE('11','LAST_VERSION',
#3205,.MADE.);
#3210=PRODUCT_CATEGORY('part','');
#3211=PRODUCT_RELATED_PRODUCT_CATEGORY('detail','',(#3205));
#3212=PRODUCT_CATEGORY_RELATIONSHIP('','',#3210,#3211);
#3213=SECURITY_CLASSIFICATION_LEVEL('unclassified');
#3214=SECURITY_CLASSIFICATION('','',#3213);
#3215=CC_DESIGN_SECURITY_CLASSIFICATION(#3214,(#3206));
#3216=APPROVAL_STATUS('approved');
#3217=APPROVAL(#3216,'');
#3218=CC_DESIGN_APPROVAL(#3217,(#3214,#3206,#3207));
#3219=CALENDAR_DATE(124,8,4);
#3220=COORDINATED_UNIVERSAL_TIME_OFFSET(8,0,.AHEAD.);
#3221=LOCAL_TIME(14,32,1.2E1,#3220);
#3222=DATE_AND_TIME(#3219,#3221);
#3223=APPROVAL_DATE_TIME(#3222,#3217);
#3224=DATE_TIME_ROLE('creation_date');
#3225=CC_DESIGN_DATE_AND_TIME_ASSIGNMENT(#3222,#3224,(#3207));
#3226=DATE_TIME_ROLE('classification_date');
#3227=CC_DESIGN_DATE_AND_TIME_ASSIGNMENT(#3222,#3226,(#3214));
#3228=PERSON('UNSPECIFIED','UNSPECIFIED',$,$,$,$);
#3229=ORGANIZATION('UNSPECIFIED','UNSPECIFIED','UNSPECIFIED');
#3230=PERSON_AND_ORGANIZATION(#3228,#3229);
#3231=APPROVAL_ROLE('approver');
#3232=APPROVAL_PERSON_ORGANIZATION(#3230,#3217,#3231);
#3233=PERSON_AND_ORGANIZATION_ROLE('creator');
#3234=CC_DESIGN_PERSON_AND_ORGANIZATION_ASSIGNMENT(#3230,#3233,(#3206,#3207));
#3235=PERSON_AND_ORGANIZATION_ROLE('design_supplier');
#3236=CC_DESIGN_PERSON_AND_ORGANIZATION_ASSIGNMENT(#3230,#3235,(#3206));
#3237=PERSON_AND_ORGANIZATION_ROLE('classification_officer');
#3238=CC_DESIGN_PERSON_AND_ORGANIZATION_ASSIGNMENT(#3230,#3237,(#3214));
#3239=PERSON_AND_ORGANIZATION_ROLE('design_owner');
#3240=CC_DESIGN_PERSON_AND_ORGANIZATION_ASSIGNMENT(#3230,#3239,(#3205));
#6=CIRCLE('',#5,1.E0);
#15=CIRCLE('',#14,1.E0);
#24=CIRCLE('',#23,1.E0);
#33=CIRCLE('',#32,1.E0);
#42=CIRCLE('',#41,1.5E0);
#47=CIRCLE('',#46,1.5E0);
#52=CIRCLE('',#51,1.5E0);
#57=CIRCLE('',#56,1.5E0);
#62=CIRCLE('',#61,1.5E0);
#67=CIRCLE('',#66,1.5E0);
#72=CIRCLE('',#71,1.5E0);
#77=CIRCLE('',#76,1.5E0);
#82=CIRCLE('',#81,3.E0);
#87=CIRCLE('',#86,3.E0);
#92=CIRCLE('',#91,3.E0);
#97=CIRCLE('',#96,3.E0);
#102=CIRCLE('',#101,3.E0);
#107=CIRCLE('',#106,3.E0);
#112=CIRCLE('',#111,3.E0);
#117=CIRCLE('',#116,3.E0);
#122=CIRCLE('',#121,3.E0);
#127=CIRCLE('',#126,3.E0);
#132=CIRCLE('',#131,3.E0);
#137=CIRCLE('',#136,3.E0);
#142=CIRCLE('',#141,3.E0);
#147=CIRCLE('',#146,3.E0);
#152=CIRCLE('',#151,3.E0);
#157=CIRCLE('',#156,3.E0);
#162=CIRCLE('',#161,3.E0);
#167=CIRCLE('',#166,3.E0);
#172=CIRCLE('',#171,3.E0);
#177=CIRCLE('',#176,3.E0);
#182=CIRCLE('',#181,3.E0);
#187=CIRCLE('',#186,3.E0);
#192=CIRCLE('',#191,3.E0);
#197=CIRCLE('',#196,3.E0);
#202=CIRCLE('',#201,3.E0);
#207=CIRCLE('',#206,3.E0);
#212=CIRCLE('',#211,3.E0);
#217=CIRCLE('',#216,3.E0);
#222=CIRCLE('',#221,3.E0);
#227=CIRCLE('',#226,3.E0);
#232=CIRCLE('',#231,3.E0);
#237=CIRCLE('',#236,3.E0);
#242=CIRCLE('',#241,3.E0);
#247=CIRCLE('',#246,3.E0);
#252=CIRCLE('',#251,3.E0);
#257=CIRCLE('',#256,3.E0);
#262=CIRCLE('',#261,3.E0);
#267=CIRCLE('',#266,3.E0);
#272=CIRCLE('',#271,3.E0);
#277=CIRCLE('',#276,3.E0);
#282=CIRCLE('',#281,3.E0);
#287=CIRCLE('',#286,3.E0);
#324=CIRCLE('',#323,1.5E0);
#329=CIRCLE('',#328,1.5E0);
#334=CIRCLE('',#333,1.5E0);
#339=CIRCLE('',#338,1.5E0);
#344=CIRCLE('',#343,1.5E0);
#349=CIRCLE('',#348,1.5E0);
#354=CIRCLE('',#353,1.5E0);
#359=CIRCLE('',#358,1.5E0);
#364=CIRCLE('',#363,1.5E0);
#369=CIRCLE('',#368,1.5E0);
#374=CIRCLE('',#373,1.5E0);
#379=CIRCLE('',#378,1.5E0);
#384=CIRCLE('',#383,1.5E0);
#389=CIRCLE('',#388,1.5E0);
#394=CIRCLE('',#393,1.5E0);
#399=CIRCLE('',#398,1.5E0);
#404=CIRCLE('',#403,1.E0);
#413=CIRCLE('',#412,1.E0);
#422=CIRCLE('',#421,1.E0);
#431=CIRCLE('',#430,1.E0);
#440=CIRCLE('',#439,1.5E0);
#445=CIRCLE('',#444,1.5E0);
#450=CIRCLE('',#449,1.5E0);
#455=CIRCLE('',#454,1.5E0);
#460=CIRCLE('',#459,1.5E0);
#465=CIRCLE('',#464,1.5E0);
#470=CIRCLE('',#469,1.5E0);
#475=CIRCLE('',#474,1.5E0);
#480=CIRCLE('',#479,1.5E0);
#485=CIRCLE('',#484,1.5E0);
#490=CIRCLE('',#489,1.5E0);
#495=CIRCLE('',#494,1.5E0);
#500=CIRCLE('',#499,1.5E0);
#505=CIRCLE('',#504,1.5E0);
#510=CIRCLE('',#509,1.5E0);
#515=CIRCLE('',#514,1.5E0);
#520=CIRCLE('',#519,1.5E0);
#525=CIRCLE('',#524,1.5E0);
#530=CIRCLE('',#529,1.5E0);
#535=CIRCLE('',#534,1.5E0);
#540=CIRCLE('',#539,1.5E0);
#545=CIRCLE('',#544,1.5E0);
#550=CIRCLE('',#549,1.5E0);
#555=CIRCLE('',#554,1.5E0);
#560=CIRCLE('',#559,1.5E0);
#565=CIRCLE('',#564,1.5E0);
#570=CIRCLE('',#569,1.5E0);
#575=CIRCLE('',#574,1.5E0);
#580=CIRCLE('',#579,1.5E0);
#585=CIRCLE('',#584,1.5E0);
#590=CIRCLE('',#589,1.5E0);
#595=CIRCLE('',#594,1.5E0);
#600=CIRCLE('',#599,1.5E0);
#605=CIRCLE('',#604,1.5E0);
#610=CIRCLE('',#609,1.5E0);
#627=CIRCLE('',#626,1.5E0);
#636=CIRCLE('',#635,1.5E0);
#653=CIRCLE('',#652,1.5E0);
#662=CIRCLE('',#661,1.5E0);
#679=CIRCLE('',#678,1.5E0);
#688=CIRCLE('',#687,1.5E0);
#705=CIRCLE('',#704,1.5E0);
#714=CIRCLE('',#713,1.5E0);
#731=CIRCLE('',#730,1.5E0);
#740=CIRCLE('',#739,1.5E0);
#757=CIRCLE('',#756,1.5E0);
#766=CIRCLE('',#765,1.5E0);
#783=CIRCLE('',#782,1.5E0);
#792=CIRCLE('',#791,1.5E0);
#809=CIRCLE('',#808,1.5E0);
#818=CIRCLE('',#817,1.5E0);
#835=CIRCLE('',#834,1.5E0);
#844=CIRCLE('',#843,1.5E0);
#861=CIRCLE('',#860,1.5E0);
#870=CIRCLE('',#869,1.5E0);
#887=CIRCLE('',#886,1.5E0);
#896=CIRCLE('',#895,1.5E0);
#913=CIRCLE('',#912,1.5E0);
#922=CIRCLE('',#921,1.5E0);
#939=CIRCLE('',#938,1.5E0);
#980=CIRCLE('',#979,1.5E0);
#997=CIRCLE('',#996,1.5E0);
#1006=CIRCLE('',#1005,1.5E0);
#1023=CIRCLE('',#1022,1.5E0);
#1032=CIRCLE('',#1031,1.5E0);
#1049=CIRCLE('',#1048,1.5E0);
#1058=CIRCLE('',#1057,1.5E0);
#1075=CIRCLE('',#1074,1.5E0);
#1084=CIRCLE('',#1083,1.5E0);
#1101=CIRCLE('',#1100,1.5E0);
#1110=CIRCLE('',#1109,1.5E0);
#1127=CIRCLE('',#1126,1.5E0);
#1136=CIRCLE('',#1135,1.5E0);
#1153=CIRCLE('',#1152,1.5E0);
#1162=CIRCLE('',#1161,1.5E0);
#1179=CIRCLE('',#1178,1.5E0);
#1505=EDGE_CURVE('',#1218,#1219,#6,.T.);
#1507=EDGE_CURVE('',#1218,#1227,#10,.T.);
#1509=EDGE_CURVE('',#1226,#1227,#15,.T.);
#1511=EDGE_CURVE('',#1226,#1235,#19,.T.);
#1513=EDGE_CURVE('',#1234,#1235,#24,.T.);
#1515=EDGE_CURVE('',#1234,#1243,#28,.T.);
#1517=EDGE_CURVE('',#1242,#1243,#33,.T.);
#1519=EDGE_CURVE('',#1242,#1219,#37,.T.);
#1523=EDGE_CURVE('',#1270,#1271,#42,.T.);
#1525=EDGE_CURVE('',#1271,#1270,#47,.T.);
#1529=EDGE_CURVE('',#1274,#1275,#52,.T.);
#1531=EDGE_CURVE('',#1275,#1274,#57,.T.);
#1535=EDGE_CURVE('',#1286,#1287,#62,.T.);
#1537=EDGE_CURVE('',#1287,#1286,#67,.T.);
#1541=EDGE_CURVE('',#1290,#1291,#72,.T.);
#1543=EDGE_CURVE('',#1291,#1290,#77,.T.);
#1547=EDGE_CURVE('',#1334,#1335,#82,.T.);
#1549=EDGE_CURVE('',#1335,#1334,#87,.T.);
#1553=EDGE_CURVE('',#1342,#1343,#92,.T.);
#1555=EDGE_CURVE('',#1343,#1342,#97,.T.);
#1559=EDGE_CURVE('',#1350,#1351,#102,.T.);
#1561=EDGE_CURVE('',#1351,#1350,#107,.T.);
#1565=EDGE_CURVE('',#1358,#1359,#112,.T.);
#1567=EDGE_CURVE('',#1359,#1358,#117,.T.);
#1571=EDGE_CURVE('',#1366,#1367,#122,.T.);
#1573=EDGE_CURVE('',#1367,#1366,#127,.T.);
#1577=EDGE_CURVE('',#1374,#1375,#132,.T.);
#1579=EDGE_CURVE('',#1375,#1374,#137,.T.);
#1583=EDGE_CURVE('',#1382,#1383,#142,.T.);
#1585=EDGE_CURVE('',#1383,#1382,#147,.T.);
#1589=EDGE_CURVE('',#1390,#1391,#152,.T.);
#1591=EDGE_CURVE('',#1391,#1390,#157,.T.);
#1595=EDGE_CURVE('',#1398,#1399,#162,.T.);
#1597=EDGE_CURVE('',#1399,#1398,#167,.T.);
#1601=EDGE_CURVE('',#1406,#1407,#172,.T.);
#1603=EDGE_CURVE('',#1407,#1406,#177,.T.);
#1607=EDGE_CURVE('',#1414,#1415,#182,.T.);
#1609=EDGE_CURVE('',#1415,#1414,#187,.T.);
#1613=EDGE_CURVE('',#1422,#1423,#192,.T.);
#1615=EDGE_CURVE('',#1423,#1422,#197,.T.);
#1619=EDGE_CURVE('',#1430,#1431,#202,.T.);
#1621=EDGE_CURVE('',#1431,#1430,#207,.T.);
#1625=EDGE_CURVE('',#1438,#1439,#212,.T.);
#1627=EDGE_CURVE('',#1439,#1438,#217,.T.);
#1631=EDGE_CURVE('',#1446,#1447,#222,.T.);
#1633=EDGE_CURVE('',#1447,#1446,#227,.T.);
#1637=EDGE_CURVE('',#1454,#1455,#232,.T.);
#1639=EDGE_CURVE('',#1455,#1454,#237,.T.);
#1643=EDGE_CURVE('',#1462,#1463,#242,.T.);
#1645=EDGE_CURVE('',#1463,#1462,#247,.T.);
#1649=EDGE_CURVE('',#1470,#1471,#252,.T.);
#1651=EDGE_CURVE('',#1471,#1470,#257,.T.);
#1655=EDGE_CURVE('',#1478,#1479,#262,.T.);
#1657=EDGE_CURVE('',#1479,#1478,#267,.T.);
#1661=EDGE_CURVE('',#1486,#1487,#272,.T.);
#1663=EDGE_CURVE('',#1487,#1486,#277,.T.);
#1667=EDGE_CURVE('',#1494,#1495,#282,.T.);
#1669=EDGE_CURVE('',#1495,#1494,#287,.T.);
#1680=EDGE_CURVE('',#1221,#1219,#291,.T.);
#1682=EDGE_CURVE('',#1221,#1223,#404,.T.);
#1684=EDGE_CURVE('',#1223,#1218,#315,.T.);
#1696=EDGE_CURVE('',#1247,#1242,#295,.T.);
#1698=EDGE_CURVE('',#1247,#1221,#408,.T.);
#1709=EDGE_CURVE('',#1245,#1243,#303,.T.);
#1711=EDGE_CURVE('',#1245,#1247,#413,.T.);
#1722=EDGE_CURVE('',#1239,#1234,#299,.T.);
#1724=EDGE_CURVE('',#1239,#1245,#417,.T.);
#1737=EDGE_CURVE('',#1237,#1235,#311,.T.);
#1739=EDGE_CURVE('',#1237,#1239,#422,.T.);
#1750=EDGE_CURVE('',#1231,#1226,#307,.T.);
#1752=EDGE_CURVE('',#1231,#1237,#426,.T.);
#1765=EDGE_CURVE('',#1229,#1227,#319,.T.);
#1767=EDGE_CURVE('',#1229,#1231,#431,.T.);
#1779=EDGE_CURVE('',#1223,#1229,#435,.T.);
#1801=EDGE_CURVE('',#1190,#1191,#334,.T.);
#1803=EDGE_CURVE('',#1191,#1190,#339,.T.);
#1807=EDGE_CURVE('',#1194,#1195,#344,.T.);
#1809=EDGE_CURVE('',#1195,#1194,#349,.T.);
#1813=EDGE_CURVE('',#1198,#1199,#354,.T.);
#1815=EDGE_CURVE('',#1199,#1198,#359,.T.);
#1819=EDGE_CURVE('',#1202,#1203,#364,.T.);
#1821=EDGE_CURVE('',#1203,#1202,#369,.T.);
#1825=EDGE_CURVE('',#1206,#1207,#374,.T.);
#1827=EDGE_CURVE('',#1207,#1206,#379,.T.);
#1831=EDGE_CURVE('',#1210,#1211,#384,.T.);
#1833=EDGE_CURVE('',#1211,#1210,#389,.T.);
#1837=EDGE_CURVE('',#1214,#1215,#394,.T.);
#1839=EDGE_CURVE('',#1215,#1214,#399,.T.);
#1843=EDGE_CURVE('',#1186,#1187,#324,.T.);
#1845=EDGE_CURVE('',#1187,#1186,#329,.T.);
#1849=EDGE_CURVE('',#1250,#1251,#440,.T.);
#1851=EDGE_CURVE('',#1251,#1250,#445,.T.);
#1855=EDGE_CURVE('',#1254,#1255,#450,.T.);
#1857=EDGE_CURVE('',#1255,#1254,#455,.T.);
#1861=EDGE_CURVE('',#1258,#1259,#460,.T.);
#1863=EDGE_CURVE('',#1259,#1258,#465,.T.);
#1867=EDGE_CURVE('',#1262,#1263,#470,.T.);
#1869=EDGE_CURVE('',#1263,#1262,#475,.T.);
#1873=EDGE_CURVE('',#1266,#1267,#480,.T.);
#1875=EDGE_CURVE('',#1267,#1266,#485,.T.);
#1879=EDGE_CURVE('',#1278,#1279,#490,.T.);
#1881=EDGE_CURVE('',#1279,#1278,#495,.T.);
#1885=EDGE_CURVE('',#1282,#1283,#500,.T.);
#1887=EDGE_CURVE('',#1283,#1282,#505,.T.);
#1891=EDGE_CURVE('',#1294,#1295,#510,.T.);
#1893=EDGE_CURVE('',#1295,#1294,#515,.T.);
#1897=EDGE_CURVE('',#1298,#1299,#520,.T.);
#1899=EDGE_CURVE('',#1299,#1298,#525,.T.);
#1903=EDGE_CURVE('',#1302,#1303,#530,.T.);
#1905=EDGE_CURVE('',#1303,#1302,#535,.T.);
#1909=EDGE_CURVE('',#1306,#1307,#540,.T.);
#1911=EDGE_CURVE('',#1307,#1306,#545,.T.);
#1915=EDGE_CURVE('',#1310,#1311,#550,.T.);
#1917=EDGE_CURVE('',#1311,#1310,#555,.T.);
#1921=EDGE_CURVE('',#1314,#1315,#560,.T.);
#1923=EDGE_CURVE('',#1315,#1314,#565,.T.);
#1927=EDGE_CURVE('',#1318,#1319,#570,.T.);
#1929=EDGE_CURVE('',#1319,#1318,#575,.T.);
#1933=EDGE_CURVE('',#1322,#1323,#580,.T.);
#1935=EDGE_CURVE('',#1323,#1322,#585,.T.);
#1939=EDGE_CURVE('',#1326,#1327,#590,.T.);
#1941=EDGE_CURVE('',#1327,#1326,#595,.T.);
#1945=EDGE_CURVE('',#1330,#1331,#600,.T.);
#1947=EDGE_CURVE('',#1331,#1330,#605,.T.);
#1957=EDGE_CURVE('',#1403,#1402,#610,.T.);
#1959=EDGE_CURVE('',#1187,#1402,#631,.T.);
#1962=EDGE_CURVE('',#1186,#1403,#614,.T.);
#1973=EDGE_CURVE('',#1398,#1402,#622,.T.);
#1976=EDGE_CURVE('',#1399,#1403,#618,.T.);
#1988=EDGE_CURVE('',#1402,#1403,#627,.T.);
#2011=EDGE_CURVE('',#1411,#1410,#636,.T.);
#2013=EDGE_CURVE('',#1191,#1410,#657,.T.);
#2016=EDGE_CURVE('',#1190,#1411,#640,.T.);
#2027=EDGE_CURVE('',#1406,#1410,#648,.T.);
#2030=EDGE_CURVE('',#1407,#1411,#644,.T.);
#2042=EDGE_CURVE('',#1410,#1411,#653,.T.);
#2065=EDGE_CURVE('',#1419,#1418,#662,.T.);
#2067=EDGE_CURVE('',#1195,#1418,#683,.T.);
#2070=EDGE_CURVE('',#1194,#1419,#666,.T.);
#2081=EDGE_CURVE('',#1414,#1418,#674,.T.);
#2084=EDGE_CURVE('',#1415,#1419,#670,.T.);
#2096=EDGE_CURVE('',#1418,#1419,#679,.T.);
#2119=EDGE_CURVE('',#1427,#1426,#688,.T.);
#2121=EDGE_CURVE('',#1199,#1426,#709,.T.);
#2124=EDGE_CURVE('',#1198,#1427,#692,.T.);
#2135=EDGE_CURVE('',#1422,#1426,#700,.T.);
#2138=EDGE_CURVE('',#1423,#1427,#696,.T.);
#2150=EDGE_CURVE('',#1426,#1427,#705,.T.);
#2173=EDGE_CURVE('',#1435,#1434,#714,.T.);
#2175=EDGE_CURVE('',#1203,#1434,#735,.T.);
#2178=EDGE_CURVE('',#1202,#1435,#718,.T.);
#2189=EDGE_CURVE('',#1430,#1434,#726,.T.);
#2192=EDGE_CURVE('',#1431,#1435,#722,.T.);
#2204=EDGE_CURVE('',#1434,#1435,#731,.T.);
#2227=EDGE_CURVE('',#1443,#1442,#740,.T.);
#2229=EDGE_CURVE('',#1207,#1442,#761,.T.);
#2232=EDGE_CURVE('',#1206,#1443,#744,.T.);
#2243=EDGE_CURVE('',#1438,#1442,#752,.T.);
#2246=EDGE_CURVE('',#1439,#1443,#748,.T.);
#2258=EDGE_CURVE('',#1442,#1443,#757,.T.);
#2281=EDGE_CURVE('',#1451,#1450,#766,.T.);
#2283=EDGE_CURVE('',#1211,#1450,#787,.T.);
#2286=EDGE_CURVE('',#1210,#1451,#770,.T.);
#2297=EDGE_CURVE('',#1446,#1450,#778,.T.);
#2300=EDGE_CURVE('',#1447,#1451,#774,.T.);
#2312=EDGE_CURVE('',#1450,#1451,#783,.T.);
#2335=EDGE_CURVE('',#1459,#1458,#792,.T.);
#2337=EDGE_CURVE('',#1215,#1458,#813,.T.);
#2340=EDGE_CURVE('',#1214,#1459,#796,.T.);
#2351=EDGE_CURVE('',#1454,#1458,#804,.T.);
#2354=EDGE_CURVE('',#1455,#1459,#800,.T.);
#2366=EDGE_CURVE('',#1458,#1459,#809,.T.);
#2389=EDGE_CURVE('',#1347,#1346,#818,.T.);
#2391=EDGE_CURVE('',#1251,#1346,#839,.T.);
#2394=EDGE_CURVE('',#1250,#1347,#822,.T.);
#2405=EDGE_CURVE('',#1342,#1346,#830,.T.);
#2408=EDGE_CURVE('',#1343,#1347,#826,.T.);
#2420=EDGE_CURVE('',#1346,#1347,#835,.T.);
#2443=EDGE_CURVE('',#1355,#1354,#844,.T.);
#2445=EDGE_CURVE('',#1255,#1354,#865,.T.);
#2448=EDGE_CURVE('',#1254,#1355,#848,.T.);
#2459=EDGE_CURVE('',#1350,#1354,#856,.T.);
#2462=EDGE_CURVE('',#1351,#1355,#852,.T.);
#2474=EDGE_CURVE('',#1354,#1355,#861,.T.);
#2497=EDGE_CURVE('',#1363,#1362,#870,.T.);
#2499=EDGE_CURVE('',#1259,#1362,#891,.T.);
#2502=EDGE_CURVE('',#1258,#1363,#874,.T.);
#2513=EDGE_CURVE('',#1358,#1362,#882,.T.);
#2516=EDGE_CURVE('',#1359,#1363,#878,.T.);
#2528=EDGE_CURVE('',#1362,#1363,#887,.T.);
#2551=EDGE_CURVE('',#1499,#1498,#896,.T.);
#2553=EDGE_CURVE('',#1263,#1498,#917,.T.);
#2556=EDGE_CURVE('',#1262,#1499,#900,.T.);
#2567=EDGE_CURVE('',#1494,#1498,#908,.T.);
#2570=EDGE_CURVE('',#1495,#1499,#904,.T.);
#2582=EDGE_CURVE('',#1498,#1499,#913,.T.);
#2605=EDGE_CURVE('',#1339,#1338,#922,.T.);
#2607=EDGE_CURVE('',#1267,#1338,#943,.T.);
#2610=EDGE_CURVE('',#1266,#1339,#926,.T.);
#2621=EDGE_CURVE('',#1334,#1338,#934,.T.);
#2624=EDGE_CURVE('',#1335,#1339,#930,.T.);
#2636=EDGE_CURVE('',#1338,#1339,#939,.T.);
#2660=EDGE_CURVE('',#1279,#1271,#951,.T.);
#2663=EDGE_CURVE('',#1278,#1270,#947,.T.);
#2686=EDGE_CURVE('',#1283,#1275,#959,.T.);
#2689=EDGE_CURVE('',#1282,#1274,#955,.T.);
#2712=EDGE_CURVE('',#1295,#1287,#967,.T.);
#2715=EDGE_CURVE('',#1294,#1286,#963,.T.);
#2738=EDGE_CURVE('',#1299,#1291,#975,.T.);
#2741=EDGE_CURVE('',#1298,#1290,#971,.T.);
#2763=EDGE_CURVE('',#1467,#1466,#980,.T.);
#2765=EDGE_CURVE('',#1303,#1466,#1001,.T.);
#2768=EDGE_CURVE('',#1302,#1467,#984,.T.);
#2779=EDGE_CURVE('',#1462,#1466,#992,.T.);
#2782=EDGE_CURVE('',#1463,#1467,#988,.T.);
#2794=EDGE_CURVE('',#1466,#1467,#997,.T.);
#2817=EDGE_CURVE('',#1475,#1474,#1006,.T.);
#2819=EDGE_CURVE('',#1307,#1474,#1027,.T.);
#2822=EDGE_CURVE('',#1306,#1475,#1010,.T.);
#2833=EDGE_CURVE('',#1470,#1474,#1018,.T.);
#2836=EDGE_CURVE('',#1471,#1475,#1014,.T.);
#2848=EDGE_CURVE('',#1474,#1475,#1023,.T.);
#2871=EDGE_CURVE('',#1483,#1482,#1032,.T.);
#2873=EDGE_CURVE('',#1311,#1482,#1053,.T.);
#2876=EDGE_CURVE('',#1310,#1483,#1036,.T.);
#2887=EDGE_CURVE('',#1478,#1482,#1044,.T.);
#2890=EDGE_CURVE('',#1479,#1483,#1040,.T.);
#2902=EDGE_CURVE('',#1482,#1483,#1049,.T.);
#2925=EDGE_CURVE('',#1491,#1490,#1058,.T.);
#2927=EDGE_CURVE('',#1315,#1490,#1079,.T.);
#2930=EDGE_CURVE('',#1314,#1491,#1062,.T.);
#2941=EDGE_CURVE('',#1486,#1490,#1070,.T.);
#2944=EDGE_CURVE('',#1487,#1491,#1066,.T.);
#2956=EDGE_CURVE('',#1490,#1491,#1075,.T.);
#2979=EDGE_CURVE('',#1370,#1371,#1084,.T.);
#2981=EDGE_CURVE('',#1319,#1371,#1105,.T.);
#2984=EDGE_CURVE('',#1318,#1370,#1088,.T.);
#2995=EDGE_CURVE('',#1367,#1371,#1096,.T.);
#2998=EDGE_CURVE('',#1366,#1370,#1092,.T.);
#3010=EDGE_CURVE('',#1371,#1370,#1101,.T.);
#3033=EDGE_CURVE('',#1379,#1378,#1110,.T.);
#3035=EDGE_CURVE('',#1323,#1378,#1131,.T.);
#3038=EDGE_CURVE('',#1322,#1379,#1114,.T.);
#3049=EDGE_CURVE('',#1374,#1378,#1122,.T.);
#3052=EDGE_CURVE('',#1375,#1379,#1118,.T.);
#3064=EDGE_CURVE('',#1378,#1379,#1127,.T.);
#3087=EDGE_CURVE('',#1387,#1386,#1136,.T.);
#3089=EDGE_CURVE('',#1327,#1386,#1157,.T.);
#3092=EDGE_CURVE('',#1326,#1387,#1140,.T.);
#3103=EDGE_CURVE('',#1382,#1386,#1148,.T.);
#3106=EDGE_CURVE('',#1383,#1387,#1144,.T.);
#3118=EDGE_CURVE('',#1386,#1387,#1153,.T.);
#3141=EDGE_CURVE('',#1395,#1394,#1162,.T.);
#3143=EDGE_CURVE('',#1331,#1394,#1183,.T.);
#3146=EDGE_CURVE('',#1330,#1395,#1166,.T.);
#3157=EDGE_CURVE('',#1390,#1394,#1174,.T.);
#3160=EDGE_CURVE('',#1391,#1395,#1170,.T.);
#3172=EDGE_CURVE('',#1394,#1395,#1179,.T.);
#3190=CLOSED_SHELL('',(#1673,#1688,#1702,#1716,#1730,#1744,#1758,#1772,#1785,
#1951,#1966,#1980,#1993,#2005,#2020,#2034,#2047,#2059,#2074,#2088,#2101,#2113,
#2128,#2142,#2155,#2167,#2182,#2196,#2209,#2221,#2236,#2250,#2263,#2275,#2290,
#2304,#2317,#2329,#2344,#2358,#2371,#2383,#2398,#2412,#2425,#2437,#2452,#2466,
#2479,#2491,#2506,#2520,#2533,#2545,#2560,#2574,#2587,#2599,#2614,#2628,#2641,
#2653,#2667,#2679,#2693,#2705,#2719,#2731,#2745,#2757,#2772,#2786,#2799,#2811,
#2826,#2840,#2853,#2865,#2880,#2894,#2907,#2919,#2934,#2948,#2961,#2973,#2988,
#3002,#3015,#3027,#3042,#3056,#3069,#3081,#3096,#3110,#3123,#3135,#3150,#3164,
#3177,#3189));
#3191=MANIFOLD_SOLID_BREP('',#3190);
#3192=(LENGTH_UNIT()NAMED_UNIT(*)SI_UNIT(.MILLI.,.METRE.));
#3194=(NAMED_UNIT(*)PLANE_ANGLE_UNIT()SI_UNIT($,.RADIAN.));
#3197=(NAMED_UNIT(*)SI_UNIT($,.STERADIAN.)SOLID_ANGLE_UNIT());
#3200=ADVANCED_BREP_SHAPE_REPRESENTATION('',(#3191),#3199);
#3207=PRODUCT_DEFINITION('design','',#3206,#3203);
#3208=PRODUCT_DEFINITION_SHAPE('','SHAPE FOR DIBAN-1.',#3207);
#3209=SHAPE_DEFINITION_REPRESENTATION(#3208,#3200);
ENDSEC;
END-ISO-10303-21;
