ISO-10303-21;
HEADER;
FILE_DESCRIPTION((''),'2;1');
FILE_NAME('DINGBAN','2024-04-09T10:59:41',('005'),(''),
'CREO PARAMETRIC BY PTC INC, 2020053','CREO PARAMETRIC BY PTC INC, 2020053','');
FILE_SCHEMA(('CONFIG_CONTROL_DESIGN'));
ENDSEC;
DATA;
#2=CARTESIAN_POINT('',(-6.8E1,8.05E1,0.E0));
#3=DIRECTION('',(0.E0,0.E0,-1.E0));
#4=DIRECTION('',(-1.E0,0.E0,0.E0));
#5=AXIS2_PLACEMENT_3D('',#2,#3,#4);
#7=DIRECTION('',(0.E0,-1.E0,0.E0));
#8=VECTOR('',#7,1.61E2);
#9=CARTESIAN_POINT('',(-7.E1,8.05E1,0.E0));
#10=LINE('',#9,#8);
#11=CARTESIAN_POINT('',(-6.8E1,-8.05E1,0.E0));
#12=DIRECTION('',(0.E0,0.E0,-1.E0));
#13=DIRECTION('',(0.E0,-1.E0,0.E0));
#14=AXIS2_PLACEMENT_3D('',#11,#12,#13);
#16=DIRECTION('',(1.E0,0.E0,0.E0));
#17=VECTOR('',#16,1.36E2);
#18=CARTESIAN_POINT('',(-6.8E1,-8.25E1,0.E0));
#19=LINE('',#18,#17);
#20=CARTESIAN_POINT('',(6.8E1,-8.05E1,0.E0));
#21=DIRECTION('',(0.E0,0.E0,-1.E0));
#22=DIRECTION('',(1.E0,0.E0,0.E0));
#23=AXIS2_PLACEMENT_3D('',#20,#21,#22);
#25=DIRECTION('',(0.E0,1.E0,0.E0));
#26=VECTOR('',#25,1.61E2);
#27=CARTESIAN_POINT('',(7.E1,-8.05E1,0.E0));
#28=LINE('',#27,#26);
#29=CARTESIAN_POINT('',(6.8E1,8.05E1,0.E0));
#30=DIRECTION('',(0.E0,0.E0,-1.E0));
#31=DIRECTION('',(0.E0,1.E0,0.E0));
#32=AXIS2_PLACEMENT_3D('',#29,#30,#31);
#34=DIRECTION('',(-1.E0,0.E0,0.E0));
#35=VECTOR('',#34,1.36E2);
#36=CARTESIAN_POINT('',(6.8E1,8.25E1,0.E0));
#37=LINE('',#36,#35);
#38=CARTESIAN_POINT('',(4.2275E1,-1.25E1,0.E0));
#39=DIRECTION('',(0.E0,0.E0,1.E0));
#40=DIRECTION('',(0.E0,1.E0,0.E0));
#41=AXIS2_PLACEMENT_3D('',#38,#39,#40);
#43=CARTESIAN_POINT('',(4.2275E1,-1.25E1,0.E0));
#44=DIRECTION('',(0.E0,0.E0,1.E0));
#45=DIRECTION('',(0.E0,-1.E0,0.E0));
#46=AXIS2_PLACEMENT_3D('',#43,#44,#45);
#48=CARTESIAN_POINT('',(4.2275E1,1.25E1,0.E0));
#49=DIRECTION('',(0.E0,0.E0,1.E0));
#50=DIRECTION('',(0.E0,1.E0,0.E0));
#51=AXIS2_PLACEMENT_3D('',#48,#49,#50);
#53=CARTESIAN_POINT('',(4.2275E1,1.25E1,0.E0));
#54=DIRECTION('',(0.E0,0.E0,1.E0));
#55=DIRECTION('',(0.E0,-1.E0,0.E0));
#56=AXIS2_PLACEMENT_3D('',#53,#54,#55);
#58=CARTESIAN_POINT('',(2.15E1,-7.25E1,0.E0));
#59=DIRECTION('',(0.E0,0.E0,1.E0));
#60=DIRECTION('',(0.E0,1.E0,0.E0));
#61=AXIS2_PLACEMENT_3D('',#58,#59,#60);
#63=CARTESIAN_POINT('',(2.15E1,-7.25E1,0.E0));
#64=DIRECTION('',(0.E0,0.E0,1.E0));
#65=DIRECTION('',(0.E0,-1.E0,0.E0));
#66=AXIS2_PLACEMENT_3D('',#63,#64,#65);
#68=CARTESIAN_POINT('',(6.45E1,-7.25E1,0.E0));
#69=DIRECTION('',(0.E0,0.E0,1.E0));
#70=DIRECTION('',(0.E0,1.E0,0.E0));
#71=AXIS2_PLACEMENT_3D('',#68,#69,#70);
#73=CARTESIAN_POINT('',(6.45E1,-7.25E1,0.E0));
#74=DIRECTION('',(0.E0,0.E0,1.E0));
#75=DIRECTION('',(0.E0,-1.E0,0.E0));
#76=AXIS2_PLACEMENT_3D('',#73,#74,#75);
#78=CARTESIAN_POINT('',(-2.15E1,-7.25E1,0.E0));
#79=DIRECTION('',(0.E0,0.E0,1.E0));
#80=DIRECTION('',(0.E0,1.E0,0.E0));
#81=AXIS2_PLACEMENT_3D('',#78,#79,#80);
#83=CARTESIAN_POINT('',(-2.15E1,-7.25E1,0.E0));
#84=DIRECTION('',(0.E0,0.E0,1.E0));
#85=DIRECTION('',(0.E0,-1.E0,0.E0));
#86=AXIS2_PLACEMENT_3D('',#83,#84,#85);
#88=CARTESIAN_POINT('',(-6.45E1,-7.25E1,0.E0));
#89=DIRECTION('',(0.E0,0.E0,1.E0));
#90=DIRECTION('',(0.E0,1.E0,0.E0));
#91=AXIS2_PLACEMENT_3D('',#88,#89,#90);
#93=CARTESIAN_POINT('',(-6.45E1,-7.25E1,0.E0));
#94=DIRECTION('',(0.E0,0.E0,1.E0));
#95=DIRECTION('',(0.E0,-1.E0,0.E0));
#96=AXIS2_PLACEMENT_3D('',#93,#94,#95);
#98=CARTESIAN_POINT('',(2.15E1,7.25E1,0.E0));
#99=DIRECTION('',(0.E0,0.E0,1.E0));
#100=DIRECTION('',(0.E0,1.E0,0.E0));
#101=AXIS2_PLACEMENT_3D('',#98,#99,#100);
#103=CARTESIAN_POINT('',(2.15E1,7.25E1,0.E0));
#104=DIRECTION('',(0.E0,0.E0,1.E0));
#105=DIRECTION('',(0.E0,-1.E0,0.E0));
#106=AXIS2_PLACEMENT_3D('',#103,#104,#105);
#108=CARTESIAN_POINT('',(6.45E1,7.25E1,0.E0));
#109=DIRECTION('',(0.E0,0.E0,1.E0));
#110=DIRECTION('',(0.E0,1.E0,0.E0));
#111=AXIS2_PLACEMENT_3D('',#108,#109,#110);
#113=CARTESIAN_POINT('',(6.45E1,7.25E1,0.E0));
#114=DIRECTION('',(0.E0,0.E0,1.E0));
#115=DIRECTION('',(0.E0,-1.E0,0.E0));
#116=AXIS2_PLACEMENT_3D('',#113,#114,#115);
#118=CARTESIAN_POINT('',(-2.15E1,7.25E1,0.E0));
#119=DIRECTION('',(0.E0,0.E0,1.E0));
#120=DIRECTION('',(0.E0,1.E0,0.E0));
#121=AXIS2_PLACEMENT_3D('',#118,#119,#120);
#123=CARTESIAN_POINT('',(-2.15E1,7.25E1,0.E0));
#124=DIRECTION('',(0.E0,0.E0,1.E0));
#125=DIRECTION('',(0.E0,-1.E0,0.E0));
#126=AXIS2_PLACEMENT_3D('',#123,#124,#125);
#128=CARTESIAN_POINT('',(-6.45E1,7.25E1,0.E0));
#129=DIRECTION('',(0.E0,0.E0,1.E0));
#130=DIRECTION('',(0.E0,1.E0,0.E0));
#131=AXIS2_PLACEMENT_3D('',#128,#129,#130);
#133=CARTESIAN_POINT('',(-6.45E1,7.25E1,0.E0));
#134=DIRECTION('',(0.E0,0.E0,1.E0));
#135=DIRECTION('',(0.E0,-1.E0,0.E0));
#136=AXIS2_PLACEMENT_3D('',#133,#134,#135);
#138=CARTESIAN_POINT('',(3.1075E1,-2.E1,0.E0));
#139=DIRECTION('',(0.E0,0.E0,-1.E0));
#140=DIRECTION('',(-1.E0,0.E0,0.E0));
#141=AXIS2_PLACEMENT_3D('',#138,#139,#140);
#143=DIRECTION('',(0.E0,-1.E0,0.E0));
#144=VECTOR('',#143,2.305E1);
#145=CARTESIAN_POINT('',(3.0075E1,-2.E1,0.E0));
#146=LINE('',#145,#144);
#147=DIRECTION('',(-1.E0,0.E0,0.E0));
#148=VECTOR('',#147,6.11E1);
#149=CARTESIAN_POINT('',(2.8075E1,-4.505E1,0.E0));
#150=LINE('',#149,#148);
#151=DIRECTION('',(0.E0,1.E0,0.E0));
#152=VECTOR('',#151,8.61E1);
#153=CARTESIAN_POINT('',(-3.5025E1,-4.305E1,0.E0));
#154=LINE('',#153,#152);
#155=DIRECTION('',(1.E0,0.E0,0.E0));
#156=VECTOR('',#155,6.11E1);
#157=CARTESIAN_POINT('',(-3.3025E1,4.505E1,0.E0));
#158=LINE('',#157,#156);
#159=DIRECTION('',(0.E0,-1.E0,0.E0));
#160=VECTOR('',#159,2.305E1);
#161=CARTESIAN_POINT('',(3.0075E1,4.305E1,0.E0));
#162=LINE('',#161,#160);
#163=CARTESIAN_POINT('',(3.1075E1,2.E1,0.E0));
#164=DIRECTION('',(0.E0,0.E0,-1.E0));
#165=DIRECTION('',(0.E0,-1.E0,0.E0));
#166=AXIS2_PLACEMENT_3D('',#163,#164,#165);
#168=DIRECTION('',(1.E0,0.E0,0.E0));
#169=VECTOR('',#168,3.95E0);
#170=CARTESIAN_POINT('',(3.1075E1,1.9E1,0.E0));
#171=LINE('',#170,#169);
#172=CARTESIAN_POINT('',(3.5025E1,1.7E1,0.E0));
#173=DIRECTION('',(0.E0,0.E0,1.E0));
#174=DIRECTION('',(3.333333333329E-1,-9.428090415822E-1,0.E0));
#175=AXIS2_PLACEMENT_3D('',#172,#173,#174);
#177=CARTESIAN_POINT('',(3.6025E1,1.417157287525E1,0.E0));
#178=DIRECTION('',(0.E0,0.E0,-1.E0));
#179=DIRECTION('',(-1.E0,0.E0,0.E0));
#180=AXIS2_PLACEMENT_3D('',#177,#178,#179);
#182=DIRECTION('',(0.E0,-1.E0,0.E0));
#183=VECTOR('',#182,1.117157287525E1);
#184=CARTESIAN_POINT('',(3.5025E1,1.417157287525E1,0.E0));
#185=LINE('',#184,#183);
#186=CARTESIAN_POINT('',(3.6025E1,3.E0,0.E0));
#187=DIRECTION('',(0.E0,0.E0,-1.E0));
#188=DIRECTION('',(0.E0,-1.E0,0.E0));
#189=AXIS2_PLACEMENT_3D('',#186,#187,#188);
#191=DIRECTION('',(1.E0,0.E0,0.E0));
#192=VECTOR('',#191,1.E1);
#193=CARTESIAN_POINT('',(3.6025E1,2.E0,0.E0));
#194=LINE('',#193,#192);
#195=CARTESIAN_POINT('',(4.6025E1,0.E0,0.E0));
#196=DIRECTION('',(0.E0,0.E0,-1.E0));
#197=DIRECTION('',(0.E0,1.E0,0.E0));
#198=AXIS2_PLACEMENT_3D('',#195,#196,#197);
#200=DIRECTION('',(-1.E0,0.E0,0.E0));
#201=VECTOR('',#200,1.E1);
#202=CARTESIAN_POINT('',(4.6025E1,-2.E0,0.E0));
#203=LINE('',#202,#201);
#204=CARTESIAN_POINT('',(3.6025E1,-3.E0,0.E0));
#205=DIRECTION('',(0.E0,0.E0,-1.E0));
#206=DIRECTION('',(-1.E0,0.E0,0.E0));
#207=AXIS2_PLACEMENT_3D('',#204,#205,#206);
#209=DIRECTION('',(0.E0,-1.E0,0.E0));
#210=VECTOR('',#209,1.117157287525E1);
#211=CARTESIAN_POINT('',(3.5025E1,-3.E0,0.E0));
#212=LINE('',#211,#210);
#213=CARTESIAN_POINT('',(3.6025E1,-1.417157287525E1,0.E0));
#214=DIRECTION('',(0.E0,0.E0,-1.E0));
#215=DIRECTION('',(-3.333333333324E-1,-9.428090415824E-1,0.E0));
#216=AXIS2_PLACEMENT_3D('',#213,#214,#215);
#218=CARTESIAN_POINT('',(3.5025E1,-1.7E1,0.E0));
#219=DIRECTION('',(0.E0,0.E0,1.E0));
#220=DIRECTION('',(0.E0,-1.E0,0.E0));
#221=AXIS2_PLACEMENT_3D('',#218,#219,#220);
#223=DIRECTION('',(-1.E0,0.E0,0.E0));
#224=VECTOR('',#223,3.95E0);
#225=CARTESIAN_POINT('',(3.5025E1,-1.9E1,0.E0));
#226=LINE('',#225,#224);
#227=CARTESIAN_POINT('',(-3.9525E1,-4.955E1,0.E0));
#228=DIRECTION('',(0.E0,0.E0,-1.E0));
#229=DIRECTION('',(1.E0,0.E0,0.E0));
#230=AXIS2_PLACEMENT_3D('',#227,#228,#229);
#232=CARTESIAN_POINT('',(-3.9525E1,-4.955E1,0.E0));
#233=DIRECTION('',(0.E0,0.E0,-1.E0));
#234=DIRECTION('',(-1.E0,0.E0,0.E0));
#235=AXIS2_PLACEMENT_3D('',#232,#233,#234);
#237=CARTESIAN_POINT('',(-2.1525E1,-4.955E1,0.E0));
#238=DIRECTION('',(0.E0,0.E0,-1.E0));
#239=DIRECTION('',(1.E0,0.E0,0.E0));
#240=AXIS2_PLACEMENT_3D('',#237,#238,#239);
#242=CARTESIAN_POINT('',(-2.1525E1,-4.955E1,0.E0));
#243=DIRECTION('',(0.E0,0.E0,-1.E0));
#244=DIRECTION('',(-1.E0,0.E0,0.E0));
#245=AXIS2_PLACEMENT_3D('',#242,#243,#244);
#247=CARTESIAN_POINT('',(-3.9525E1,-3.155E1,0.E0));
#248=DIRECTION('',(0.E0,0.E0,-1.E0));
#249=DIRECTION('',(1.E0,0.E0,0.E0));
#250=AXIS2_PLACEMENT_3D('',#247,#248,#249);
#252=CARTESIAN_POINT('',(-3.9525E1,-3.155E1,0.E0));
#253=DIRECTION('',(0.E0,0.E0,-1.E0));
#254=DIRECTION('',(-1.E0,0.E0,0.E0));
#255=AXIS2_PLACEMENT_3D('',#252,#253,#254);
#257=CARTESIAN_POINT('',(-3.9525E1,4.955E1,0.E0));
#258=DIRECTION('',(0.E0,0.E0,-1.E0));
#259=DIRECTION('',(1.E0,0.E0,0.E0));
#260=AXIS2_PLACEMENT_3D('',#257,#258,#259);
#262=CARTESIAN_POINT('',(-3.9525E1,4.955E1,0.E0));
#263=DIRECTION('',(0.E0,0.E0,-1.E0));
#264=DIRECTION('',(-1.E0,0.E0,0.E0));
#265=AXIS2_PLACEMENT_3D('',#262,#263,#264);
#267=CARTESIAN_POINT('',(-2.1525E1,4.955E1,0.E0));
#268=DIRECTION('',(0.E0,0.E0,-1.E0));
#269=DIRECTION('',(1.E0,0.E0,0.E0));
#270=AXIS2_PLACEMENT_3D('',#267,#268,#269);
#272=CARTESIAN_POINT('',(-2.1525E1,4.955E1,0.E0));
#273=DIRECTION('',(0.E0,0.E0,-1.E0));
#274=DIRECTION('',(-1.E0,0.E0,0.E0));
#275=AXIS2_PLACEMENT_3D('',#272,#273,#274);
#277=CARTESIAN_POINT('',(-3.9525E1,3.155E1,0.E0));
#278=DIRECTION('',(0.E0,0.E0,-1.E0));
#279=DIRECTION('',(1.E0,0.E0,0.E0));
#280=AXIS2_PLACEMENT_3D('',#277,#278,#279);
#282=CARTESIAN_POINT('',(-3.9525E1,3.155E1,0.E0));
#283=DIRECTION('',(0.E0,0.E0,-1.E0));
#284=DIRECTION('',(-1.E0,0.E0,0.E0));
#285=AXIS2_PLACEMENT_3D('',#282,#283,#284);
#287=CARTESIAN_POINT('',(-4.3025E1,-1.1E1,0.E0));
#288=DIRECTION('',(0.E0,0.E0,-1.E0));
#289=DIRECTION('',(1.E0,0.E0,0.E0));
#290=AXIS2_PLACEMENT_3D('',#287,#288,#289);
#292=CARTESIAN_POINT('',(-4.3025E1,-1.1E1,0.E0));
#293=DIRECTION('',(0.E0,0.E0,-1.E0));
#294=DIRECTION('',(-1.E0,0.E0,0.E0));
#295=AXIS2_PLACEMENT_3D('',#292,#293,#294);
#297=CARTESIAN_POINT('',(-4.3025E1,1.1E1,0.E0));
#298=DIRECTION('',(0.E0,0.E0,-1.E0));
#299=DIRECTION('',(1.E0,0.E0,0.E0));
#300=AXIS2_PLACEMENT_3D('',#297,#298,#299);
#302=CARTESIAN_POINT('',(-4.3025E1,1.1E1,0.E0));
#303=DIRECTION('',(0.E0,0.E0,-1.E0));
#304=DIRECTION('',(-1.E0,0.E0,0.E0));
#305=AXIS2_PLACEMENT_3D('',#302,#303,#304);
#307=CARTESIAN_POINT('',(-4.3025E1,0.E0,0.E0));
#308=DIRECTION('',(0.E0,0.E0,-1.E0));
#309=DIRECTION('',(1.E0,0.E0,0.E0));
#310=AXIS2_PLACEMENT_3D('',#307,#308,#309);
#312=CARTESIAN_POINT('',(-4.3025E1,0.E0,0.E0));
#313=DIRECTION('',(0.E0,0.E0,-1.E0));
#314=DIRECTION('',(-1.E0,0.E0,0.E0));
#315=AXIS2_PLACEMENT_3D('',#312,#313,#314);
#317=CARTESIAN_POINT('',(-6.6E1,2.6E1,0.E0));
#318=DIRECTION('',(0.E0,0.E0,-1.E0));
#319=DIRECTION('',(1.E0,0.E0,0.E0));
#320=AXIS2_PLACEMENT_3D('',#317,#318,#319);
#322=CARTESIAN_POINT('',(-6.6E1,2.6E1,0.E0));
#323=DIRECTION('',(0.E0,0.E0,-1.E0));
#324=DIRECTION('',(-1.E0,0.E0,0.E0));
#325=AXIS2_PLACEMENT_3D('',#322,#323,#324);
#327=CARTESIAN_POINT('',(-6.6E1,-2.6E1,0.E0));
#328=DIRECTION('',(0.E0,0.E0,-1.E0));
#329=DIRECTION('',(1.E0,0.E0,0.E0));
#330=AXIS2_PLACEMENT_3D('',#327,#328,#329);
#332=CARTESIAN_POINT('',(-6.6E1,-2.6E1,0.E0));
#333=DIRECTION('',(0.E0,0.E0,-1.E0));
#334=DIRECTION('',(-1.E0,0.E0,0.E0));
#335=AXIS2_PLACEMENT_3D('',#332,#333,#334);
#337=CARTESIAN_POINT('',(6.6E1,2.6E1,0.E0));
#338=DIRECTION('',(0.E0,0.E0,-1.E0));
#339=DIRECTION('',(1.E0,0.E0,0.E0));
#340=AXIS2_PLACEMENT_3D('',#337,#338,#339);
#342=CARTESIAN_POINT('',(6.6E1,2.6E1,0.E0));
#343=DIRECTION('',(0.E0,0.E0,-1.E0));
#344=DIRECTION('',(-1.E0,0.E0,0.E0));
#345=AXIS2_PLACEMENT_3D('',#342,#343,#344);
#347=CARTESIAN_POINT('',(6.6E1,-2.6E1,0.E0));
#348=DIRECTION('',(0.E0,0.E0,-1.E0));
#349=DIRECTION('',(1.E0,0.E0,0.E0));
#350=AXIS2_PLACEMENT_3D('',#347,#348,#349);
#352=CARTESIAN_POINT('',(6.6E1,-2.6E1,0.E0));
#353=DIRECTION('',(0.E0,0.E0,-1.E0));
#354=DIRECTION('',(-1.E0,0.E0,0.E0));
#355=AXIS2_PLACEMENT_3D('',#352,#353,#354);
#357=DIRECTION('',(0.E0,0.E0,-1.E0));
#358=VECTOR('',#357,3.E0);
#359=CARTESIAN_POINT('',(-6.8E1,8.25E1,3.E0));
#360=LINE('',#359,#358);
#361=DIRECTION('',(0.E0,0.E0,-1.E0));
#362=VECTOR('',#361,3.E0);
#363=CARTESIAN_POINT('',(6.8E1,8.25E1,3.E0));
#364=LINE('',#363,#362);
#365=DIRECTION('',(0.E0,0.E0,-1.E0));
#366=VECTOR('',#365,3.E0);
#367=CARTESIAN_POINT('',(7.E1,-8.05E1,3.E0));
#368=LINE('',#367,#366);
#369=DIRECTION('',(0.E0,0.E0,-1.E0));
#370=VECTOR('',#369,3.E0);
#371=CARTESIAN_POINT('',(7.E1,8.05E1,3.E0));
#372=LINE('',#371,#370);
#373=DIRECTION('',(0.E0,0.E0,-1.E0));
#374=VECTOR('',#373,3.E0);
#375=CARTESIAN_POINT('',(-6.8E1,-8.25E1,3.E0));
#376=LINE('',#375,#374);
#377=DIRECTION('',(0.E0,0.E0,-1.E0));
#378=VECTOR('',#377,3.E0);
#379=CARTESIAN_POINT('',(6.8E1,-8.25E1,3.E0));
#380=LINE('',#379,#378);
#381=DIRECTION('',(0.E0,0.E0,-1.E0));
#382=VECTOR('',#381,3.E0);
#383=CARTESIAN_POINT('',(-7.E1,8.05E1,3.E0));
#384=LINE('',#383,#382);
#385=DIRECTION('',(0.E0,0.E0,-1.E0));
#386=VECTOR('',#385,3.E0);
#387=CARTESIAN_POINT('',(-7.E1,-8.05E1,3.E0));
#388=LINE('',#387,#386);
#389=CARTESIAN_POINT('',(-6.8E1,8.05E1,3.E0));
#390=DIRECTION('',(0.E0,0.E0,1.E0));
#391=DIRECTION('',(0.E0,1.E0,0.E0));
#392=AXIS2_PLACEMENT_3D('',#389,#390,#391);
#394=DIRECTION('',(-1.E0,0.E0,0.E0));
#395=VECTOR('',#394,1.36E2);
#396=CARTESIAN_POINT('',(6.8E1,8.25E1,3.E0));
#397=LINE('',#396,#395);
#398=CARTESIAN_POINT('',(6.8E1,8.05E1,3.E0));
#399=DIRECTION('',(0.E0,0.E0,1.E0));
#400=DIRECTION('',(1.E0,0.E0,0.E0));
#401=AXIS2_PLACEMENT_3D('',#398,#399,#400);
#403=DIRECTION('',(0.E0,1.E0,0.E0));
#404=VECTOR('',#403,1.61E2);
#405=CARTESIAN_POINT('',(7.E1,-8.05E1,3.E0));
#406=LINE('',#405,#404);
#407=CARTESIAN_POINT('',(6.8E1,-8.05E1,3.E0));
#408=DIRECTION('',(0.E0,0.E0,1.E0));
#409=DIRECTION('',(0.E0,-1.E0,0.E0));
#410=AXIS2_PLACEMENT_3D('',#407,#408,#409);
#412=DIRECTION('',(1.E0,0.E0,0.E0));
#413=VECTOR('',#412,1.36E2);
#414=CARTESIAN_POINT('',(-6.8E1,-8.25E1,3.E0));
#415=LINE('',#414,#413);
#416=CARTESIAN_POINT('',(-6.8E1,-8.05E1,3.E0));
#417=DIRECTION('',(0.E0,0.E0,1.E0));
#418=DIRECTION('',(-1.E0,0.E0,0.E0));
#419=AXIS2_PLACEMENT_3D('',#416,#417,#418);
#421=DIRECTION('',(0.E0,-1.E0,0.E0));
#422=VECTOR('',#421,1.61E2);
#423=CARTESIAN_POINT('',(-7.E1,8.05E1,3.E0));
#424=LINE('',#423,#422);
#425=CARTESIAN_POINT('',(3.1075E1,-2.E1,3.E0));
#426=DIRECTION('',(0.E0,0.E0,1.E0));
#427=DIRECTION('',(0.E0,1.E0,0.E0));
#428=AXIS2_PLACEMENT_3D('',#425,#426,#427);
#430=DIRECTION('',(-1.E0,0.E0,0.E0));
#431=VECTOR('',#430,3.95E0);
#432=CARTESIAN_POINT('',(3.5025E1,-1.9E1,3.E0));
#433=LINE('',#432,#431);
#434=CARTESIAN_POINT('',(3.5025E1,-1.7E1,3.E0));
#435=DIRECTION('',(0.E0,0.E0,1.E0));
#436=DIRECTION('',(0.E0,-1.E0,0.E0));
#437=AXIS2_PLACEMENT_3D('',#434,#435,#436);
#439=CARTESIAN_POINT('',(3.6025E1,-1.417157287525E1,3.E0));
#440=DIRECTION('',(0.E0,0.E0,1.E0));
#441=DIRECTION('',(-1.E0,0.E0,0.E0));
#442=AXIS2_PLACEMENT_3D('',#439,#440,#441);
#444=DIRECTION('',(0.E0,-1.E0,0.E0));
#445=VECTOR('',#444,2.834314575051E1);
#446=CARTESIAN_POINT('',(3.5025E1,1.417157287525E1,3.E0));
#447=LINE('',#446,#445);
#448=CARTESIAN_POINT('',(3.6025E1,1.417157287525E1,3.E0));
#449=DIRECTION('',(0.E0,0.E0,1.E0));
#450=DIRECTION('',(-3.333333333343E-1,9.428090415817E-1,0.E0));
#451=AXIS2_PLACEMENT_3D('',#448,#449,#450);
#453=CARTESIAN_POINT('',(3.5025E1,1.7E1,3.E0));
#454=DIRECTION('',(0.E0,0.E0,1.E0));
#455=DIRECTION('',(3.333333333329E-1,-9.428090415822E-1,0.E0));
#456=AXIS2_PLACEMENT_3D('',#453,#454,#455);
#458=DIRECTION('',(1.E0,0.E0,0.E0));
#459=VECTOR('',#458,3.95E0);
#460=CARTESIAN_POINT('',(3.1075E1,1.9E1,3.E0));
#461=LINE('',#460,#459);
#462=CARTESIAN_POINT('',(3.1075E1,2.E1,3.E0));
#463=DIRECTION('',(0.E0,0.E0,1.E0));
#464=DIRECTION('',(-1.E0,0.E0,0.E0));
#465=AXIS2_PLACEMENT_3D('',#462,#463,#464);
#467=DIRECTION('',(0.E0,-1.E0,0.E0));
#468=VECTOR('',#467,2.305E1);
#469=CARTESIAN_POINT('',(3.0075E1,4.305E1,3.E0));
#470=LINE('',#469,#468);
#471=DIRECTION('',(1.E0,0.E0,0.E0));
#472=VECTOR('',#471,6.11E1);
#473=CARTESIAN_POINT('',(-3.3025E1,4.505E1,3.E0));
#474=LINE('',#473,#472);
#475=DIRECTION('',(0.E0,1.E0,0.E0));
#476=VECTOR('',#475,8.61E1);
#477=CARTESIAN_POINT('',(-3.5025E1,-4.305E1,3.E0));
#478=LINE('',#477,#476);
#479=DIRECTION('',(-1.E0,0.E0,0.E0));
#480=VECTOR('',#479,6.11E1);
#481=CARTESIAN_POINT('',(2.8075E1,-4.505E1,3.E0));
#482=LINE('',#481,#480);
#483=DIRECTION('',(0.E0,-1.E0,0.E0));
#484=VECTOR('',#483,2.305E1);
#485=CARTESIAN_POINT('',(3.0075E1,-2.E1,3.E0));
#486=LINE('',#485,#484);
#487=CARTESIAN_POINT('',(-6.45E1,7.25E1,3.E0));
#488=DIRECTION('',(0.E0,0.E0,-1.E0));
#489=DIRECTION('',(0.E0,1.E0,0.E0));
#490=AXIS2_PLACEMENT_3D('',#487,#488,#489);
#492=CARTESIAN_POINT('',(-6.45E1,7.25E1,3.E0));
#493=DIRECTION('',(0.E0,0.E0,-1.E0));
#494=DIRECTION('',(0.E0,-1.E0,0.E0));
#495=AXIS2_PLACEMENT_3D('',#492,#493,#494);
#497=CARTESIAN_POINT('',(-2.15E1,7.25E1,3.E0));
#498=DIRECTION('',(0.E0,0.E0,-1.E0));
#499=DIRECTION('',(0.E0,1.E0,0.E0));
#500=AXIS2_PLACEMENT_3D('',#497,#498,#499);
#502=CARTESIAN_POINT('',(-2.15E1,7.25E1,3.E0));
#503=DIRECTION('',(0.E0,0.E0,-1.E0));
#504=DIRECTION('',(0.E0,-1.E0,0.E0));
#505=AXIS2_PLACEMENT_3D('',#502,#503,#504);
#507=CARTESIAN_POINT('',(6.45E1,7.25E1,3.E0));
#508=DIRECTION('',(0.E0,0.E0,-1.E0));
#509=DIRECTION('',(0.E0,1.E0,0.E0));
#510=AXIS2_PLACEMENT_3D('',#507,#508,#509);
#512=CARTESIAN_POINT('',(6.45E1,7.25E1,3.E0));
#513=DIRECTION('',(0.E0,0.E0,-1.E0));
#514=DIRECTION('',(0.E0,-1.E0,0.E0));
#515=AXIS2_PLACEMENT_3D('',#512,#513,#514);
#517=CARTESIAN_POINT('',(2.15E1,7.25E1,3.E0));
#518=DIRECTION('',(0.E0,0.E0,-1.E0));
#519=DIRECTION('',(0.E0,1.E0,0.E0));
#520=AXIS2_PLACEMENT_3D('',#517,#518,#519);
#522=CARTESIAN_POINT('',(2.15E1,7.25E1,3.E0));
#523=DIRECTION('',(0.E0,0.E0,-1.E0));
#524=DIRECTION('',(0.E0,-1.E0,0.E0));
#525=AXIS2_PLACEMENT_3D('',#522,#523,#524);
#527=CARTESIAN_POINT('',(-6.45E1,-7.25E1,3.E0));
#528=DIRECTION('',(0.E0,0.E0,-1.E0));
#529=DIRECTION('',(0.E0,1.E0,0.E0));
#530=AXIS2_PLACEMENT_3D('',#527,#528,#529);
#532=CARTESIAN_POINT('',(-6.45E1,-7.25E1,3.E0));
#533=DIRECTION('',(0.E0,0.E0,-1.E0));
#534=DIRECTION('',(0.E0,-1.E0,0.E0));
#535=AXIS2_PLACEMENT_3D('',#532,#533,#534);
#537=CARTESIAN_POINT('',(-2.15E1,-7.25E1,3.E0));
#538=DIRECTION('',(0.E0,0.E0,-1.E0));
#539=DIRECTION('',(0.E0,1.E0,0.E0));
#540=AXIS2_PLACEMENT_3D('',#537,#538,#539);
#542=CARTESIAN_POINT('',(-2.15E1,-7.25E1,3.E0));
#543=DIRECTION('',(0.E0,0.E0,-1.E0));
#544=DIRECTION('',(0.E0,-1.E0,0.E0));
#545=AXIS2_PLACEMENT_3D('',#542,#543,#544);
#547=CARTESIAN_POINT('',(6.45E1,-7.25E1,3.E0));
#548=DIRECTION('',(0.E0,0.E0,-1.E0));
#549=DIRECTION('',(0.E0,1.E0,0.E0));
#550=AXIS2_PLACEMENT_3D('',#547,#548,#549);
#552=CARTESIAN_POINT('',(6.45E1,-7.25E1,3.E0));
#553=DIRECTION('',(0.E0,0.E0,-1.E0));
#554=DIRECTION('',(0.E0,-1.E0,0.E0));
#555=AXIS2_PLACEMENT_3D('',#552,#553,#554);
#557=CARTESIAN_POINT('',(2.15E1,-7.25E1,3.E0));
#558=DIRECTION('',(0.E0,0.E0,-1.E0));
#559=DIRECTION('',(0.E0,1.E0,0.E0));
#560=AXIS2_PLACEMENT_3D('',#557,#558,#559);
#562=CARTESIAN_POINT('',(2.15E1,-7.25E1,3.E0));
#563=DIRECTION('',(0.E0,0.E0,-1.E0));
#564=DIRECTION('',(0.E0,-1.E0,0.E0));
#565=AXIS2_PLACEMENT_3D('',#562,#563,#564);
#567=CARTESIAN_POINT('',(4.2275E1,1.25E1,3.E0));
#568=DIRECTION('',(0.E0,0.E0,-1.E0));
#569=DIRECTION('',(0.E0,1.E0,0.E0));
#570=AXIS2_PLACEMENT_3D('',#567,#568,#569);
#572=CARTESIAN_POINT('',(4.2275E1,1.25E1,3.E0));
#573=DIRECTION('',(0.E0,0.E0,-1.E0));
#574=DIRECTION('',(0.E0,-1.E0,0.E0));
#575=AXIS2_PLACEMENT_3D('',#572,#573,#574);
#577=CARTESIAN_POINT('',(4.2275E1,-1.25E1,3.E0));
#578=DIRECTION('',(0.E0,0.E0,-1.E0));
#579=DIRECTION('',(0.E0,1.E0,0.E0));
#580=AXIS2_PLACEMENT_3D('',#577,#578,#579);
#582=CARTESIAN_POINT('',(4.2275E1,-1.25E1,3.E0));
#583=DIRECTION('',(0.E0,0.E0,-1.E0));
#584=DIRECTION('',(0.E0,-1.E0,0.E0));
#585=AXIS2_PLACEMENT_3D('',#582,#583,#584);
#587=CARTESIAN_POINT('',(-4.3025E1,0.E0,3.E0));
#588=DIRECTION('',(0.E0,0.E0,-1.E0));
#589=DIRECTION('',(-1.E0,0.E0,0.E0));
#590=AXIS2_PLACEMENT_3D('',#587,#588,#589);
#592=CARTESIAN_POINT('',(-4.3025E1,0.E0,3.E0));
#593=DIRECTION('',(0.E0,0.E0,-1.E0));
#594=DIRECTION('',(1.E0,0.E0,0.E0));
#595=AXIS2_PLACEMENT_3D('',#592,#593,#594);
#597=CARTESIAN_POINT('',(-4.3025E1,1.1E1,3.E0));
#598=DIRECTION('',(0.E0,0.E0,-1.E0));
#599=DIRECTION('',(1.E0,0.E0,0.E0));
#600=AXIS2_PLACEMENT_3D('',#597,#598,#599);
#602=CARTESIAN_POINT('',(-4.3025E1,1.1E1,3.E0));
#603=DIRECTION('',(0.E0,0.E0,-1.E0));
#604=DIRECTION('',(-1.E0,0.E0,0.E0));
#605=AXIS2_PLACEMENT_3D('',#602,#603,#604);
#607=CARTESIAN_POINT('',(-4.3025E1,-1.1E1,3.E0));
#608=DIRECTION('',(0.E0,0.E0,-1.E0));
#609=DIRECTION('',(-1.E0,0.E0,0.E0));
#610=AXIS2_PLACEMENT_3D('',#607,#608,#609);
#612=CARTESIAN_POINT('',(-4.3025E1,-1.1E1,3.E0));
#613=DIRECTION('',(0.E0,0.E0,-1.E0));
#614=DIRECTION('',(1.E0,0.E0,0.E0));
#615=AXIS2_PLACEMENT_3D('',#612,#613,#614);
#617=CARTESIAN_POINT('',(6.6E1,-2.6E1,3.E0));
#618=DIRECTION('',(0.E0,0.E0,-1.E0));
#619=DIRECTION('',(-1.E0,0.E0,0.E0));
#620=AXIS2_PLACEMENT_3D('',#617,#618,#619);
#622=CARTESIAN_POINT('',(6.6E1,-2.6E1,3.E0));
#623=DIRECTION('',(0.E0,0.E0,-1.E0));
#624=DIRECTION('',(1.E0,0.E0,0.E0));
#625=AXIS2_PLACEMENT_3D('',#622,#623,#624);
#627=CARTESIAN_POINT('',(6.6E1,2.6E1,3.E0));
#628=DIRECTION('',(0.E0,0.E0,-1.E0));
#629=DIRECTION('',(-1.E0,0.E0,0.E0));
#630=AXIS2_PLACEMENT_3D('',#627,#628,#629);
#632=CARTESIAN_POINT('',(6.6E1,2.6E1,3.E0));
#633=DIRECTION('',(0.E0,0.E0,-1.E0));
#634=DIRECTION('',(1.E0,0.E0,0.E0));
#635=AXIS2_PLACEMENT_3D('',#632,#633,#634);
#637=CARTESIAN_POINT('',(-6.6E1,-2.6E1,3.E0));
#638=DIRECTION('',(0.E0,0.E0,-1.E0));
#639=DIRECTION('',(1.E0,0.E0,0.E0));
#640=AXIS2_PLACEMENT_3D('',#637,#638,#639);
#642=CARTESIAN_POINT('',(-6.6E1,-2.6E1,3.E0));
#643=DIRECTION('',(0.E0,0.E0,-1.E0));
#644=DIRECTION('',(-1.E0,0.E0,0.E0));
#645=AXIS2_PLACEMENT_3D('',#642,#643,#644);
#647=CARTESIAN_POINT('',(-6.6E1,2.6E1,3.E0));
#648=DIRECTION('',(0.E0,0.E0,-1.E0));
#649=DIRECTION('',(-1.E0,0.E0,0.E0));
#650=AXIS2_PLACEMENT_3D('',#647,#648,#649);
#652=CARTESIAN_POINT('',(-6.6E1,2.6E1,3.E0));
#653=DIRECTION('',(0.E0,0.E0,-1.E0));
#654=DIRECTION('',(1.E0,0.E0,0.E0));
#655=AXIS2_PLACEMENT_3D('',#652,#653,#654);
#657=CARTESIAN_POINT('',(-3.9525E1,3.155E1,3.E0));
#658=DIRECTION('',(0.E0,0.E0,-1.E0));
#659=DIRECTION('',(-1.E0,0.E0,0.E0));
#660=AXIS2_PLACEMENT_3D('',#657,#658,#659);
#662=CARTESIAN_POINT('',(-3.9525E1,3.155E1,3.E0));
#663=DIRECTION('',(0.E0,0.E0,-1.E0));
#664=DIRECTION('',(1.E0,0.E0,0.E0));
#665=AXIS2_PLACEMENT_3D('',#662,#663,#664);
#667=CARTESIAN_POINT('',(-2.1525E1,4.955E1,3.E0));
#668=DIRECTION('',(0.E0,0.E0,-1.E0));
#669=DIRECTION('',(-1.E0,0.E0,0.E0));
#670=AXIS2_PLACEMENT_3D('',#667,#668,#669);
#672=CARTESIAN_POINT('',(-2.1525E1,4.955E1,3.E0));
#673=DIRECTION('',(0.E0,0.E0,-1.E0));
#674=DIRECTION('',(1.E0,0.E0,0.E0));
#675=AXIS2_PLACEMENT_3D('',#672,#673,#674);
#677=CARTESIAN_POINT('',(-3.9525E1,4.955E1,3.E0));
#678=DIRECTION('',(0.E0,0.E0,-1.E0));
#679=DIRECTION('',(-1.E0,0.E0,0.E0));
#680=AXIS2_PLACEMENT_3D('',#677,#678,#679);
#682=CARTESIAN_POINT('',(-3.9525E1,4.955E1,3.E0));
#683=DIRECTION('',(0.E0,0.E0,-1.E0));
#684=DIRECTION('',(1.E0,0.E0,0.E0));
#685=AXIS2_PLACEMENT_3D('',#682,#683,#684);
#687=CARTESIAN_POINT('',(-3.9525E1,-3.155E1,3.E0));
#688=DIRECTION('',(0.E0,0.E0,-1.E0));
#689=DIRECTION('',(1.E0,0.E0,0.E0));
#690=AXIS2_PLACEMENT_3D('',#687,#688,#689);
#692=CARTESIAN_POINT('',(-3.9525E1,-3.155E1,3.E0));
#693=DIRECTION('',(0.E0,0.E0,-1.E0));
#694=DIRECTION('',(-1.E0,0.E0,0.E0));
#695=AXIS2_PLACEMENT_3D('',#692,#693,#694);
#697=CARTESIAN_POINT('',(-2.1525E1,-4.955E1,3.E0));
#698=DIRECTION('',(0.E0,0.E0,-1.E0));
#699=DIRECTION('',(-1.E0,0.E0,0.E0));
#700=AXIS2_PLACEMENT_3D('',#697,#698,#699);
#702=CARTESIAN_POINT('',(-2.1525E1,-4.955E1,3.E0));
#703=DIRECTION('',(0.E0,0.E0,-1.E0));
#704=DIRECTION('',(1.E0,0.E0,0.E0));
#705=AXIS2_PLACEMENT_3D('',#702,#703,#704);
#707=CARTESIAN_POINT('',(-3.9525E1,-4.955E1,3.E0));
#708=DIRECTION('',(0.E0,0.E0,-1.E0));
#709=DIRECTION('',(-1.E0,0.E0,0.E0));
#710=AXIS2_PLACEMENT_3D('',#707,#708,#709);
#712=CARTESIAN_POINT('',(-3.9525E1,-4.955E1,3.E0));
#713=DIRECTION('',(0.E0,0.E0,-1.E0));
#714=DIRECTION('',(1.E0,0.E0,0.E0));
#715=AXIS2_PLACEMENT_3D('',#712,#713,#714);
#717=DIRECTION('',(0.E0,0.E0,-1.E0));
#718=VECTOR('',#717,3.E0);
#719=CARTESIAN_POINT('',(3.1075E1,-1.9E1,3.E0));
#720=LINE('',#719,#718);
#721=DIRECTION('',(0.E0,0.E0,1.E0));
#722=VECTOR('',#721,3.E0);
#723=CARTESIAN_POINT('',(3.5025E1,-1.9E1,0.E0));
#724=LINE('',#723,#722);
#725=DIRECTION('',(-2.818486185182E-13,1.533588071349E-13,1.E0));
#726=VECTOR('',#725,3.E0);
#727=CARTESIAN_POINT('',(3.569166666667E1,-1.511438191684E1,0.E0));
#728=LINE('',#727,#726);
#729=DIRECTION('',(0.E0,0.E0,1.E0));
#730=VECTOR('',#729,1.E0);
#731=CARTESIAN_POINT('',(3.5025E1,3.E0,0.E0));
#732=LINE('',#731,#730);
#733=DIRECTION('',(0.E0,0.E0,-1.E0));
#734=VECTOR('',#733,3.E0);
#735=CARTESIAN_POINT('',(3.5025E1,1.417157287525E1,3.E0));
#736=LINE('',#735,#734);
#737=DIRECTION('',(0.E0,0.E0,1.E0));
#738=VECTOR('',#737,3.E0);
#739=CARTESIAN_POINT('',(3.5025E1,-1.417157287525E1,0.E0));
#740=LINE('',#739,#738);
#741=DIRECTION('',(0.E0,0.E0,-1.E0));
#742=VECTOR('',#741,1.E0);
#743=CARTESIAN_POINT('',(3.5025E1,-3.E0,1.E0));
#744=LINE('',#743,#742);
#745=CARTESIAN_POINT('',(3.6025E1,3.E0,1.E0));
#746=DIRECTION('',(0.E0,0.E0,1.E0));
#747=DIRECTION('',(-1.E0,0.E0,0.E0));
#748=AXIS2_PLACEMENT_3D('',#745,#746,#747);
#750=DIRECTION('',(0.E0,0.E0,1.E0));
#751=VECTOR('',#750,1.E0);
#752=CARTESIAN_POINT('',(3.6025E1,2.E0,0.E0));
#753=LINE('',#752,#751);
#754=DIRECTION('',(0.E0,0.E0,1.E0));
#755=VECTOR('',#754,1.E0);
#756=CARTESIAN_POINT('',(4.6025E1,2.E0,0.E0));
#757=LINE('',#756,#755);
#758=DIRECTION('',(1.E0,0.E0,0.E0));
#759=VECTOR('',#758,1.E1);
#760=CARTESIAN_POINT('',(3.6025E1,2.E0,1.E0));
#761=LINE('',#760,#759);
#762=DIRECTION('',(0.E0,-1.E0,0.E0));
#763=VECTOR('',#762,6.E0);
#764=CARTESIAN_POINT('',(3.5025E1,3.E0,1.E0));
#765=LINE('',#764,#763);
#766=DIRECTION('',(-1.E0,0.E0,0.E0));
#767=VECTOR('',#766,1.E1);
#768=CARTESIAN_POINT('',(4.6025E1,-2.E0,1.E0));
#769=LINE('',#768,#767);
#770=CARTESIAN_POINT('',(4.6025E1,0.E0,1.E0));
#771=DIRECTION('',(0.E0,0.E0,1.E0));
#772=DIRECTION('',(0.E0,-1.E0,0.E0));
#773=AXIS2_PLACEMENT_3D('',#770,#771,#772);
#775=CARTESIAN_POINT('',(3.6025E1,-3.E0,1.E0));
#776=DIRECTION('',(0.E0,0.E0,1.E0));
#777=DIRECTION('',(0.E0,1.E0,0.E0));
#778=AXIS2_PLACEMENT_3D('',#775,#776,#777);
#780=DIRECTION('',(0.E0,0.E0,-1.E0));
#781=VECTOR('',#780,1.E0);
#782=CARTESIAN_POINT('',(3.6025E1,-2.E0,1.E0));
#783=LINE('',#782,#781);
#784=DIRECTION('',(0.E0,0.E0,1.E0));
#785=VECTOR('',#784,1.E0);
#786=CARTESIAN_POINT('',(4.6025E1,-2.E0,0.E0));
#787=LINE('',#786,#785);
#788=DIRECTION('',(0.E0,0.E0,-1.E0));
#789=VECTOR('',#788,3.E0);
#790=CARTESIAN_POINT('',(3.569166666667E1,1.511438191684E1,3.E0));
#791=LINE('',#790,#789);
#792=DIRECTION('',(0.E0,0.E0,-1.E0));
#793=VECTOR('',#792,3.E0);
#794=CARTESIAN_POINT('',(3.1075E1,1.9E1,3.E0));
#795=LINE('',#794,#793);
#796=DIRECTION('',(0.E0,0.E0,1.E0));
#797=VECTOR('',#796,3.E0);
#798=CARTESIAN_POINT('',(3.5025E1,1.9E1,0.E0));
#799=LINE('',#798,#797);
#800=DIRECTION('',(0.E0,0.E0,-1.E0));
#801=VECTOR('',#800,3.E0);
#802=CARTESIAN_POINT('',(3.0075E1,2.E1,3.E0));
#803=LINE('',#802,#801);
#804=DIRECTION('',(0.E0,0.E0,-1.E0));
#805=VECTOR('',#804,3.E0);
#806=CARTESIAN_POINT('',(3.0075E1,4.305E1,3.E0));
#807=LINE('',#806,#805);
#808=CARTESIAN_POINT('',(2.8075E1,4.305E1,3.E0));
#809=DIRECTION('',(0.E0,0.E0,-1.E0));
#810=DIRECTION('',(0.E0,1.E0,0.E0));
#811=AXIS2_PLACEMENT_3D('',#808,#809,#810);
#813=CARTESIAN_POINT('',(2.8075E1,4.305E1,0.E0));
#814=DIRECTION('',(0.E0,0.E0,1.E0));
#815=DIRECTION('',(1.E0,0.E0,0.E0));
#816=AXIS2_PLACEMENT_3D('',#813,#814,#815);
#818=DIRECTION('',(0.E0,0.E0,-1.E0));
#819=VECTOR('',#818,3.E0);
#820=CARTESIAN_POINT('',(2.8075E1,4.505E1,3.E0));
#821=LINE('',#820,#819);
#822=DIRECTION('',(0.E0,0.E0,1.E0));
#823=VECTOR('',#822,3.E0);
#824=CARTESIAN_POINT('',(-3.3025E1,4.505E1,0.E0));
#825=LINE('',#824,#823);
#826=CARTESIAN_POINT('',(-3.3025E1,4.305E1,0.E0));
#827=DIRECTION('',(0.E0,0.E0,1.E0));
#828=DIRECTION('',(0.E0,1.E0,0.E0));
#829=AXIS2_PLACEMENT_3D('',#826,#827,#828);
#831=CARTESIAN_POINT('',(-3.3025E1,4.305E1,3.E0));
#832=DIRECTION('',(0.E0,0.E0,-1.E0));
#833=DIRECTION('',(-1.E0,0.E0,0.E0));
#834=AXIS2_PLACEMENT_3D('',#831,#832,#833);
#836=DIRECTION('',(0.E0,0.E0,1.E0));
#837=VECTOR('',#836,3.E0);
#838=CARTESIAN_POINT('',(-3.5025E1,4.305E1,0.E0));
#839=LINE('',#838,#837);
#840=DIRECTION('',(0.E0,0.E0,1.E0));
#841=VECTOR('',#840,3.E0);
#842=CARTESIAN_POINT('',(-3.5025E1,-4.305E1,0.E0));
#843=LINE('',#842,#841);
#844=CARTESIAN_POINT('',(-3.3025E1,-4.305E1,0.E0));
#845=DIRECTION('',(0.E0,0.E0,1.E0));
#846=DIRECTION('',(-1.E0,0.E0,0.E0));
#847=AXIS2_PLACEMENT_3D('',#844,#845,#846);
#849=CARTESIAN_POINT('',(-3.3025E1,-4.305E1,3.E0));
#850=DIRECTION('',(0.E0,0.E0,-1.E0));
#851=DIRECTION('',(0.E0,-1.E0,0.E0));
#852=AXIS2_PLACEMENT_3D('',#849,#850,#851);
#854=DIRECTION('',(0.E0,0.E0,1.E0));
#855=VECTOR('',#854,3.E0);
#856=CARTESIAN_POINT('',(2.8075E1,-4.505E1,0.E0));
#857=LINE('',#856,#855);
#858=DIRECTION('',(0.E0,0.E0,1.E0));
#859=VECTOR('',#858,3.E0);
#860=CARTESIAN_POINT('',(-3.3025E1,-4.505E1,0.E0));
#861=LINE('',#860,#859);
#862=CARTESIAN_POINT('',(2.8075E1,-4.305E1,0.E0));
#863=DIRECTION('',(0.E0,0.E0,1.E0));
#864=DIRECTION('',(0.E0,-1.E0,0.E0));
#865=AXIS2_PLACEMENT_3D('',#862,#863,#864);
#867=CARTESIAN_POINT('',(2.8075E1,-4.305E1,3.E0));
#868=DIRECTION('',(0.E0,0.E0,-1.E0));
#869=DIRECTION('',(1.E0,0.E0,0.E0));
#870=AXIS2_PLACEMENT_3D('',#867,#868,#869);
#872=DIRECTION('',(0.E0,0.E0,-1.E0));
#873=VECTOR('',#872,3.E0);
#874=CARTESIAN_POINT('',(3.0075E1,-2.E1,3.E0));
#875=LINE('',#874,#873);
#876=DIRECTION('',(0.E0,0.E0,1.E0));
#877=VECTOR('',#876,3.E0);
#878=CARTESIAN_POINT('',(3.0075E1,-4.305E1,0.E0));
#879=LINE('',#878,#877);
#880=DIRECTION('',(2.021421607521E-9,-7.071067811866E-1,-7.071067811865E-1));
#881=VECTOR('',#880,2.121320342967E0);
#882=CARTESIAN_POINT('',(-6.450000000686E1,7.549999999933E1,2.999999999330E0));
#883=LINE('',#882,#881);
#884=DIRECTION('',(-2.021421607521E-9,7.071067811865E-1,-7.071067811865E-1));
#885=VECTOR('',#884,2.121320342967E0);
#886=CARTESIAN_POINT('',(-6.449999999314E1,6.950000000067E1,2.999999999330E0));
#887=LINE('',#886,#885);
#888=CARTESIAN_POINT('',(-6.45E1,7.25E1,1.5E0));
#889=DIRECTION('',(0.E0,0.E0,-1.E0));
#890=DIRECTION('',(0.E0,-1.E0,0.E0));
#891=AXIS2_PLACEMENT_3D('',#888,#889,#890);
#893=DIRECTION('',(1.715231216606E-9,1.676122944423E-10,-1.E0));
#894=VECTOR('',#893,1.499999999749E0);
#895=CARTESIAN_POINT('',(-6.450000000257E1,7.399999999975E1,1.499999999749E0));
#896=LINE('',#895,#894);
#897=CARTESIAN_POINT('',(-6.45E1,7.25E1,1.5E0));
#898=DIRECTION('',(0.E0,0.E0,-1.E0));
#899=DIRECTION('',(0.E0,1.E0,0.E0));
#900=AXIS2_PLACEMENT_3D('',#897,#898,#899);
#902=DIRECTION('',(-1.715240690509E-9,-1.676028205392E-10,-1.E0));
#903=VECTOR('',#902,1.499999999749E0);
#904=CARTESIAN_POINT('',(-6.449999999743E1,7.100000000025E1,1.499999999749E0));
#905=LINE('',#904,#903);
#906=DIRECTION('',(2.021421607521E-9,-7.071067811865E-1,-7.071067811865E-1));
#907=VECTOR('',#906,2.121320342967E0);
#908=CARTESIAN_POINT('',(-2.150000000686E1,7.549999999933E1,2.999999999330E0));
#909=LINE('',#908,#907);
#910=DIRECTION('',(-2.021424957052E-9,7.071067811866E-1,-7.071067811865E-1));
#911=VECTOR('',#910,2.121320342967E0);
#912=CARTESIAN_POINT('',(-2.149999999314E1,6.950000000067E1,2.999999999330E0));
#913=LINE('',#912,#911);
#914=CARTESIAN_POINT('',(-2.15E1,7.25E1,1.5E0));
#915=DIRECTION('',(0.E0,0.E0,-1.E0));
#916=DIRECTION('',(0.E0,-1.E0,0.E0));
#917=AXIS2_PLACEMENT_3D('',#914,#915,#916);
#919=DIRECTION('',(1.715235953558E-9,1.676122944423E-10,-1.E0));
#920=VECTOR('',#919,1.499999999749E0);
#921=CARTESIAN_POINT('',(-2.150000000257E1,7.399999999975E1,1.499999999749E0));
#922=LINE('',#921,#920);
#923=CARTESIAN_POINT('',(-2.15E1,7.25E1,1.5E0));
#924=DIRECTION('',(0.E0,0.E0,-1.E0));
#925=DIRECTION('',(0.E0,1.E0,0.E0));
#926=AXIS2_PLACEMENT_3D('',#923,#924,#925);
#928=DIRECTION('',(-1.715233585082E-9,-1.676122944423E-10,-1.E0));
#929=VECTOR('',#928,1.499999999749E0);
#930=CARTESIAN_POINT('',(-2.149999999743E1,7.100000000025E1,1.499999999749E0));
#931=LINE('',#930,#929);
#932=DIRECTION('',(2.021428306582E-9,-7.071067811865E-1,-7.071067811865E-1));
#933=VECTOR('',#932,2.121320342967E0);
#934=CARTESIAN_POINT('',(6.449999999314E1,7.549999999933E1,2.999999999330E0));
#935=LINE('',#934,#933);
#936=DIRECTION('',(-2.021428306582E-9,7.071067811865E-1,-7.071067811865E-1));
#937=VECTOR('',#936,2.121320342967E0);
#938=CARTESIAN_POINT('',(6.450000000686E1,6.950000000067E1,2.999999999330E0));
#939=LINE('',#938,#937);
#940=CARTESIAN_POINT('',(6.45E1,7.25E1,1.5E0));
#941=DIRECTION('',(0.E0,0.E0,-1.E0));
#942=DIRECTION('',(0.E0,-1.E0,0.E0));
#943=AXIS2_PLACEMENT_3D('',#940,#941,#942);
#945=DIRECTION('',(1.715240690509E-9,1.676028205392E-10,-1.E0));
#946=VECTOR('',#945,1.499999999749E0);
#947=CARTESIAN_POINT('',(6.449999999743E1,7.399999999975E1,1.499999999749E0));
#948=LINE('',#947,#946);
#949=CARTESIAN_POINT('',(6.45E1,7.25E1,1.5E0));
#950=DIRECTION('',(0.E0,0.E0,-1.E0));
#951=DIRECTION('',(0.E0,1.E0,0.E0));
#952=AXIS2_PLACEMENT_3D('',#949,#950,#951);
#954=DIRECTION('',(-1.715231216606E-9,-1.676122944423E-10,-1.E0));
#955=VECTOR('',#954,1.499999999749E0);
#956=CARTESIAN_POINT('',(6.450000000257E1,7.100000000025E1,1.499999999749E0));
#957=LINE('',#956,#955);
#958=DIRECTION('',(2.021423282287E-9,-7.071067811865E-1,-7.071067811865E-1));
#959=VECTOR('',#958,2.121320342967E0);
#960=CARTESIAN_POINT('',(2.149999999314E1,7.549999999933E1,2.999999999330E0));
#961=LINE('',#960,#959);
#962=DIRECTION('',(-2.021419932756E-9,7.071067811866E-1,-7.071067811865E-1));
#963=VECTOR('',#962,2.121320342967E0);
#964=CARTESIAN_POINT('',(2.150000000686E1,6.950000000067E1,2.999999999330E0));
#965=LINE('',#964,#963);
#966=CARTESIAN_POINT('',(2.15E1,7.25E1,1.5E0));
#967=DIRECTION('',(0.E0,0.E0,-1.E0));
#968=DIRECTION('',(0.E0,-1.E0,0.E0));
#969=AXIS2_PLACEMENT_3D('',#966,#967,#968);
#971=DIRECTION('',(1.715233585082E-9,1.676028205392E-10,-1.E0));
#972=VECTOR('',#971,1.499999999749E0);
#973=CARTESIAN_POINT('',(2.149999999743E1,7.399999999975E1,1.499999999749E0));
#974=LINE('',#973,#972);
#975=CARTESIAN_POINT('',(2.15E1,7.25E1,1.5E0));
#976=DIRECTION('',(0.E0,0.E0,-1.E0));
#977=DIRECTION('',(0.E0,1.E0,0.E0));
#978=AXIS2_PLACEMENT_3D('',#975,#976,#977);
#980=DIRECTION('',(-1.715233585082E-9,-1.676028205392E-10,-1.E0));
#981=VECTOR('',#980,1.499999999749E0);
#982=CARTESIAN_POINT('',(2.150000000257E1,7.100000000025E1,1.499999999749E0));
#983=LINE('',#982,#981);
#984=DIRECTION('',(2.021428306582E-9,-7.071067811865E-1,-7.071067811865E-1));
#985=VECTOR('',#984,2.121320342967E0);
#986=CARTESIAN_POINT('',(-6.450000000686E1,-6.950000000067E1,2.999999999330E0));
#987=LINE('',#986,#985);
#988=DIRECTION('',(-2.021428306582E-9,7.071067811865E-1,-7.071067811865E-1));
#989=VECTOR('',#988,2.121320342967E0);
#990=CARTESIAN_POINT('',(-6.449999999314E1,-7.549999999933E1,2.999999999330E0));
#991=LINE('',#990,#989);
#992=CARTESIAN_POINT('',(-6.45E1,-7.25E1,1.5E0));
#993=DIRECTION('',(0.E0,0.E0,-1.E0));
#994=DIRECTION('',(0.E0,-1.E0,0.E0));
#995=AXIS2_PLACEMENT_3D('',#992,#993,#994);
#997=DIRECTION('',(1.715231216606E-9,1.676028205392E-10,-1.E0));
#998=VECTOR('',#997,1.499999999749E0);
#999=CARTESIAN_POINT('',(-6.450000000257E1,-7.100000000025E1,1.499999999749E0));
#1000=LINE('',#999,#998);
#1001=CARTESIAN_POINT('',(-6.45E1,-7.25E1,1.5E0));
#1002=DIRECTION('',(0.E0,0.E0,-1.E0));
#1003=DIRECTION('',(0.E0,1.E0,0.E0));
#1004=AXIS2_PLACEMENT_3D('',#1001,#1002,#1003);
#1006=DIRECTION('',(-1.715240690509E-9,-1.676028205392E-10,-1.E0));
#1007=VECTOR('',#1006,1.499999999749E0);
#1008=CARTESIAN_POINT('',(-6.449999999743E1,-7.399999999975E1,
1.499999999749E0));
#1009=LINE('',#1008,#1007);
#1010=DIRECTION('',(2.021423282287E-9,-7.071067811866E-1,-7.071067811865E-1));
#1011=VECTOR('',#1010,2.121320342967E0);
#1012=CARTESIAN_POINT('',(-2.150000000686E1,-6.950000000067E1,
2.999999999330E0));
#1013=LINE('',#1012,#1011);
#1014=DIRECTION('',(-2.021421607521E-9,7.071067811866E-1,-7.071067811865E-1));
#1015=VECTOR('',#1014,2.121320342967E0);
#1016=CARTESIAN_POINT('',(-2.149999999314E1,-7.549999999933E1,
2.999999999330E0));
#1017=LINE('',#1016,#1015);
#1018=CARTESIAN_POINT('',(-2.15E1,-7.25E1,1.5E0));
#1019=DIRECTION('',(0.E0,0.E0,-1.E0));
#1020=DIRECTION('',(0.E0,-1.E0,0.E0));
#1021=AXIS2_PLACEMENT_3D('',#1018,#1019,#1020);
#1023=DIRECTION('',(1.715233585082E-9,1.676028205392E-10,-1.E0));
#1024=VECTOR('',#1023,1.499999999749E0);
#1025=CARTESIAN_POINT('',(-2.150000000257E1,-7.100000000025E1,
1.499999999749E0));
#1026=LINE('',#1025,#1024);
#1027=CARTESIAN_POINT('',(-2.15E1,-7.25E1,1.5E0));
#1028=DIRECTION('',(0.E0,0.E0,-1.E0));
#1029=DIRECTION('',(0.E0,1.E0,0.E0));
#1030=AXIS2_PLACEMENT_3D('',#1027,#1028,#1029);
#1032=DIRECTION('',(-1.715233585082E-9,-1.676028205392E-10,-1.E0));
#1033=VECTOR('',#1032,1.499999999749E0);
#1034=CARTESIAN_POINT('',(-2.149999999743E1,-7.399999999975E1,
1.499999999749E0));
#1035=LINE('',#1034,#1033);
#1036=DIRECTION('',(2.021428306582E-9,-7.071067811866E-1,-7.071067811865E-1));
#1037=VECTOR('',#1036,2.121320342967E0);
#1038=CARTESIAN_POINT('',(6.449999999314E1,-6.950000000067E1,2.999999999330E0));
#1039=LINE('',#1038,#1037);
#1040=DIRECTION('',(-2.021428306582E-9,7.071067811865E-1,-7.071067811865E-1));
#1041=VECTOR('',#1040,2.121320342967E0);
#1042=CARTESIAN_POINT('',(6.450000000686E1,-7.549999999933E1,2.999999999330E0));
#1043=LINE('',#1042,#1041);
#1044=CARTESIAN_POINT('',(6.45E1,-7.25E1,1.5E0));
#1045=DIRECTION('',(0.E0,0.E0,-1.E0));
#1046=DIRECTION('',(0.E0,-1.E0,0.E0));
#1047=AXIS2_PLACEMENT_3D('',#1044,#1045,#1046);
#1049=DIRECTION('',(1.715240690509E-9,1.676122944423E-10,-1.E0));
#1050=VECTOR('',#1049,1.499999999749E0);
#1051=CARTESIAN_POINT('',(6.449999999743E1,-7.100000000025E1,1.499999999749E0));
#1052=LINE('',#1051,#1050);
#1053=CARTESIAN_POINT('',(6.45E1,-7.25E1,1.5E0));
#1054=DIRECTION('',(0.E0,0.E0,-1.E0));
#1055=DIRECTION('',(0.E0,1.E0,0.E0));
#1056=AXIS2_PLACEMENT_3D('',#1053,#1054,#1055);
#1058=DIRECTION('',(-1.715221742703E-9,-1.676028205392E-10,-1.E0));
#1059=VECTOR('',#1058,1.499999999749E0);
#1060=CARTESIAN_POINT('',(6.450000000257E1,-7.399999999975E1,1.499999999749E0));
#1061=LINE('',#1060,#1059);
#1062=DIRECTION('',(2.021421607521E-9,-7.071067811866E-1,-7.071067811865E-1));
#1063=VECTOR('',#1062,2.121320342967E0);
#1064=CARTESIAN_POINT('',(2.149999999314E1,-6.950000000067E1,2.999999999330E0));
#1065=LINE('',#1064,#1063);
#1066=DIRECTION('',(-2.021421607521E-9,7.071067811865E-1,-7.071067811865E-1));
#1067=VECTOR('',#1066,2.121320342967E0);
#1068=CARTESIAN_POINT('',(2.150000000686E1,-7.549999999933E1,2.999999999330E0));
#1069=LINE('',#1068,#1067);
#1070=CARTESIAN_POINT('',(2.15E1,-7.25E1,1.5E0));
#1071=DIRECTION('',(0.E0,0.E0,-1.E0));
#1072=DIRECTION('',(0.E0,-1.E0,0.E0));
#1073=AXIS2_PLACEMENT_3D('',#1070,#1071,#1072);
#1075=DIRECTION('',(1.715233585082E-9,1.676028205392E-10,-1.E0));
#1076=VECTOR('',#1075,1.499999999749E0);
#1077=CARTESIAN_POINT('',(2.149999999743E1,-7.100000000025E1,1.499999999749E0));
#1078=LINE('',#1077,#1076);
#1079=CARTESIAN_POINT('',(2.15E1,-7.25E1,1.5E0));
#1080=DIRECTION('',(0.E0,0.E0,-1.E0));
#1081=DIRECTION('',(0.E0,1.E0,0.E0));
#1082=AXIS2_PLACEMENT_3D('',#1079,#1080,#1081);
#1084=DIRECTION('',(-1.715233585082E-9,-1.676122944423E-10,-1.E0));
#1085=VECTOR('',#1084,1.499999999749E0);
#1086=CARTESIAN_POINT('',(2.150000000257E1,-7.399999999975E1,1.499999999749E0));
#1087=LINE('',#1086,#1085);
#1088=DIRECTION('',(2.021418257991E-9,-7.071067811865E-1,-7.071067811865E-1));
#1089=VECTOR('',#1088,2.121320342967E0);
#1090=CARTESIAN_POINT('',(4.227499999314E1,1.549999999933E1,2.999999999330E0));
#1091=LINE('',#1090,#1089);
#1092=DIRECTION('',(-2.021418257991E-9,7.071067811865E-1,-7.071067811865E-1));
#1093=VECTOR('',#1092,2.121320342967E0);
#1094=CARTESIAN_POINT('',(4.227500000686E1,9.500000000670E0,2.999999999330E0));
#1095=LINE('',#1094,#1093);
#1096=CARTESIAN_POINT('',(4.2275E1,1.25E1,1.5E0));
#1097=DIRECTION('',(0.E0,0.E0,-1.E0));
#1098=DIRECTION('',(0.E0,-1.E0,0.E0));
#1099=AXIS2_PLACEMENT_3D('',#1096,#1097,#1098);
#1101=DIRECTION('',(1.715235953558E-9,1.676099259665E-10,-1.E0));
#1102=VECTOR('',#1101,1.499999999749E0);
#1103=CARTESIAN_POINT('',(4.227499999743E1,1.399999999975E1,1.499999999749E0));
#1104=LINE('',#1103,#1102);
#1105=CARTESIAN_POINT('',(4.2275E1,1.25E1,1.5E0));
#1106=DIRECTION('',(0.E0,0.E0,-1.E0));
#1107=DIRECTION('',(0.E0,1.E0,0.E0));
#1108=AXIS2_PLACEMENT_3D('',#1105,#1106,#1107);
#1110=DIRECTION('',(-1.715235953558E-9,-1.676122944423E-10,-1.E0));
#1111=VECTOR('',#1110,1.499999999749E0);
#1112=CARTESIAN_POINT('',(4.227500000257E1,1.100000000025E1,1.499999999749E0));
#1113=LINE('',#1112,#1111);
#1114=DIRECTION('',(2.021421607521E-9,-7.071067811865E-1,-7.071067811865E-1));
#1115=VECTOR('',#1114,2.121320342967E0);
#1116=CARTESIAN_POINT('',(4.227499999314E1,-9.500000000670E0,2.999999999330E0));
#1117=LINE('',#1116,#1115);
#1118=DIRECTION('',(-2.021418257991E-9,7.071067811865E-1,-7.071067811865E-1));
#1119=VECTOR('',#1118,2.121320342967E0);
#1120=CARTESIAN_POINT('',(4.227500000686E1,-1.549999999933E1,2.999999999330E0));
#1121=LINE('',#1120,#1119);
#1122=CARTESIAN_POINT('',(4.2275E1,-1.25E1,1.5E0));
#1123=DIRECTION('',(0.E0,0.E0,-1.E0));
#1124=DIRECTION('',(0.E0,-1.E0,0.E0));
#1125=AXIS2_PLACEMENT_3D('',#1122,#1123,#1124);
#1127=DIRECTION('',(1.715235953558E-9,1.676099259665E-10,-1.E0));
#1128=VECTOR('',#1127,1.499999999749E0);
#1129=CARTESIAN_POINT('',(4.227499999743E1,-1.100000000025E1,1.499999999749E0));
#1130=LINE('',#1129,#1128);
#1131=CARTESIAN_POINT('',(4.2275E1,-1.25E1,1.5E0));
#1132=DIRECTION('',(0.E0,0.E0,-1.E0));
#1133=DIRECTION('',(0.E0,1.E0,0.E0));
#1134=AXIS2_PLACEMENT_3D('',#1131,#1132,#1133);
#1136=DIRECTION('',(-1.715240690509E-9,-1.676099259665E-10,-1.E0));
#1137=VECTOR('',#1136,1.499999999749E0);
#1138=CARTESIAN_POINT('',(4.227500000257E1,-1.399999999975E1,1.499999999749E0));
#1139=LINE('',#1138,#1137);
#1140=DIRECTION('',(7.071067811865E-1,-2.021422835665E-9,-7.071067811865E-1));
#1141=VECTOR('',#1140,2.121320342967E0);
#1142=CARTESIAN_POINT('',(-4.602499999933E1,6.860936328031E-9,
2.999999999330E0));
#1143=LINE('',#1142,#1141);
#1144=DIRECTION('',(-7.071067811865E-1,2.021422935363E-9,-7.071067811865E-1));
#1145=VECTOR('',#1144,2.121320342967E0);
#1146=CARTESIAN_POINT('',(-4.002500000067E1,-6.860936427611E-9,
2.999999999330E0));
#1147=LINE('',#1146,#1145);
#1148=CARTESIAN_POINT('',(-4.3025E1,0.E0,1.5E0));
#1149=DIRECTION('',(0.E0,0.E0,-1.E0));
#1150=DIRECTION('',(1.E0,0.E0,0.E0));
#1151=AXIS2_PLACEMENT_3D('',#1148,#1149,#1150);
#1153=DIRECTION('',(-1.676122944423E-10,-1.715234011476E-9,1.E0));
#1154=VECTOR('',#1153,1.499999999749E0);
#1155=CARTESIAN_POINT('',(-4.1525E1,0.E0,0.E0));
#1156=LINE('',#1155,#1154);
#1157=CARTESIAN_POINT('',(-4.3025E1,0.E0,1.5E0));
#1158=DIRECTION('',(0.E0,0.E0,-1.E0));
#1159=DIRECTION('',(-1.E0,0.E0,0.E0));
#1160=AXIS2_PLACEMENT_3D('',#1157,#1158,#1159);
#1162=DIRECTION('',(1.676122944423E-10,1.715234086084E-9,1.E0));
#1163=VECTOR('',#1162,1.499999999749E0);
#1164=CARTESIAN_POINT('',(-4.4525E1,0.E0,0.E0));
#1165=LINE('',#1164,#1163);
#1166=DIRECTION('',(-7.071067811865E-1,2.021422444904E-9,-7.071067811865E-1));
#1167=VECTOR('',#1166,2.121320342967E0);
#1168=CARTESIAN_POINT('',(-4.002500000067E1,1.099999999314E1,2.999999999330E0));
#1169=LINE('',#1168,#1167);
#1170=DIRECTION('',(7.071067811865E-1,-2.021423282287E-9,-7.071067811865E-1));
#1171=VECTOR('',#1170,2.121320342967E0);
#1172=CARTESIAN_POINT('',(-4.602499999933E1,1.100000000686E1,2.999999999330E0));
#1173=LINE('',#1172,#1171);
#1174=CARTESIAN_POINT('',(-4.3025E1,1.1E1,1.5E0));
#1175=DIRECTION('',(0.E0,0.E0,-1.E0));
#1176=DIRECTION('',(-1.E0,0.E0,0.E0));
#1177=AXIS2_PLACEMENT_3D('',#1174,#1175,#1176);
#1179=DIRECTION('',(1.676122944423E-10,1.715233585082E-9,1.E0));
#1180=VECTOR('',#1179,1.499999999749E0);
#1181=CARTESIAN_POINT('',(-4.4525E1,1.1E1,0.E0));
#1182=LINE('',#1181,#1180);
#1183=CARTESIAN_POINT('',(-4.3025E1,1.1E1,1.5E0));
#1184=DIRECTION('',(0.E0,0.E0,-1.E0));
#1185=DIRECTION('',(1.E0,0.E0,0.E0));
#1186=AXIS2_PLACEMENT_3D('',#1183,#1184,#1185);
#1188=DIRECTION('',(-1.676170313939E-10,-1.715233585082E-9,1.E0));
#1189=VECTOR('',#1188,1.499999999749E0);
#1190=CARTESIAN_POINT('',(-4.1525E1,1.1E1,0.E0));
#1191=LINE('',#1190,#1189);
#1192=DIRECTION('',(7.071067811865E-1,-2.021423282287E-9,-7.071067811865E-1));
#1193=VECTOR('',#1192,2.121320342967E0);
#1194=CARTESIAN_POINT('',(-4.602499999933E1,-1.099999999314E1,
2.999999999330E0));
#1195=LINE('',#1194,#1193);
#1196=DIRECTION('',(-7.071067811865E-1,2.021422444904E-9,-7.071067811865E-1));
#1197=VECTOR('',#1196,2.121320342967E0);
#1198=CARTESIAN_POINT('',(-4.002500000067E1,-1.100000000686E1,
2.999999999330E0));
#1199=LINE('',#1198,#1197);
#1200=CARTESIAN_POINT('',(-4.3025E1,-1.1E1,1.5E0));
#1201=DIRECTION('',(0.E0,0.E0,-1.E0));
#1202=DIRECTION('',(1.E0,0.E0,0.E0));
#1203=AXIS2_PLACEMENT_3D('',#1200,#1201,#1202);
#1205=DIRECTION('',(-1.676122944423E-10,-1.715233585082E-9,1.E0));
#1206=VECTOR('',#1205,1.499999999749E0);
#1207=CARTESIAN_POINT('',(-4.1525E1,-1.1E1,0.E0));
#1208=LINE('',#1207,#1206);
#1209=CARTESIAN_POINT('',(-4.3025E1,-1.1E1,1.5E0));
#1210=DIRECTION('',(0.E0,0.E0,-1.E0));
#1211=DIRECTION('',(-1.E0,0.E0,0.E0));
#1212=AXIS2_PLACEMENT_3D('',#1209,#1210,#1211);
#1214=DIRECTION('',(1.676122944423E-10,1.715233585082E-9,1.E0));
#1215=VECTOR('',#1214,1.499999999749E0);
#1216=CARTESIAN_POINT('',(-4.4525E1,-1.1E1,0.E0));
#1217=LINE('',#1216,#1215);
#1218=DIRECTION('',(7.071067811865E-1,-2.021421607521E-9,-7.071067811865E-1));
#1219=VECTOR('',#1218,2.121320342967E0);
#1220=CARTESIAN_POINT('',(6.300000000067E1,-2.599999999314E1,2.999999999330E0));
#1221=LINE('',#1220,#1219);
#1222=DIRECTION('',(-7.071067811865E-1,2.021421607521E-9,-7.071067811865E-1));
#1223=VECTOR('',#1222,2.121320342967E0);
#1224=CARTESIAN_POINT('',(6.899999999933E1,-2.600000000686E1,2.999999999330E0));
#1225=LINE('',#1224,#1223);
#1226=CARTESIAN_POINT('',(6.6E1,-2.6E1,1.5E0));
#1227=DIRECTION('',(0.E0,0.E0,-1.E0));
#1228=DIRECTION('',(1.E0,0.E0,0.E0));
#1229=AXIS2_PLACEMENT_3D('',#1226,#1227,#1228);
#1231=DIRECTION('',(-1.676122944423E-10,-1.715235953558E-9,1.E0));
#1232=VECTOR('',#1231,1.499999999749E0);
#1233=CARTESIAN_POINT('',(6.75E1,-2.6E1,0.E0));
#1234=LINE('',#1233,#1232);
#1235=CARTESIAN_POINT('',(6.6E1,-2.6E1,1.5E0));
#1236=DIRECTION('',(0.E0,0.E0,-1.E0));
#1237=DIRECTION('',(-1.E0,0.E0,0.E0));
#1238=AXIS2_PLACEMENT_3D('',#1235,#1236,#1237);
#1240=DIRECTION('',(1.676122944423E-10,1.715228848130E-9,1.E0));
#1241=VECTOR('',#1240,1.499999999749E0);
#1242=CARTESIAN_POINT('',(6.45E1,-2.6E1,0.E0));
#1243=LINE('',#1242,#1241);
#1244=DIRECTION('',(7.071067811865E-1,-2.021421607521E-9,-7.071067811865E-1));
#1245=VECTOR('',#1244,2.121320342967E0);
#1246=CARTESIAN_POINT('',(6.300000000067E1,2.600000000686E1,2.999999999330E0));
#1247=LINE('',#1246,#1245);
#1248=DIRECTION('',(-7.071067811865E-1,2.021424957052E-9,-7.071067811865E-1));
#1249=VECTOR('',#1248,2.121320342967E0);
#1250=CARTESIAN_POINT('',(6.899999999933E1,2.599999999314E1,2.999999999330E0));
#1251=LINE('',#1250,#1249);
#1252=CARTESIAN_POINT('',(6.6E1,2.6E1,1.5E0));
#1253=DIRECTION('',(0.E0,0.E0,-1.E0));
#1254=DIRECTION('',(1.E0,0.E0,0.E0));
#1255=AXIS2_PLACEMENT_3D('',#1252,#1253,#1254);
#1257=DIRECTION('',(-1.676122944423E-10,-1.715235953558E-9,1.E0));
#1258=VECTOR('',#1257,1.499999999749E0);
#1259=CARTESIAN_POINT('',(6.75E1,2.6E1,0.E0));
#1260=LINE('',#1259,#1258);
#1261=CARTESIAN_POINT('',(6.6E1,2.6E1,1.5E0));
#1262=DIRECTION('',(0.E0,0.E0,-1.E0));
#1263=DIRECTION('',(-1.E0,0.E0,0.E0));
#1264=AXIS2_PLACEMENT_3D('',#1261,#1262,#1263);
#1266=DIRECTION('',(1.676028205392E-10,1.715231216606E-9,1.E0));
#1267=VECTOR('',#1266,1.499999999749E0);
#1268=CARTESIAN_POINT('',(6.45E1,2.6E1,0.E0));
#1269=LINE('',#1268,#1267);
#1270=DIRECTION('',(-7.071067811865E-1,2.021421607521E-9,-7.071067811865E-1));
#1271=VECTOR('',#1270,2.121320342967E0);
#1272=CARTESIAN_POINT('',(-6.300000000067E1,-2.600000000686E1,
2.999999999330E0));
#1273=LINE('',#1272,#1271);
#1274=DIRECTION('',(7.071067811865E-1,-2.021426631817E-9,-7.071067811865E-1));
#1275=VECTOR('',#1274,2.121320342967E0);
#1276=CARTESIAN_POINT('',(-6.899999999933E1,-2.599999999314E1,
2.999999999330E0));
#1277=LINE('',#1276,#1275);
#1278=CARTESIAN_POINT('',(-6.6E1,-2.6E1,1.5E0));
#1279=DIRECTION('',(0.E0,0.E0,-1.E0));
#1280=DIRECTION('',(-1.E0,0.E0,0.E0));
#1281=AXIS2_PLACEMENT_3D('',#1278,#1279,#1280);
#1283=DIRECTION('',(1.676122944423E-10,1.715235953558E-9,1.E0));
#1284=VECTOR('',#1283,1.499999999749E0);
#1285=CARTESIAN_POINT('',(-6.75E1,-2.6E1,0.E0));
#1286=LINE('',#1285,#1284);
#1287=CARTESIAN_POINT('',(-6.6E1,-2.6E1,1.5E0));
#1288=DIRECTION('',(0.E0,0.E0,-1.E0));
#1289=DIRECTION('',(1.E0,0.E0,0.E0));
#1290=AXIS2_PLACEMENT_3D('',#1287,#1288,#1289);
#1292=DIRECTION('',(-1.676028205392E-10,-1.715235953558E-9,1.E0));
#1293=VECTOR('',#1292,1.499999999749E0);
#1294=CARTESIAN_POINT('',(-6.45E1,-2.6E1,0.E0));
#1295=LINE('',#1294,#1293);
#1296=DIRECTION('',(7.071067811865E-1,-2.021421607521E-9,-7.071067811865E-1));
#1297=VECTOR('',#1296,2.121320342967E0);
#1298=CARTESIAN_POINT('',(-6.899999999933E1,2.600000000686E1,2.999999999330E0));
#1299=LINE('',#1298,#1297);
#1300=DIRECTION('',(-7.071067811866E-1,2.021423282287E-9,-7.071067811865E-1));
#1301=VECTOR('',#1300,2.121320342967E0);
#1302=CARTESIAN_POINT('',(-6.300000000067E1,2.599999999314E1,2.999999999330E0));
#1303=LINE('',#1302,#1301);
#1304=CARTESIAN_POINT('',(-6.6E1,2.6E1,1.5E0));
#1305=DIRECTION('',(0.E0,0.E0,-1.E0));
#1306=DIRECTION('',(1.E0,0.E0,0.E0));
#1307=AXIS2_PLACEMENT_3D('',#1304,#1305,#1306);
#1309=DIRECTION('',(-1.676122944423E-10,-1.715235953558E-9,1.E0));
#1310=VECTOR('',#1309,1.499999999749E0);
#1311=CARTESIAN_POINT('',(-6.45E1,2.6E1,0.E0));
#1312=LINE('',#1311,#1310);
#1313=CARTESIAN_POINT('',(-6.6E1,2.6E1,1.5E0));
#1314=DIRECTION('',(0.E0,0.E0,-1.E0));
#1315=DIRECTION('',(-1.E0,0.E0,0.E0));
#1316=AXIS2_PLACEMENT_3D('',#1313,#1314,#1315);
#1318=DIRECTION('',(1.676122944423E-10,1.715231216606E-9,1.E0));
#1319=VECTOR('',#1318,1.499999999749E0);
#1320=CARTESIAN_POINT('',(-6.75E1,2.6E1,0.E0));
#1321=LINE('',#1320,#1319);
#1322=DIRECTION('',(7.071067811865E-1,-2.021419932756E-9,-7.071067811865E-1));
#1323=VECTOR('',#1322,2.121320342967E0);
#1324=CARTESIAN_POINT('',(-4.252499999933E1,3.155000000686E1,2.999999999330E0));
#1325=LINE('',#1324,#1323);
#1326=DIRECTION('',(-7.071067811865E-1,2.021424957052E-9,-7.071067811865E-1));
#1327=VECTOR('',#1326,2.121320342967E0);
#1328=CARTESIAN_POINT('',(-3.652500000067E1,3.154999999314E1,2.999999999330E0));
#1329=LINE('',#1328,#1327);
#1330=CARTESIAN_POINT('',(-3.9525E1,3.155E1,1.5E0));
#1331=DIRECTION('',(0.E0,0.E0,-1.E0));
#1332=DIRECTION('',(1.E0,0.E0,0.E0));
#1333=AXIS2_PLACEMENT_3D('',#1330,#1331,#1332);
#1335=DIRECTION('',(-1.676122944423E-10,-1.715233585082E-9,1.E0));
#1336=VECTOR('',#1335,1.499999999749E0);
#1337=CARTESIAN_POINT('',(-3.8025E1,3.155E1,0.E0));
#1338=LINE('',#1337,#1336);
#1339=CARTESIAN_POINT('',(-3.9525E1,3.155E1,1.5E0));
#1340=DIRECTION('',(0.E0,0.E0,-1.E0));
#1341=DIRECTION('',(-1.E0,0.E0,0.E0));
#1342=AXIS2_PLACEMENT_3D('',#1339,#1340,#1341);
#1344=DIRECTION('',(1.676122944423E-10,1.715231216606E-9,1.E0));
#1345=VECTOR('',#1344,1.499999999749E0);
#1346=CARTESIAN_POINT('',(-4.1025E1,3.155E1,0.E0));
#1347=LINE('',#1346,#1345);
#1348=DIRECTION('',(7.071067811865E-1,-2.021418257991E-9,-7.071067811865E-1));
#1349=VECTOR('',#1348,2.121320342967E0);
#1350=CARTESIAN_POINT('',(-2.452499999933E1,4.955000000686E1,2.999999999330E0));
#1351=LINE('',#1350,#1349);
#1352=DIRECTION('',(-7.071067811865E-1,2.021421607521E-9,-7.071067811865E-1));
#1353=VECTOR('',#1352,2.121320342967E0);
#1354=CARTESIAN_POINT('',(-1.852500000067E1,4.954999999314E1,2.999999999330E0));
#1355=LINE('',#1354,#1353);
#1356=CARTESIAN_POINT('',(-2.1525E1,4.955E1,1.5E0));
#1357=DIRECTION('',(0.E0,0.E0,-1.E0));
#1358=DIRECTION('',(1.E0,0.E0,0.E0));
#1359=AXIS2_PLACEMENT_3D('',#1356,#1357,#1358);
#1361=DIRECTION('',(-1.676099259665E-10,-1.715235953558E-9,1.E0));
#1362=VECTOR('',#1361,1.499999999749E0);
#1363=CARTESIAN_POINT('',(-2.0025E1,4.955E1,0.E0));
#1364=LINE('',#1363,#1362);
#1365=CARTESIAN_POINT('',(-2.1525E1,4.955E1,1.5E0));
#1366=DIRECTION('',(0.E0,0.E0,-1.E0));
#1367=DIRECTION('',(-1.E0,0.E0,0.E0));
#1368=AXIS2_PLACEMENT_3D('',#1365,#1366,#1367);
#1370=DIRECTION('',(1.676099259665E-10,1.715235953558E-9,1.E0));
#1371=VECTOR('',#1370,1.499999999749E0);
#1372=CARTESIAN_POINT('',(-2.3025E1,4.955E1,0.E0));
#1373=LINE('',#1372,#1371);
#1374=DIRECTION('',(7.071067811865E-1,-2.021421607521E-9,-7.071067811865E-1));
#1375=VECTOR('',#1374,2.121320342967E0);
#1376=CARTESIAN_POINT('',(-4.252499999933E1,4.955000000686E1,2.999999999330E0));
#1377=LINE('',#1376,#1375);
#1378=DIRECTION('',(-7.071067811865E-1,2.021421607521E-9,-7.071067811865E-1));
#1379=VECTOR('',#1378,2.121320342967E0);
#1380=CARTESIAN_POINT('',(-3.652500000067E1,4.954999999314E1,2.999999999330E0));
#1381=LINE('',#1380,#1379);
#1382=CARTESIAN_POINT('',(-3.9525E1,4.955E1,1.5E0));
#1383=DIRECTION('',(0.E0,0.E0,-1.E0));
#1384=DIRECTION('',(1.E0,0.E0,0.E0));
#1385=AXIS2_PLACEMENT_3D('',#1382,#1383,#1384);
#1387=DIRECTION('',(-1.676122944423E-10,-1.715235953558E-9,1.E0));
#1388=VECTOR('',#1387,1.499999999749E0);
#1389=CARTESIAN_POINT('',(-3.8025E1,4.955E1,0.E0));
#1390=LINE('',#1389,#1388);
#1391=CARTESIAN_POINT('',(-3.9525E1,4.955E1,1.5E0));
#1392=DIRECTION('',(0.E0,0.E0,-1.E0));
#1393=DIRECTION('',(-1.E0,0.E0,0.E0));
#1394=AXIS2_PLACEMENT_3D('',#1391,#1392,#1393);
#1396=DIRECTION('',(1.676122944423E-10,1.715235953558E-9,1.E0));
#1397=VECTOR('',#1396,1.499999999749E0);
#1398=CARTESIAN_POINT('',(-4.1025E1,4.955E1,0.E0));
#1399=LINE('',#1398,#1397);
#1400=DIRECTION('',(-7.071067811865E-1,2.021421607521E-9,-7.071067811865E-1));
#1401=VECTOR('',#1400,2.121320342967E0);
#1402=CARTESIAN_POINT('',(-3.652500000067E1,-3.155000000686E1,
2.999999999330E0));
#1403=LINE('',#1402,#1401);
#1404=DIRECTION('',(7.071067811865E-1,-2.021426631817E-9,-7.071067811865E-1));
#1405=VECTOR('',#1404,2.121320342967E0);
#1406=CARTESIAN_POINT('',(-4.252499999933E1,-3.154999999314E1,
2.999999999330E0));
#1407=LINE('',#1406,#1405);
#1408=CARTESIAN_POINT('',(-3.9525E1,-3.155E1,1.5E0));
#1409=DIRECTION('',(0.E0,0.E0,-1.E0));
#1410=DIRECTION('',(-1.E0,0.E0,0.E0));
#1411=AXIS2_PLACEMENT_3D('',#1408,#1409,#1410);
#1413=DIRECTION('',(1.676122944423E-10,1.715238322033E-9,1.E0));
#1414=VECTOR('',#1413,1.499999999749E0);
#1415=CARTESIAN_POINT('',(-4.1025E1,-3.155E1,0.E0));
#1416=LINE('',#1415,#1414);
#1417=CARTESIAN_POINT('',(-3.9525E1,-3.155E1,1.5E0));
#1418=DIRECTION('',(0.E0,0.E0,-1.E0));
#1419=DIRECTION('',(1.E0,0.E0,0.E0));
#1420=AXIS2_PLACEMENT_3D('',#1417,#1418,#1419);
#1422=DIRECTION('',(-1.676122944423E-10,-1.715231216606E-9,1.E0));
#1423=VECTOR('',#1422,1.499999999749E0);
#1424=CARTESIAN_POINT('',(-3.8025E1,-3.155E1,0.E0));
#1425=LINE('',#1424,#1423);
#1426=DIRECTION('',(7.071067811865E-1,-2.021428306582E-9,-7.071067811865E-1));
#1427=VECTOR('',#1426,2.121320342967E0);
#1428=CARTESIAN_POINT('',(-2.452499999933E1,-4.954999999314E1,
2.999999999330E0));
#1429=LINE('',#1428,#1427);
#1430=DIRECTION('',(-7.071067811865E-1,2.021418257991E-9,-7.071067811865E-1));
#1431=VECTOR('',#1430,2.121320342967E0);
#1432=CARTESIAN_POINT('',(-1.852500000067E1,-4.955000000686E1,
2.999999999330E0));
#1433=LINE('',#1432,#1431);
#1434=CARTESIAN_POINT('',(-2.1525E1,-4.955E1,1.5E0));
#1435=DIRECTION('',(0.E0,0.E0,-1.E0));
#1436=DIRECTION('',(1.E0,0.E0,0.E0));
#1437=AXIS2_PLACEMENT_3D('',#1434,#1435,#1436);
#1439=DIRECTION('',(-1.676122944423E-10,-1.715240690509E-9,1.E0));
#1440=VECTOR('',#1439,1.499999999749E0);
#1441=CARTESIAN_POINT('',(-2.0025E1,-4.955E1,0.E0));
#1442=LINE('',#1441,#1440);
#1443=CARTESIAN_POINT('',(-2.1525E1,-4.955E1,1.5E0));
#1444=DIRECTION('',(0.E0,0.E0,-1.E0));
#1445=DIRECTION('',(-1.E0,0.E0,0.E0));
#1446=AXIS2_PLACEMENT_3D('',#1443,#1444,#1445);
#1448=DIRECTION('',(1.676099259665E-10,1.715235953558E-9,1.E0));
#1449=VECTOR('',#1448,1.499999999749E0);
#1450=CARTESIAN_POINT('',(-2.3025E1,-4.955E1,0.E0));
#1451=LINE('',#1450,#1449);
#1452=DIRECTION('',(7.071067811865E-1,-2.021428306582E-9,-7.071067811865E-1));
#1453=VECTOR('',#1452,2.121320342967E0);
#1454=CARTESIAN_POINT('',(-4.252499999933E1,-4.954999999314E1,
2.999999999330E0));
#1455=LINE('',#1454,#1453);
#1456=DIRECTION('',(-7.071067811865E-1,2.021418257991E-9,-7.071067811865E-1));
#1457=VECTOR('',#1456,2.121320342967E0);
#1458=CARTESIAN_POINT('',(-3.652500000067E1,-4.955000000686E1,
2.999999999330E0));
#1459=LINE('',#1458,#1457);
#1460=CARTESIAN_POINT('',(-3.9525E1,-4.955E1,1.5E0));
#1461=DIRECTION('',(0.E0,0.E0,-1.E0));
#1462=DIRECTION('',(1.E0,0.E0,0.E0));
#1463=AXIS2_PLACEMENT_3D('',#1460,#1461,#1462);
#1465=DIRECTION('',(-1.676122944423E-10,-1.715235953558E-9,1.E0));
#1466=VECTOR('',#1465,1.499999999749E0);
#1467=CARTESIAN_POINT('',(-3.8025E1,-4.955E1,0.E0));
#1468=LINE('',#1467,#1466);
#1469=CARTESIAN_POINT('',(-3.9525E1,-4.955E1,1.5E0));
#1470=DIRECTION('',(0.E0,0.E0,-1.E0));
#1471=DIRECTION('',(-1.E0,0.E0,0.E0));
#1472=AXIS2_PLACEMENT_3D('',#1469,#1470,#1471);
#1474=DIRECTION('',(1.676122944423E-10,1.715235953558E-9,1.E0));
#1475=VECTOR('',#1474,1.499999999749E0);
#1476=CARTESIAN_POINT('',(-4.1025E1,-4.955E1,0.E0));
#1477=LINE('',#1476,#1475);
#1478=CARTESIAN_POINT('',(4.2275E1,-1.1E1,0.E0));
#1479=CARTESIAN_POINT('',(4.2275E1,-1.4E1,0.E0));
#1480=VERTEX_POINT('',#1478);
#1481=VERTEX_POINT('',#1479);
#1482=CARTESIAN_POINT('',(4.2275E1,1.4E1,0.E0));
#1483=CARTESIAN_POINT('',(4.2275E1,1.1E1,0.E0));
#1484=VERTEX_POINT('',#1482);
#1485=VERTEX_POINT('',#1483);
#1486=CARTESIAN_POINT('',(-3.3025E1,4.505E1,0.E0));
#1487=CARTESIAN_POINT('',(-3.3025E1,4.505E1,3.E0));
#1488=VERTEX_POINT('',#1486);
#1489=VERTEX_POINT('',#1487);
#1490=CARTESIAN_POINT('',(-3.5025E1,4.305E1,0.E0));
#1491=CARTESIAN_POINT('',(-3.5025E1,4.305E1,3.E0));
#1492=VERTEX_POINT('',#1490);
#1493=VERTEX_POINT('',#1491);
#1494=CARTESIAN_POINT('',(-3.5025E1,-4.305E1,0.E0));
#1495=CARTESIAN_POINT('',(-3.5025E1,-4.305E1,3.E0));
#1496=VERTEX_POINT('',#1494);
#1497=VERTEX_POINT('',#1495);
#1498=CARTESIAN_POINT('',(-3.3025E1,-4.505E1,0.E0));
#1499=CARTESIAN_POINT('',(-3.3025E1,-4.505E1,3.E0));
#1500=VERTEX_POINT('',#1498);
#1501=VERTEX_POINT('',#1499);
#1502=CARTESIAN_POINT('',(-7.E1,8.05E1,0.E0));
#1503=CARTESIAN_POINT('',(-6.8E1,8.25E1,0.E0));
#1504=VERTEX_POINT('',#1502);
#1505=VERTEX_POINT('',#1503);
#1506=CARTESIAN_POINT('',(-6.8E1,8.25E1,3.E0));
#1507=VERTEX_POINT('',#1506);
#1508=CARTESIAN_POINT('',(-7.E1,8.05E1,3.E0));
#1509=VERTEX_POINT('',#1508);
#1510=CARTESIAN_POINT('',(-6.8E1,-8.25E1,0.E0));
#1511=CARTESIAN_POINT('',(-7.E1,-8.05E1,0.E0));
#1512=VERTEX_POINT('',#1510);
#1513=VERTEX_POINT('',#1511);
#1514=CARTESIAN_POINT('',(-7.E1,-8.05E1,3.E0));
#1515=VERTEX_POINT('',#1514);
#1516=CARTESIAN_POINT('',(-6.8E1,-8.25E1,3.E0));
#1517=VERTEX_POINT('',#1516);
#1518=CARTESIAN_POINT('',(7.E1,-8.05E1,0.E0));
#1519=CARTESIAN_POINT('',(6.8E1,-8.25E1,0.E0));
#1520=VERTEX_POINT('',#1518);
#1521=VERTEX_POINT('',#1519);
#1522=CARTESIAN_POINT('',(6.8E1,-8.25E1,3.E0));
#1523=VERTEX_POINT('',#1522);
#1524=CARTESIAN_POINT('',(7.E1,-8.05E1,3.E0));
#1525=VERTEX_POINT('',#1524);
#1526=CARTESIAN_POINT('',(6.8E1,8.25E1,0.E0));
#1527=CARTESIAN_POINT('',(7.E1,8.05E1,0.E0));
#1528=VERTEX_POINT('',#1526);
#1529=VERTEX_POINT('',#1527);
#1530=CARTESIAN_POINT('',(7.E1,8.05E1,3.E0));
#1531=VERTEX_POINT('',#1530);
#1532=CARTESIAN_POINT('',(6.8E1,8.25E1,3.E0));
#1533=VERTEX_POINT('',#1532);
#1534=CARTESIAN_POINT('',(2.15E1,-7.1E1,0.E0));
#1535=CARTESIAN_POINT('',(2.15E1,-7.4E1,0.E0));
#1536=VERTEX_POINT('',#1534);
#1537=VERTEX_POINT('',#1535);
#1538=CARTESIAN_POINT('',(6.45E1,-7.1E1,0.E0));
#1539=CARTESIAN_POINT('',(6.45E1,-7.4E1,0.E0));
#1540=VERTEX_POINT('',#1538);
#1541=VERTEX_POINT('',#1539);
#1542=CARTESIAN_POINT('',(-2.15E1,-7.1E1,0.E0));
#1543=CARTESIAN_POINT('',(-2.15E1,-7.4E1,0.E0));
#1544=VERTEX_POINT('',#1542);
#1545=VERTEX_POINT('',#1543);
#1546=CARTESIAN_POINT('',(-6.45E1,-7.1E1,0.E0));
#1547=CARTESIAN_POINT('',(-6.45E1,-7.4E1,0.E0));
#1548=VERTEX_POINT('',#1546);
#1549=VERTEX_POINT('',#1547);
#1550=CARTESIAN_POINT('',(2.15E1,7.4E1,0.E0));
#1551=CARTESIAN_POINT('',(2.15E1,7.1E1,0.E0));
#1552=VERTEX_POINT('',#1550);
#1553=VERTEX_POINT('',#1551);
#1554=CARTESIAN_POINT('',(6.45E1,7.4E1,0.E0));
#1555=CARTESIAN_POINT('',(6.45E1,7.1E1,0.E0));
#1556=VERTEX_POINT('',#1554);
#1557=VERTEX_POINT('',#1555);
#1558=CARTESIAN_POINT('',(-2.15E1,7.4E1,0.E0));
#1559=CARTESIAN_POINT('',(-2.15E1,7.1E1,0.E0));
#1560=VERTEX_POINT('',#1558);
#1561=VERTEX_POINT('',#1559);
#1562=CARTESIAN_POINT('',(-6.45E1,7.4E1,0.E0));
#1563=CARTESIAN_POINT('',(-6.45E1,7.1E1,0.E0));
#1564=VERTEX_POINT('',#1562);
#1565=VERTEX_POINT('',#1563);
#1566=CARTESIAN_POINT('',(2.8075E1,4.505E1,3.E0));
#1567=CARTESIAN_POINT('',(2.8075E1,4.505E1,0.E0));
#1568=VERTEX_POINT('',#1566);
#1569=VERTEX_POINT('',#1567);
#1570=CARTESIAN_POINT('',(3.0075E1,4.305E1,3.E0));
#1571=CARTESIAN_POINT('',(3.0075E1,4.305E1,0.E0));
#1572=VERTEX_POINT('',#1570);
#1573=VERTEX_POINT('',#1571);
#1574=CARTESIAN_POINT('',(2.8075E1,-4.505E1,0.E0));
#1575=CARTESIAN_POINT('',(2.8075E1,-4.505E1,3.E0));
#1576=VERTEX_POINT('',#1574);
#1577=VERTEX_POINT('',#1575);
#1578=CARTESIAN_POINT('',(3.0075E1,-4.305E1,0.E0));
#1579=CARTESIAN_POINT('',(3.0075E1,-4.305E1,3.E0));
#1580=VERTEX_POINT('',#1578);
#1581=VERTEX_POINT('',#1579);
#1582=CARTESIAN_POINT('',(3.5025E1,-1.9E1,0.E0));
#1583=CARTESIAN_POINT('',(3.5025E1,-1.9E1,3.E0));
#1584=VERTEX_POINT('',#1582);
#1585=VERTEX_POINT('',#1583);
#1586=CARTESIAN_POINT('',(3.5025E1,1.9E1,0.E0));
#1587=CARTESIAN_POINT('',(3.5025E1,1.9E1,3.E0));
#1588=VERTEX_POINT('',#1586);
#1589=VERTEX_POINT('',#1587);
#1590=CARTESIAN_POINT('',(3.5025E1,-1.417157287525E1,3.E0));
#1591=CARTESIAN_POINT('',(3.569166666666E1,-1.511438191684E1,3.E0));
#1592=VERTEX_POINT('',#1590);
#1593=VERTEX_POINT('',#1591);
#1594=CARTESIAN_POINT('',(3.569166666667E1,-1.511438191684E1,0.E0));
#1595=VERTEX_POINT('',#1594);
#1596=CARTESIAN_POINT('',(3.5025E1,-1.417157287525E1,0.E0));
#1597=VERTEX_POINT('',#1596);
#1598=CARTESIAN_POINT('',(3.5025E1,1.417157287525E1,0.E0));
#1599=CARTESIAN_POINT('',(3.569166666667E1,1.511438191684E1,0.E0));
#1600=VERTEX_POINT('',#1598);
#1601=VERTEX_POINT('',#1599);
#1602=CARTESIAN_POINT('',(3.569166666667E1,1.511438191684E1,3.E0));
#1603=VERTEX_POINT('',#1602);
#1604=CARTESIAN_POINT('',(3.5025E1,1.417157287525E1,3.E0));
#1605=VERTEX_POINT('',#1604);
#1606=CARTESIAN_POINT('',(4.6025E1,2.E0,0.E0));
#1607=CARTESIAN_POINT('',(4.6025E1,2.E0,1.E0));
#1608=VERTEX_POINT('',#1606);
#1609=VERTEX_POINT('',#1607);
#1610=CARTESIAN_POINT('',(4.6025E1,-2.E0,1.E0));
#1611=VERTEX_POINT('',#1610);
#1612=CARTESIAN_POINT('',(4.6025E1,-2.E0,0.E0));
#1613=VERTEX_POINT('',#1612);
#1614=CARTESIAN_POINT('',(3.6025E1,2.E0,0.E0));
#1615=CARTESIAN_POINT('',(3.6025E1,2.E0,1.E0));
#1616=VERTEX_POINT('',#1614);
#1617=VERTEX_POINT('',#1615);
#1618=CARTESIAN_POINT('',(3.5025E1,3.E0,0.E0));
#1619=VERTEX_POINT('',#1618);
#1620=CARTESIAN_POINT('',(3.5025E1,3.E0,1.E0));
#1621=VERTEX_POINT('',#1620);
#1622=CARTESIAN_POINT('',(3.5025E1,-3.E0,0.E0));
#1623=CARTESIAN_POINT('',(3.6025E1,-2.E0,0.E0));
#1624=VERTEX_POINT('',#1622);
#1625=VERTEX_POINT('',#1623);
#1626=CARTESIAN_POINT('',(3.6025E1,-2.E0,1.E0));
#1627=VERTEX_POINT('',#1626);
#1628=CARTESIAN_POINT('',(3.5025E1,-3.E0,1.E0));
#1629=VERTEX_POINT('',#1628);
#1630=CARTESIAN_POINT('',(3.0075E1,-2.E1,0.E0));
#1631=CARTESIAN_POINT('',(3.1075E1,-1.9E1,0.E0));
#1632=VERTEX_POINT('',#1630);
#1633=VERTEX_POINT('',#1631);
#1634=CARTESIAN_POINT('',(3.1075E1,-1.9E1,3.E0));
#1635=VERTEX_POINT('',#1634);
#1636=CARTESIAN_POINT('',(3.0075E1,-2.E1,3.E0));
#1637=VERTEX_POINT('',#1636);
#1638=CARTESIAN_POINT('',(3.1075E1,1.9E1,0.E0));
#1639=CARTESIAN_POINT('',(3.0075E1,2.E1,0.E0));
#1640=VERTEX_POINT('',#1638);
#1641=VERTEX_POINT('',#1639);
#1642=CARTESIAN_POINT('',(3.0075E1,2.E1,3.E0));
#1643=VERTEX_POINT('',#1642);
#1644=CARTESIAN_POINT('',(3.1075E1,1.9E1,3.E0));
#1645=VERTEX_POINT('',#1644);
#1646=CARTESIAN_POINT('',(-3.8025E1,-4.955E1,0.E0));
#1647=CARTESIAN_POINT('',(-4.1025E1,-4.955E1,0.E0));
#1648=VERTEX_POINT('',#1646);
#1649=VERTEX_POINT('',#1647);
#1650=CARTESIAN_POINT('',(-2.0025E1,-4.955E1,0.E0));
#1651=CARTESIAN_POINT('',(-2.3025E1,-4.955E1,0.E0));
#1652=VERTEX_POINT('',#1650);
#1653=VERTEX_POINT('',#1651);
#1654=CARTESIAN_POINT('',(-3.8025E1,-3.155E1,0.E0));
#1655=CARTESIAN_POINT('',(-4.1025E1,-3.155E1,0.E0));
#1656=VERTEX_POINT('',#1654);
#1657=VERTEX_POINT('',#1655);
#1658=CARTESIAN_POINT('',(-3.8025E1,4.955E1,0.E0));
#1659=CARTESIAN_POINT('',(-4.1025E1,4.955E1,0.E0));
#1660=VERTEX_POINT('',#1658);
#1661=VERTEX_POINT('',#1659);
#1662=CARTESIAN_POINT('',(-2.0025E1,4.955E1,0.E0));
#1663=CARTESIAN_POINT('',(-2.3025E1,4.955E1,0.E0));
#1664=VERTEX_POINT('',#1662);
#1665=VERTEX_POINT('',#1663);
#1666=CARTESIAN_POINT('',(-3.8025E1,3.155E1,0.E0));
#1667=CARTESIAN_POINT('',(-4.1025E1,3.155E1,0.E0));
#1668=VERTEX_POINT('',#1666);
#1669=VERTEX_POINT('',#1667);
#1670=CARTESIAN_POINT('',(-4.1525E1,-1.1E1,0.E0));
#1671=CARTESIAN_POINT('',(-4.4525E1,-1.1E1,0.E0));
#1672=VERTEX_POINT('',#1670);
#1673=VERTEX_POINT('',#1671);
#1674=CARTESIAN_POINT('',(-4.1525E1,1.1E1,0.E0));
#1675=CARTESIAN_POINT('',(-4.4525E1,1.1E1,0.E0));
#1676=VERTEX_POINT('',#1674);
#1677=VERTEX_POINT('',#1675);
#1678=CARTESIAN_POINT('',(-4.1525E1,0.E0,0.E0));
#1679=CARTESIAN_POINT('',(-4.4525E1,0.E0,0.E0));
#1680=VERTEX_POINT('',#1678);
#1681=VERTEX_POINT('',#1679);
#1682=CARTESIAN_POINT('',(-6.45E1,2.6E1,0.E0));
#1683=CARTESIAN_POINT('',(-6.75E1,2.6E1,0.E0));
#1684=VERTEX_POINT('',#1682);
#1685=VERTEX_POINT('',#1683);
#1686=CARTESIAN_POINT('',(-6.45E1,-2.6E1,0.E0));
#1687=CARTESIAN_POINT('',(-6.75E1,-2.6E1,0.E0));
#1688=VERTEX_POINT('',#1686);
#1689=VERTEX_POINT('',#1687);
#1690=CARTESIAN_POINT('',(6.75E1,2.6E1,0.E0));
#1691=CARTESIAN_POINT('',(6.45E1,2.6E1,0.E0));
#1692=VERTEX_POINT('',#1690);
#1693=VERTEX_POINT('',#1691);
#1694=CARTESIAN_POINT('',(6.75E1,-2.6E1,0.E0));
#1695=CARTESIAN_POINT('',(6.45E1,-2.6E1,0.E0));
#1696=VERTEX_POINT('',#1694);
#1697=VERTEX_POINT('',#1695);
#1698=CARTESIAN_POINT('',(-6.45E1,7.55E1,3.E0));
#1699=CARTESIAN_POINT('',(-6.45E1,6.95E1,3.E0));
#1700=VERTEX_POINT('',#1698);
#1701=VERTEX_POINT('',#1699);
#1702=CARTESIAN_POINT('',(-6.45E1,7.4E1,1.5E0));
#1703=CARTESIAN_POINT('',(-6.45E1,7.1E1,1.5E0));
#1704=VERTEX_POINT('',#1702);
#1705=VERTEX_POINT('',#1703);
#1706=CARTESIAN_POINT('',(-2.15E1,7.55E1,3.E0));
#1707=CARTESIAN_POINT('',(-2.15E1,6.95E1,3.E0));
#1708=VERTEX_POINT('',#1706);
#1709=VERTEX_POINT('',#1707);
#1710=CARTESIAN_POINT('',(-2.15E1,7.4E1,1.5E0));
#1711=CARTESIAN_POINT('',(-2.15E1,7.1E1,1.5E0));
#1712=VERTEX_POINT('',#1710);
#1713=VERTEX_POINT('',#1711);
#1714=CARTESIAN_POINT('',(6.45E1,7.55E1,3.E0));
#1715=CARTESIAN_POINT('',(6.45E1,6.95E1,3.E0));
#1716=VERTEX_POINT('',#1714);
#1717=VERTEX_POINT('',#1715);
#1718=CARTESIAN_POINT('',(6.45E1,7.4E1,1.5E0));
#1719=CARTESIAN_POINT('',(6.45E1,7.1E1,1.5E0));
#1720=VERTEX_POINT('',#1718);
#1721=VERTEX_POINT('',#1719);
#1722=CARTESIAN_POINT('',(2.15E1,7.55E1,3.E0));
#1723=CARTESIAN_POINT('',(2.15E1,6.95E1,3.E0));
#1724=VERTEX_POINT('',#1722);
#1725=VERTEX_POINT('',#1723);
#1726=CARTESIAN_POINT('',(2.15E1,7.4E1,1.5E0));
#1727=CARTESIAN_POINT('',(2.15E1,7.1E1,1.5E0));
#1728=VERTEX_POINT('',#1726);
#1729=VERTEX_POINT('',#1727);
#1730=CARTESIAN_POINT('',(-6.45E1,-6.95E1,3.E0));
#1731=CARTESIAN_POINT('',(-6.45E1,-7.55E1,3.E0));
#1732=VERTEX_POINT('',#1730);
#1733=VERTEX_POINT('',#1731);
#1734=CARTESIAN_POINT('',(-6.45E1,-7.1E1,1.5E0));
#1735=CARTESIAN_POINT('',(-6.45E1,-7.4E1,1.5E0));
#1736=VERTEX_POINT('',#1734);
#1737=VERTEX_POINT('',#1735);
#1738=CARTESIAN_POINT('',(-2.15E1,-6.95E1,3.E0));
#1739=CARTESIAN_POINT('',(-2.15E1,-7.55E1,3.E0));
#1740=VERTEX_POINT('',#1738);
#1741=VERTEX_POINT('',#1739);
#1742=CARTESIAN_POINT('',(-2.15E1,-7.1E1,1.5E0));
#1743=CARTESIAN_POINT('',(-2.15E1,-7.4E1,1.5E0));
#1744=VERTEX_POINT('',#1742);
#1745=VERTEX_POINT('',#1743);
#1746=CARTESIAN_POINT('',(6.45E1,-6.95E1,3.E0));
#1747=CARTESIAN_POINT('',(6.45E1,-7.55E1,3.E0));
#1748=VERTEX_POINT('',#1746);
#1749=VERTEX_POINT('',#1747);
#1750=CARTESIAN_POINT('',(6.45E1,-7.1E1,1.5E0));
#1751=CARTESIAN_POINT('',(6.45E1,-7.4E1,1.5E0));
#1752=VERTEX_POINT('',#1750);
#1753=VERTEX_POINT('',#1751);
#1754=CARTESIAN_POINT('',(2.15E1,-6.95E1,3.E0));
#1755=CARTESIAN_POINT('',(2.15E1,-7.55E1,3.E0));
#1756=VERTEX_POINT('',#1754);
#1757=VERTEX_POINT('',#1755);
#1758=CARTESIAN_POINT('',(2.15E1,-7.1E1,1.5E0));
#1759=CARTESIAN_POINT('',(2.15E1,-7.4E1,1.5E0));
#1760=VERTEX_POINT('',#1758);
#1761=VERTEX_POINT('',#1759);
#1762=CARTESIAN_POINT('',(4.2275E1,1.55E1,3.E0));
#1763=CARTESIAN_POINT('',(4.2275E1,9.5E0,3.E0));
#1764=VERTEX_POINT('',#1762);
#1765=VERTEX_POINT('',#1763);
#1766=CARTESIAN_POINT('',(4.2275E1,1.4E1,1.5E0));
#1767=CARTESIAN_POINT('',(4.2275E1,1.1E1,1.5E0));
#1768=VERTEX_POINT('',#1766);
#1769=VERTEX_POINT('',#1767);
#1770=CARTESIAN_POINT('',(4.2275E1,-9.5E0,3.E0));
#1771=CARTESIAN_POINT('',(4.2275E1,-1.55E1,3.E0));
#1772=VERTEX_POINT('',#1770);
#1773=VERTEX_POINT('',#1771);
#1774=CARTESIAN_POINT('',(4.2275E1,-1.1E1,1.5E0));
#1775=CARTESIAN_POINT('',(4.2275E1,-1.4E1,1.5E0));
#1776=VERTEX_POINT('',#1774);
#1777=VERTEX_POINT('',#1775);
#1778=CARTESIAN_POINT('',(-4.6025E1,0.E0,3.E0));
#1779=CARTESIAN_POINT('',(-4.0025E1,0.E0,3.E0));
#1780=VERTEX_POINT('',#1778);
#1781=VERTEX_POINT('',#1779);
#1782=CARTESIAN_POINT('',(-4.4525E1,0.E0,1.5E0));
#1783=CARTESIAN_POINT('',(-4.1525E1,0.E0,1.5E0));
#1784=VERTEX_POINT('',#1782);
#1785=VERTEX_POINT('',#1783);
#1786=CARTESIAN_POINT('',(-4.0025E1,1.1E1,3.E0));
#1787=CARTESIAN_POINT('',(-4.6025E1,1.1E1,3.E0));
#1788=VERTEX_POINT('',#1786);
#1789=VERTEX_POINT('',#1787);
#1790=CARTESIAN_POINT('',(-4.1525E1,1.1E1,1.5E0));
#1791=CARTESIAN_POINT('',(-4.4525E1,1.1E1,1.5E0));
#1792=VERTEX_POINT('',#1790);
#1793=VERTEX_POINT('',#1791);
#1794=CARTESIAN_POINT('',(-4.6025E1,-1.1E1,3.E0));
#1795=CARTESIAN_POINT('',(-4.0025E1,-1.1E1,3.E0));
#1796=VERTEX_POINT('',#1794);
#1797=VERTEX_POINT('',#1795);
#1798=CARTESIAN_POINT('',(-4.4525E1,-1.1E1,1.5E0));
#1799=CARTESIAN_POINT('',(-4.1525E1,-1.1E1,1.5E0));
#1800=VERTEX_POINT('',#1798);
#1801=VERTEX_POINT('',#1799);
#1802=CARTESIAN_POINT('',(6.3E1,-2.6E1,3.E0));
#1803=CARTESIAN_POINT('',(6.9E1,-2.6E1,3.E0));
#1804=VERTEX_POINT('',#1802);
#1805=VERTEX_POINT('',#1803);
#1806=CARTESIAN_POINT('',(6.45E1,-2.6E1,1.5E0));
#1807=CARTESIAN_POINT('',(6.75E1,-2.6E1,1.5E0));
#1808=VERTEX_POINT('',#1806);
#1809=VERTEX_POINT('',#1807);
#1810=CARTESIAN_POINT('',(6.3E1,2.6E1,3.E0));
#1811=CARTESIAN_POINT('',(6.9E1,2.6E1,3.E0));
#1812=VERTEX_POINT('',#1810);
#1813=VERTEX_POINT('',#1811);
#1814=CARTESIAN_POINT('',(6.45E1,2.6E1,1.5E0));
#1815=CARTESIAN_POINT('',(6.75E1,2.6E1,1.5E0));
#1816=VERTEX_POINT('',#1814);
#1817=VERTEX_POINT('',#1815);
#1818=CARTESIAN_POINT('',(-6.3E1,-2.6E1,3.E0));
#1819=CARTESIAN_POINT('',(-6.9E1,-2.6E1,3.E0));
#1820=VERTEX_POINT('',#1818);
#1821=VERTEX_POINT('',#1819);
#1822=CARTESIAN_POINT('',(-6.45E1,-2.6E1,1.5E0));
#1823=CARTESIAN_POINT('',(-6.75E1,-2.6E1,1.5E0));
#1824=VERTEX_POINT('',#1822);
#1825=VERTEX_POINT('',#1823);
#1826=CARTESIAN_POINT('',(-6.9E1,2.6E1,3.E0));
#1827=CARTESIAN_POINT('',(-6.3E1,2.6E1,3.E0));
#1828=VERTEX_POINT('',#1826);
#1829=VERTEX_POINT('',#1827);
#1830=CARTESIAN_POINT('',(-6.75E1,2.6E1,1.5E0));
#1831=CARTESIAN_POINT('',(-6.45E1,2.6E1,1.5E0));
#1832=VERTEX_POINT('',#1830);
#1833=VERTEX_POINT('',#1831);
#1834=CARTESIAN_POINT('',(-4.2525E1,3.155E1,3.E0));
#1835=CARTESIAN_POINT('',(-3.6525E1,3.155E1,3.E0));
#1836=VERTEX_POINT('',#1834);
#1837=VERTEX_POINT('',#1835);
#1838=CARTESIAN_POINT('',(-4.1025E1,3.155E1,1.5E0));
#1839=CARTESIAN_POINT('',(-3.8025E1,3.155E1,1.5E0));
#1840=VERTEX_POINT('',#1838);
#1841=VERTEX_POINT('',#1839);
#1842=CARTESIAN_POINT('',(-2.4525E1,4.955E1,3.E0));
#1843=CARTESIAN_POINT('',(-1.8525E1,4.955E1,3.E0));
#1844=VERTEX_POINT('',#1842);
#1845=VERTEX_POINT('',#1843);
#1846=CARTESIAN_POINT('',(-2.3025E1,4.955E1,1.5E0));
#1847=CARTESIAN_POINT('',(-2.0025E1,4.955E1,1.5E0));
#1848=VERTEX_POINT('',#1846);
#1849=VERTEX_POINT('',#1847);
#1850=CARTESIAN_POINT('',(-4.2525E1,4.955E1,3.E0));
#1851=CARTESIAN_POINT('',(-3.6525E1,4.955E1,3.E0));
#1852=VERTEX_POINT('',#1850);
#1853=VERTEX_POINT('',#1851);
#1854=CARTESIAN_POINT('',(-4.1025E1,4.955E1,1.5E0));
#1855=CARTESIAN_POINT('',(-3.8025E1,4.955E1,1.5E0));
#1856=VERTEX_POINT('',#1854);
#1857=VERTEX_POINT('',#1855);
#1858=CARTESIAN_POINT('',(-3.6525E1,-3.155E1,3.E0));
#1859=CARTESIAN_POINT('',(-4.2525E1,-3.155E1,3.E0));
#1860=VERTEX_POINT('',#1858);
#1861=VERTEX_POINT('',#1859);
#1862=CARTESIAN_POINT('',(-3.8025E1,-3.155E1,1.5E0));
#1863=CARTESIAN_POINT('',(-4.1025E1,-3.155E1,1.5E0));
#1864=VERTEX_POINT('',#1862);
#1865=VERTEX_POINT('',#1863);
#1866=CARTESIAN_POINT('',(-2.4525E1,-4.955E1,3.E0));
#1867=CARTESIAN_POINT('',(-1.8525E1,-4.955E1,3.E0));
#1868=VERTEX_POINT('',#1866);
#1869=VERTEX_POINT('',#1867);
#1870=CARTESIAN_POINT('',(-2.3025E1,-4.955E1,1.5E0));
#1871=CARTESIAN_POINT('',(-2.0025E1,-4.955E1,1.5E0));
#1872=VERTEX_POINT('',#1870);
#1873=VERTEX_POINT('',#1871);
#1874=CARTESIAN_POINT('',(-4.2525E1,-4.955E1,3.E0));
#1875=CARTESIAN_POINT('',(-3.6525E1,-4.955E1,3.E0));
#1876=VERTEX_POINT('',#1874);
#1877=VERTEX_POINT('',#1875);
#1878=CARTESIAN_POINT('',(-4.1025E1,-4.955E1,1.5E0));
#1879=CARTESIAN_POINT('',(-3.8025E1,-4.955E1,1.5E0));
#1880=VERTEX_POINT('',#1878);
#1881=VERTEX_POINT('',#1879);
#1882=CARTESIAN_POINT('',(0.E0,0.E0,0.E0));
#1883=DIRECTION('',(0.E0,0.E0,1.E0));
#1884=DIRECTION('',(1.E0,0.E0,0.E0));
#1885=AXIS2_PLACEMENT_3D('',#1882,#1883,#1884);
#1886=PLANE('',#1885);
#1888=ORIENTED_EDGE('',*,*,#1887,.F.);
#1890=ORIENTED_EDGE('',*,*,#1889,.T.);
#1892=ORIENTED_EDGE('',*,*,#1891,.F.);
#1894=ORIENTED_EDGE('',*,*,#1893,.T.);
#1896=ORIENTED_EDGE('',*,*,#1895,.F.);
#1898=ORIENTED_EDGE('',*,*,#1897,.T.);
#1900=ORIENTED_EDGE('',*,*,#1899,.F.);
#1902=ORIENTED_EDGE('',*,*,#1901,.T.);
#1903=EDGE_LOOP('',(#1888,#1890,#1892,#1894,#1896,#1898,#1900,#1902));
#1904=FACE_OUTER_BOUND('',#1903,.F.);
#1906=ORIENTED_EDGE('',*,*,#1905,.F.);
#1908=ORIENTED_EDGE('',*,*,#1907,.F.);
#1909=EDGE_LOOP('',(#1906,#1908));
#1910=FACE_BOUND('',#1909,.F.);
#1912=ORIENTED_EDGE('',*,*,#1911,.F.);
#1914=ORIENTED_EDGE('',*,*,#1913,.F.);
#1915=EDGE_LOOP('',(#1912,#1914));
#1916=FACE_BOUND('',#1915,.F.);
#1918=ORIENTED_EDGE('',*,*,#1917,.F.);
#1920=ORIENTED_EDGE('',*,*,#1919,.F.);
#1921=EDGE_LOOP('',(#1918,#1920));
#1922=FACE_BOUND('',#1921,.F.);
#1924=ORIENTED_EDGE('',*,*,#1923,.F.);
#1926=ORIENTED_EDGE('',*,*,#1925,.F.);
#1927=EDGE_LOOP('',(#1924,#1926));
#1928=FACE_BOUND('',#1927,.F.);
#1930=ORIENTED_EDGE('',*,*,#1929,.F.);
#1932=ORIENTED_EDGE('',*,*,#1931,.F.);
#1933=EDGE_LOOP('',(#1930,#1932));
#1934=FACE_BOUND('',#1933,.F.);
#1936=ORIENTED_EDGE('',*,*,#1935,.F.);
#1938=ORIENTED_EDGE('',*,*,#1937,.F.);
#1939=EDGE_LOOP('',(#1936,#1938));
#1940=FACE_BOUND('',#1939,.F.);
#1942=ORIENTED_EDGE('',*,*,#1941,.F.);
#1944=ORIENTED_EDGE('',*,*,#1943,.F.);
#1945=EDGE_LOOP('',(#1942,#1944));
#1946=FACE_BOUND('',#1945,.F.);
#1948=ORIENTED_EDGE('',*,*,#1947,.F.);
#1950=ORIENTED_EDGE('',*,*,#1949,.F.);
#1951=EDGE_LOOP('',(#1948,#1950));
#1952=FACE_BOUND('',#1951,.F.);
#1954=ORIENTED_EDGE('',*,*,#1953,.F.);
#1956=ORIENTED_EDGE('',*,*,#1955,.F.);
#1957=EDGE_LOOP('',(#1954,#1956));
#1958=FACE_BOUND('',#1957,.F.);
#1960=ORIENTED_EDGE('',*,*,#1959,.F.);
#1962=ORIENTED_EDGE('',*,*,#1961,.F.);
#1963=EDGE_LOOP('',(#1960,#1962));
#1964=FACE_BOUND('',#1963,.F.);
#1966=ORIENTED_EDGE('',*,*,#1965,.F.);
#1968=ORIENTED_EDGE('',*,*,#1967,.T.);
#1970=ORIENTED_EDGE('',*,*,#1969,.F.);
#1972=ORIENTED_EDGE('',*,*,#1971,.T.);
#1974=ORIENTED_EDGE('',*,*,#1973,.F.);
#1976=ORIENTED_EDGE('',*,*,#1975,.T.);
#1978=ORIENTED_EDGE('',*,*,#1977,.F.);
#1980=ORIENTED_EDGE('',*,*,#1979,.T.);
#1982=ORIENTED_EDGE('',*,*,#1981,.F.);
#1984=ORIENTED_EDGE('',*,*,#1983,.T.);
#1986=ORIENTED_EDGE('',*,*,#1985,.F.);
#1988=ORIENTED_EDGE('',*,*,#1987,.T.);
#1990=ORIENTED_EDGE('',*,*,#1989,.F.);
#1992=ORIENTED_EDGE('',*,*,#1991,.F.);
#1994=ORIENTED_EDGE('',*,*,#1993,.T.);
#1996=ORIENTED_EDGE('',*,*,#1995,.F.);
#1998=ORIENTED_EDGE('',*,*,#1997,.T.);
#2000=ORIENTED_EDGE('',*,*,#1999,.T.);
#2002=ORIENTED_EDGE('',*,*,#2001,.T.);
#2004=ORIENTED_EDGE('',*,*,#2003,.F.);
#2006=ORIENTED_EDGE('',*,*,#2005,.T.);
#2008=ORIENTED_EDGE('',*,*,#2007,.F.);
#2010=ORIENTED_EDGE('',*,*,#2009,.F.);
#2012=ORIENTED_EDGE('',*,*,#2011,.T.);
#2013=EDGE_LOOP('',(#1966,#1968,#1970,#1972,#1974,#1976,#1978,#1980,#1982,#1984,
#1986,#1988,#1990,#1992,#1994,#1996,#1998,#2000,#2002,#2004,#2006,#2008,#2010,
#2012));
#2014=FACE_BOUND('',#2013,.F.);
#2016=ORIENTED_EDGE('',*,*,#2015,.T.);
#2018=ORIENTED_EDGE('',*,*,#2017,.T.);
#2019=EDGE_LOOP('',(#2016,#2018));
#2020=FACE_BOUND('',#2019,.F.);
#2022=ORIENTED_EDGE('',*,*,#2021,.T.);
#2024=ORIENTED_EDGE('',*,*,#2023,.T.);
#2025=EDGE_LOOP('',(#2022,#2024));
#2026=FACE_BOUND('',#2025,.F.);
#2028=ORIENTED_EDGE('',*,*,#2027,.T.);
#2030=ORIENTED_EDGE('',*,*,#2029,.T.);
#2031=EDGE_LOOP('',(#2028,#2030));
#2032=FACE_BOUND('',#2031,.F.);
#2034=ORIENTED_EDGE('',*,*,#2033,.T.);
#2036=ORIENTED_EDGE('',*,*,#2035,.T.);
#2037=EDGE_LOOP('',(#2034,#2036));
#2038=FACE_BOUND('',#2037,.F.);
#2040=ORIENTED_EDGE('',*,*,#2039,.T.);
#2042=ORIENTED_EDGE('',*,*,#2041,.T.);
#2043=EDGE_LOOP('',(#2040,#2042));
#2044=FACE_BOUND('',#2043,.F.);
#2046=ORIENTED_EDGE('',*,*,#2045,.T.);
#2048=ORIENTED_EDGE('',*,*,#2047,.T.);
#2049=EDGE_LOOP('',(#2046,#2048));
#2050=FACE_BOUND('',#2049,.F.);
#2052=ORIENTED_EDGE('',*,*,#2051,.T.);
#2054=ORIENTED_EDGE('',*,*,#2053,.T.);
#2055=EDGE_LOOP('',(#2052,#2054));
#2056=FACE_BOUND('',#2055,.F.);
#2058=ORIENTED_EDGE('',*,*,#2057,.T.);
#2060=ORIENTED_EDGE('',*,*,#2059,.T.);
#2061=EDGE_LOOP('',(#2058,#2060));
#2062=FACE_BOUND('',#2061,.F.);
#2064=ORIENTED_EDGE('',*,*,#2063,.T.);
#2066=ORIENTED_EDGE('',*,*,#2065,.T.);
#2067=EDGE_LOOP('',(#2064,#2066));
#2068=FACE_BOUND('',#2067,.F.);
#2070=ORIENTED_EDGE('',*,*,#2069,.T.);
#2072=ORIENTED_EDGE('',*,*,#2071,.T.);
#2073=EDGE_LOOP('',(#2070,#2072));
#2074=FACE_BOUND('',#2073,.F.);
#2076=ORIENTED_EDGE('',*,*,#2075,.T.);
#2078=ORIENTED_EDGE('',*,*,#2077,.T.);
#2079=EDGE_LOOP('',(#2076,#2078));
#2080=FACE_BOUND('',#2079,.F.);
#2082=ORIENTED_EDGE('',*,*,#2081,.T.);
#2084=ORIENTED_EDGE('',*,*,#2083,.T.);
#2085=EDGE_LOOP('',(#2082,#2084));
#2086=FACE_BOUND('',#2085,.F.);
#2088=ORIENTED_EDGE('',*,*,#2087,.T.);
#2090=ORIENTED_EDGE('',*,*,#2089,.T.);
#2091=EDGE_LOOP('',(#2088,#2090));
#2092=FACE_BOUND('',#2091,.F.);
#2093=ADVANCED_FACE('',(#1904,#1910,#1916,#1922,#1928,#1934,#1940,#1946,#1952,
#1958,#1964,#2014,#2020,#2026,#2032,#2038,#2044,#2050,#2056,#2062,#2068,#2074,
#2080,#2086,#2092),#1886,.F.);
#2094=CARTESIAN_POINT('',(-6.8E1,8.05E1,6.9108E0));
#2095=DIRECTION('',(0.E0,0.E0,-1.E0));
#2096=DIRECTION('',(-1.E0,0.E0,0.E0));
#2097=AXIS2_PLACEMENT_3D('',#2094,#2095,#2096);
#2098=CYLINDRICAL_SURFACE('',#2097,2.E0);
#2099=ORIENTED_EDGE('',*,*,#1887,.T.);
#2101=ORIENTED_EDGE('',*,*,#2100,.F.);
#2103=ORIENTED_EDGE('',*,*,#2102,.T.);
#2105=ORIENTED_EDGE('',*,*,#2104,.T.);
#2106=EDGE_LOOP('',(#2099,#2101,#2103,#2105));
#2107=FACE_OUTER_BOUND('',#2106,.F.);
#2108=ADVANCED_FACE('',(#2107),#2098,.T.);
#2109=CARTESIAN_POINT('',(7.E1,8.25E1,0.E0));
#2110=DIRECTION('',(0.E0,1.E0,0.E0));
#2111=DIRECTION('',(-1.E0,0.E0,0.E0));
#2112=AXIS2_PLACEMENT_3D('',#2109,#2110,#2111);
#2113=PLANE('',#2112);
#2114=ORIENTED_EDGE('',*,*,#2100,.T.);
#2115=ORIENTED_EDGE('',*,*,#1901,.F.);
#2117=ORIENTED_EDGE('',*,*,#2116,.F.);
#2119=ORIENTED_EDGE('',*,*,#2118,.T.);
#2120=EDGE_LOOP('',(#2114,#2115,#2117,#2119));
#2121=FACE_OUTER_BOUND('',#2120,.F.);
#2122=ADVANCED_FACE('',(#2121),#2113,.T.);
#2123=CARTESIAN_POINT('',(6.8E1,8.05E1,6.9108E0));
#2124=DIRECTION('',(0.E0,0.E0,-1.E0));
#2125=DIRECTION('',(0.E0,1.E0,0.E0));
#2126=AXIS2_PLACEMENT_3D('',#2123,#2124,#2125);
#2127=CYLINDRICAL_SURFACE('',#2126,2.E0);
#2128=ORIENTED_EDGE('',*,*,#1899,.T.);
#2130=ORIENTED_EDGE('',*,*,#2129,.F.);
#2132=ORIENTED_EDGE('',*,*,#2131,.T.);
#2133=ORIENTED_EDGE('',*,*,#2116,.T.);
#2134=EDGE_LOOP('',(#2128,#2130,#2132,#2133));
#2135=FACE_OUTER_BOUND('',#2134,.F.);
#2136=ADVANCED_FACE('',(#2135),#2127,.T.);
#2137=CARTESIAN_POINT('',(7.E1,-8.25E1,0.E0));
#2138=DIRECTION('',(1.E0,0.E0,0.E0));
#2139=DIRECTION('',(0.E0,1.E0,0.E0));
#2140=AXIS2_PLACEMENT_3D('',#2137,#2138,#2139);
#2141=PLANE('',#2140);
#2143=ORIENTED_EDGE('',*,*,#2142,.F.);
#2145=ORIENTED_EDGE('',*,*,#2144,.T.);
#2146=ORIENTED_EDGE('',*,*,#2129,.T.);
#2147=ORIENTED_EDGE('',*,*,#1897,.F.);
#2148=EDGE_LOOP('',(#2143,#2145,#2146,#2147));
#2149=FACE_OUTER_BOUND('',#2148,.F.);
#2150=ADVANCED_FACE('',(#2149),#2141,.T.);
#2151=CARTESIAN_POINT('',(6.8E1,-8.05E1,6.9108E0));
#2152=DIRECTION('',(0.E0,0.E0,-1.E0));
#2153=DIRECTION('',(1.E0,0.E0,0.E0));
#2154=AXIS2_PLACEMENT_3D('',#2151,#2152,#2153);
#2155=CYLINDRICAL_SURFACE('',#2154,2.E0);
#2156=ORIENTED_EDGE('',*,*,#1895,.T.);
#2158=ORIENTED_EDGE('',*,*,#2157,.F.);
#2160=ORIENTED_EDGE('',*,*,#2159,.T.);
#2161=ORIENTED_EDGE('',*,*,#2142,.T.);
#2162=EDGE_LOOP('',(#2156,#2158,#2160,#2161));
#2163=FACE_OUTER_BOUND('',#2162,.F.);
#2164=ADVANCED_FACE('',(#2163),#2155,.T.);
#2165=CARTESIAN_POINT('',(-7.E1,-8.25E1,0.E0));
#2166=DIRECTION('',(0.E0,-1.E0,0.E0));
#2167=DIRECTION('',(1.E0,0.E0,0.E0));
#2168=AXIS2_PLACEMENT_3D('',#2165,#2166,#2167);
#2169=PLANE('',#2168);
#2171=ORIENTED_EDGE('',*,*,#2170,.F.);
#2173=ORIENTED_EDGE('',*,*,#2172,.T.);
#2174=ORIENTED_EDGE('',*,*,#2157,.T.);
#2175=ORIENTED_EDGE('',*,*,#1893,.F.);
#2176=EDGE_LOOP('',(#2171,#2173,#2174,#2175));
#2177=FACE_OUTER_BOUND('',#2176,.F.);
#2178=ADVANCED_FACE('',(#2177),#2169,.T.);
#2179=CARTESIAN_POINT('',(-6.8E1,-8.05E1,6.9108E0));
#2180=DIRECTION('',(0.E0,0.E0,-1.E0));
#2181=DIRECTION('',(0.E0,-1.E0,0.E0));
#2182=AXIS2_PLACEMENT_3D('',#2179,#2180,#2181);
#2183=CYLINDRICAL_SURFACE('',#2182,2.E0);
#2184=ORIENTED_EDGE('',*,*,#1891,.T.);
#2186=ORIENTED_EDGE('',*,*,#2185,.F.);
#2188=ORIENTED_EDGE('',*,*,#2187,.T.);
#2189=ORIENTED_EDGE('',*,*,#2170,.T.);
#2190=EDGE_LOOP('',(#2184,#2186,#2188,#2189));
#2191=FACE_OUTER_BOUND('',#2190,.F.);
#2192=ADVANCED_FACE('',(#2191),#2183,.T.);
#2193=CARTESIAN_POINT('',(-7.E1,8.25E1,0.E0));
#2194=DIRECTION('',(-1.E0,0.E0,0.E0));
#2195=DIRECTION('',(0.E0,-1.E0,0.E0));
#2196=AXIS2_PLACEMENT_3D('',#2193,#2194,#2195);
#2197=PLANE('',#2196);
#2198=ORIENTED_EDGE('',*,*,#2104,.F.);
#2200=ORIENTED_EDGE('',*,*,#2199,.T.);
#2201=ORIENTED_EDGE('',*,*,#2185,.T.);
#2202=ORIENTED_EDGE('',*,*,#1889,.F.);
#2203=EDGE_LOOP('',(#2198,#2200,#2201,#2202));
#2204=FACE_OUTER_BOUND('',#2203,.F.);
#2205=ADVANCED_FACE('',(#2204),#2197,.T.);
#2206=CARTESIAN_POINT('',(0.E0,0.E0,3.E0));
#2207=DIRECTION('',(0.E0,0.E0,1.E0));
#2208=DIRECTION('',(1.E0,0.E0,0.E0));
#2209=AXIS2_PLACEMENT_3D('',#2206,#2207,#2208);
#2210=PLANE('',#2209);
#2211=ORIENTED_EDGE('',*,*,#2102,.F.);
#2212=ORIENTED_EDGE('',*,*,#2118,.F.);
#2213=ORIENTED_EDGE('',*,*,#2131,.F.);
#2214=ORIENTED_EDGE('',*,*,#2144,.F.);
#2215=ORIENTED_EDGE('',*,*,#2159,.F.);
#2216=ORIENTED_EDGE('',*,*,#2172,.F.);
#2217=ORIENTED_EDGE('',*,*,#2187,.F.);
#2218=ORIENTED_EDGE('',*,*,#2199,.F.);
#2219=EDGE_LOOP('',(#2211,#2212,#2213,#2214,#2215,#2216,#2217,#2218));
#2220=FACE_OUTER_BOUND('',#2219,.F.);
#2222=ORIENTED_EDGE('',*,*,#2221,.F.);
#2224=ORIENTED_EDGE('',*,*,#2223,.F.);
#2226=ORIENTED_EDGE('',*,*,#2225,.T.);
#2228=ORIENTED_EDGE('',*,*,#2227,.F.);
#2230=ORIENTED_EDGE('',*,*,#2229,.F.);
#2232=ORIENTED_EDGE('',*,*,#2231,.F.);
#2234=ORIENTED_EDGE('',*,*,#2233,.T.);
#2236=ORIENTED_EDGE('',*,*,#2235,.F.);
#2238=ORIENTED_EDGE('',*,*,#2237,.F.);
#2240=ORIENTED_EDGE('',*,*,#2239,.F.);
#2242=ORIENTED_EDGE('',*,*,#2241,.F.);
#2244=ORIENTED_EDGE('',*,*,#2243,.F.);
#2246=ORIENTED_EDGE('',*,*,#2245,.F.);
#2248=ORIENTED_EDGE('',*,*,#2247,.F.);
#2250=ORIENTED_EDGE('',*,*,#2249,.F.);
#2252=ORIENTED_EDGE('',*,*,#2251,.F.);
#2254=ORIENTED_EDGE('',*,*,#2253,.F.);
#2256=ORIENTED_EDGE('',*,*,#2255,.F.);
#2257=EDGE_LOOP('',(#2222,#2224,#2226,#2228,#2230,#2232,#2234,#2236,#2238,#2240,
#2242,#2244,#2246,#2248,#2250,#2252,#2254,#2256));
#2258=FACE_BOUND('',#2257,.F.);
#2260=ORIENTED_EDGE('',*,*,#2259,.F.);
#2262=ORIENTED_EDGE('',*,*,#2261,.F.);
#2263=EDGE_LOOP('',(#2260,#2262));
#2264=FACE_BOUND('',#2263,.F.);
#2266=ORIENTED_EDGE('',*,*,#2265,.F.);
#2268=ORIENTED_EDGE('',*,*,#2267,.F.);
#2269=EDGE_LOOP('',(#2266,#2268));
#2270=FACE_BOUND('',#2269,.F.);
#2272=ORIENTED_EDGE('',*,*,#2271,.F.);
#2274=ORIENTED_EDGE('',*,*,#2273,.F.);
#2275=EDGE_LOOP('',(#2272,#2274));
#2276=FACE_BOUND('',#2275,.F.);
#2278=ORIENTED_EDGE('',*,*,#2277,.F.);
#2280=ORIENTED_EDGE('',*,*,#2279,.F.);
#2281=EDGE_LOOP('',(#2278,#2280));
#2282=FACE_BOUND('',#2281,.F.);
#2284=ORIENTED_EDGE('',*,*,#2283,.F.);
#2286=ORIENTED_EDGE('',*,*,#2285,.F.);
#2287=EDGE_LOOP('',(#2284,#2286));
#2288=FACE_BOUND('',#2287,.F.);
#2290=ORIENTED_EDGE('',*,*,#2289,.F.);
#2292=ORIENTED_EDGE('',*,*,#2291,.F.);
#2293=EDGE_LOOP('',(#2290,#2292));
#2294=FACE_BOUND('',#2293,.F.);
#2296=ORIENTED_EDGE('',*,*,#2295,.F.);
#2298=ORIENTED_EDGE('',*,*,#2297,.F.);
#2299=EDGE_LOOP('',(#2296,#2298));
#2300=FACE_BOUND('',#2299,.F.);
#2302=ORIENTED_EDGE('',*,*,#2301,.F.);
#2304=ORIENTED_EDGE('',*,*,#2303,.F.);
#2305=EDGE_LOOP('',(#2302,#2304));
#2306=FACE_BOUND('',#2305,.F.);
#2308=ORIENTED_EDGE('',*,*,#2307,.F.);
#2310=ORIENTED_EDGE('',*,*,#2309,.F.);
#2311=EDGE_LOOP('',(#2308,#2310));
#2312=FACE_BOUND('',#2311,.F.);
#2314=ORIENTED_EDGE('',*,*,#2313,.F.);
#2316=ORIENTED_EDGE('',*,*,#2315,.F.);
#2317=EDGE_LOOP('',(#2314,#2316));
#2318=FACE_BOUND('',#2317,.F.);
#2320=ORIENTED_EDGE('',*,*,#2319,.F.);
#2322=ORIENTED_EDGE('',*,*,#2321,.F.);
#2323=EDGE_LOOP('',(#2320,#2322));
#2324=FACE_BOUND('',#2323,.F.);
#2326=ORIENTED_EDGE('',*,*,#2325,.F.);
#2328=ORIENTED_EDGE('',*,*,#2327,.F.);
#2329=EDGE_LOOP('',(#2326,#2328));
#2330=FACE_BOUND('',#2329,.F.);
#2332=ORIENTED_EDGE('',*,*,#2331,.F.);
#2334=ORIENTED_EDGE('',*,*,#2333,.F.);
#2335=EDGE_LOOP('',(#2332,#2334));
#2336=FACE_BOUND('',#2335,.F.);
#2338=ORIENTED_EDGE('',*,*,#2337,.F.);
#2340=ORIENTED_EDGE('',*,*,#2339,.F.);
#2341=EDGE_LOOP('',(#2338,#2340));
#2342=FACE_BOUND('',#2341,.F.);
#2344=ORIENTED_EDGE('',*,*,#2343,.F.);
#2346=ORIENTED_EDGE('',*,*,#2345,.F.);
#2347=EDGE_LOOP('',(#2344,#2346));
#2348=FACE_BOUND('',#2347,.F.);
#2350=ORIENTED_EDGE('',*,*,#2349,.F.);
#2352=ORIENTED_EDGE('',*,*,#2351,.F.);
#2353=EDGE_LOOP('',(#2350,#2352));
#2354=FACE_BOUND('',#2353,.F.);
#2356=ORIENTED_EDGE('',*,*,#2355,.F.);
#2358=ORIENTED_EDGE('',*,*,#2357,.F.);
#2359=EDGE_LOOP('',(#2356,#2358));
#2360=FACE_BOUND('',#2359,.F.);
#2362=ORIENTED_EDGE('',*,*,#2361,.F.);
#2364=ORIENTED_EDGE('',*,*,#2363,.F.);
#2365=EDGE_LOOP('',(#2362,#2364));
#2366=FACE_BOUND('',#2365,.F.);
#2368=ORIENTED_EDGE('',*,*,#2367,.F.);
#2370=ORIENTED_EDGE('',*,*,#2369,.F.);
#2371=EDGE_LOOP('',(#2368,#2370));
#2372=FACE_BOUND('',#2371,.F.);
#2374=ORIENTED_EDGE('',*,*,#2373,.F.);
#2376=ORIENTED_EDGE('',*,*,#2375,.F.);
#2377=EDGE_LOOP('',(#2374,#2376));
#2378=FACE_BOUND('',#2377,.F.);
#2380=ORIENTED_EDGE('',*,*,#2379,.F.);
#2382=ORIENTED_EDGE('',*,*,#2381,.F.);
#2383=EDGE_LOOP('',(#2380,#2382));
#2384=FACE_BOUND('',#2383,.F.);
#2386=ORIENTED_EDGE('',*,*,#2385,.F.);
#2388=ORIENTED_EDGE('',*,*,#2387,.F.);
#2389=EDGE_LOOP('',(#2386,#2388));
#2390=FACE_BOUND('',#2389,.F.);
#2392=ORIENTED_EDGE('',*,*,#2391,.F.);
#2394=ORIENTED_EDGE('',*,*,#2393,.F.);
#2395=EDGE_LOOP('',(#2392,#2394));
#2396=FACE_BOUND('',#2395,.F.);
#2397=ADVANCED_FACE('',(#2220,#2258,#2264,#2270,#2276,#2282,#2288,#2294,#2300,
#2306,#2312,#2318,#2324,#2330,#2336,#2342,#2348,#2354,#2360,#2366,#2372,#2378,
#2384,#2390,#2396),#2210,.T.);
#2398=CARTESIAN_POINT('',(3.1075E1,-2.E1,6.9108E0));
#2399=DIRECTION('',(0.E0,0.E0,-1.E0));
#2400=DIRECTION('',(-1.E0,0.E0,0.E0));
#2401=AXIS2_PLACEMENT_3D('',#2398,#2399,#2400);
#2402=CYLINDRICAL_SURFACE('',#2401,1.E0);
#2403=ORIENTED_EDGE('',*,*,#1965,.T.);
#2405=ORIENTED_EDGE('',*,*,#2404,.F.);
#2406=ORIENTED_EDGE('',*,*,#2221,.T.);
#2408=ORIENTED_EDGE('',*,*,#2407,.T.);
#2409=EDGE_LOOP('',(#2403,#2405,#2406,#2408));
#2410=FACE_OUTER_BOUND('',#2409,.F.);
#2411=ADVANCED_FACE('',(#2410),#2402,.T.);
#2412=CARTESIAN_POINT('',(3.5025E1,-1.9E1,3.E0));
#2413=DIRECTION('',(0.E0,1.E0,0.E0));
#2414=DIRECTION('',(-1.E0,0.E0,0.E0));
#2415=AXIS2_PLACEMENT_3D('',#2412,#2413,#2414);
#2416=PLANE('',#2415);
#2417=ORIENTED_EDGE('',*,*,#2404,.T.);
#2418=ORIENTED_EDGE('',*,*,#2011,.F.);
#2420=ORIENTED_EDGE('',*,*,#2419,.T.);
#2421=ORIENTED_EDGE('',*,*,#2223,.T.);
#2422=EDGE_LOOP('',(#2417,#2418,#2420,#2421));
#2423=FACE_OUTER_BOUND('',#2422,.F.);
#2424=ADVANCED_FACE('',(#2423),#2416,.T.);
#2425=CARTESIAN_POINT('',(3.5025E1,-1.7E1,3.E0));
#2426=DIRECTION('',(0.E0,0.E0,1.E0));
#2427=DIRECTION('',(1.E0,0.E0,0.E0));
#2428=AXIS2_PLACEMENT_3D('',#2425,#2426,#2427);
#2429=CYLINDRICAL_SURFACE('',#2428,2.E0);
#2431=ORIENTED_EDGE('',*,*,#2430,.T.);
#2432=ORIENTED_EDGE('',*,*,#2225,.F.);
#2433=ORIENTED_EDGE('',*,*,#2419,.F.);
#2434=ORIENTED_EDGE('',*,*,#2009,.T.);
#2435=EDGE_LOOP('',(#2431,#2432,#2433,#2434));
#2436=FACE_OUTER_BOUND('',#2435,.F.);
#2437=ADVANCED_FACE('',(#2436),#2429,.F.);
#2438=CARTESIAN_POINT('',(3.6025E1,-1.417157287525E1,-3.9108E0));
#2439=DIRECTION('',(0.E0,0.E0,1.E0));
#2440=DIRECTION('',(-1.E0,0.E0,0.E0));
#2441=AXIS2_PLACEMENT_3D('',#2438,#2439,#2440);
#2442=CYLINDRICAL_SURFACE('',#2441,1.E0);
#2443=ORIENTED_EDGE('',*,*,#2227,.T.);
#2444=ORIENTED_EDGE('',*,*,#2430,.F.);
#2445=ORIENTED_EDGE('',*,*,#2007,.T.);
#2447=ORIENTED_EDGE('',*,*,#2446,.T.);
#2448=EDGE_LOOP('',(#2443,#2444,#2445,#2447));
#2449=FACE_OUTER_BOUND('',#2448,.F.);
#2450=ADVANCED_FACE('',(#2449),#2442,.T.);
#2451=CARTESIAN_POINT('',(3.5025E1,4.505E1,0.E0));
#2452=DIRECTION('',(-1.E0,0.E0,0.E0));
#2453=DIRECTION('',(0.E0,-1.E0,0.E0));
#2454=AXIS2_PLACEMENT_3D('',#2451,#2452,#2453);
#2455=PLANE('',#2454);
#2457=ORIENTED_EDGE('',*,*,#2456,.F.);
#2458=ORIENTED_EDGE('',*,*,#1993,.F.);
#2460=ORIENTED_EDGE('',*,*,#2459,.F.);
#2461=ORIENTED_EDGE('',*,*,#2229,.T.);
#2462=ORIENTED_EDGE('',*,*,#2446,.F.);
#2463=ORIENTED_EDGE('',*,*,#2005,.F.);
#2465=ORIENTED_EDGE('',*,*,#2464,.F.);
#2467=ORIENTED_EDGE('',*,*,#2466,.F.);
#2468=EDGE_LOOP('',(#2457,#2458,#2460,#2461,#2462,#2463,#2465,#2467));
#2469=FACE_OUTER_BOUND('',#2468,.F.);
#2470=ADVANCED_FACE('',(#2469),#2455,.T.);
#2471=CARTESIAN_POINT('',(3.6025E1,3.E0,-3.9108E0));
#2472=DIRECTION('',(0.E0,0.E0,1.E0));
#2473=DIRECTION('',(-1.E0,0.E0,0.E0));
#2474=AXIS2_PLACEMENT_3D('',#2471,#2472,#2473);
#2475=CYLINDRICAL_SURFACE('',#2474,1.E0);
#2477=ORIENTED_EDGE('',*,*,#2476,.F.);
#2478=ORIENTED_EDGE('',*,*,#1995,.T.);
#2479=ORIENTED_EDGE('',*,*,#2456,.T.);
#2481=ORIENTED_EDGE('',*,*,#2480,.T.);
#2482=EDGE_LOOP('',(#2477,#2478,#2479,#2481));
#2483=FACE_OUTER_BOUND('',#2482,.F.);
#2484=ADVANCED_FACE('',(#2483),#2475,.T.);
#2485=CARTESIAN_POINT('',(3.5025E1,2.E0,0.E0));
#2486=DIRECTION('',(0.E0,1.E0,0.E0));
#2487=DIRECTION('',(1.E0,0.E0,0.E0));
#2488=AXIS2_PLACEMENT_3D('',#2485,#2486,#2487);
#2489=PLANE('',#2488);
#2490=ORIENTED_EDGE('',*,*,#2476,.T.);
#2492=ORIENTED_EDGE('',*,*,#2491,.T.);
#2494=ORIENTED_EDGE('',*,*,#2493,.F.);
#2495=ORIENTED_EDGE('',*,*,#1997,.F.);
#2496=EDGE_LOOP('',(#2490,#2492,#2494,#2495));
#2497=FACE_OUTER_BOUND('',#2496,.F.);
#2498=ADVANCED_FACE('',(#2497),#2489,.F.);
#2499=CARTESIAN_POINT('',(0.E0,0.E0,1.E0));
#2500=DIRECTION('',(0.E0,0.E0,-1.E0));
#2501=DIRECTION('',(1.E0,0.E0,0.E0));
#2502=AXIS2_PLACEMENT_3D('',#2499,#2500,#2501);
#2503=PLANE('',#2502);
#2504=ORIENTED_EDGE('',*,*,#2491,.F.);
#2505=ORIENTED_EDGE('',*,*,#2480,.F.);
#2506=ORIENTED_EDGE('',*,*,#2466,.T.);
#2508=ORIENTED_EDGE('',*,*,#2507,.F.);
#2510=ORIENTED_EDGE('',*,*,#2509,.F.);
#2512=ORIENTED_EDGE('',*,*,#2511,.T.);
#2513=EDGE_LOOP('',(#2504,#2505,#2506,#2508,#2510,#2512));
#2514=FACE_OUTER_BOUND('',#2513,.F.);
#2515=ADVANCED_FACE('',(#2514),#2503,.T.);
#2516=CARTESIAN_POINT('',(3.6025E1,-3.E0,6.9108E0));
#2517=DIRECTION('',(0.E0,0.E0,-1.E0));
#2518=DIRECTION('',(-1.E0,0.E0,0.E0));
#2519=AXIS2_PLACEMENT_3D('',#2516,#2517,#2518);
#2520=CYLINDRICAL_SURFACE('',#2519,1.E0);
#2521=ORIENTED_EDGE('',*,*,#2003,.T.);
#2523=ORIENTED_EDGE('',*,*,#2522,.F.);
#2524=ORIENTED_EDGE('',*,*,#2507,.T.);
#2525=ORIENTED_EDGE('',*,*,#2464,.T.);
#2526=EDGE_LOOP('',(#2521,#2523,#2524,#2525));
#2527=FACE_OUTER_BOUND('',#2526,.F.);
#2528=ADVANCED_FACE('',(#2527),#2520,.T.);
#2529=CARTESIAN_POINT('',(4.8025E1,-2.E0,0.E0));
#2530=DIRECTION('',(0.E0,-1.E0,0.E0));
#2531=DIRECTION('',(-1.E0,0.E0,0.E0));
#2532=AXIS2_PLACEMENT_3D('',#2529,#2530,#2531);
#2533=PLANE('',#2532);
#2534=ORIENTED_EDGE('',*,*,#2522,.T.);
#2535=ORIENTED_EDGE('',*,*,#2001,.F.);
#2537=ORIENTED_EDGE('',*,*,#2536,.T.);
#2538=ORIENTED_EDGE('',*,*,#2509,.T.);
#2539=EDGE_LOOP('',(#2534,#2535,#2537,#2538));
#2540=FACE_OUTER_BOUND('',#2539,.F.);
#2541=ADVANCED_FACE('',(#2540),#2533,.F.);
#2542=CARTESIAN_POINT('',(4.6025E1,0.E0,-3.9108E0));
#2543=DIRECTION('',(0.E0,0.E0,1.E0));
#2544=DIRECTION('',(1.E0,0.E0,0.E0));
#2545=AXIS2_PLACEMENT_3D('',#2542,#2543,#2544);
#2546=CYLINDRICAL_SURFACE('',#2545,2.E0);
#2547=ORIENTED_EDGE('',*,*,#2493,.T.);
#2548=ORIENTED_EDGE('',*,*,#2511,.F.);
#2549=ORIENTED_EDGE('',*,*,#2536,.F.);
#2550=ORIENTED_EDGE('',*,*,#1999,.F.);
#2551=EDGE_LOOP('',(#2547,#2548,#2549,#2550));
#2552=FACE_OUTER_BOUND('',#2551,.F.);
#2553=ADVANCED_FACE('',(#2552),#2546,.F.);
#2554=CARTESIAN_POINT('',(3.6025E1,1.417157287525E1,6.9108E0));
#2555=DIRECTION('',(0.E0,0.E0,-1.E0));
#2556=DIRECTION('',(-1.E0,0.E0,0.E0));
#2557=AXIS2_PLACEMENT_3D('',#2554,#2555,#2556);
#2558=CYLINDRICAL_SURFACE('',#2557,1.E0);
#2559=ORIENTED_EDGE('',*,*,#1991,.T.);
#2561=ORIENTED_EDGE('',*,*,#2560,.F.);
#2562=ORIENTED_EDGE('',*,*,#2231,.T.);
#2563=ORIENTED_EDGE('',*,*,#2459,.T.);
#2564=EDGE_LOOP('',(#2559,#2561,#2562,#2563));
#2565=FACE_OUTER_BOUND('',#2564,.F.);
#2566=ADVANCED_FACE('',(#2565),#2558,.T.);
#2567=CARTESIAN_POINT('',(3.5025E1,1.7E1,3.E0));
#2568=DIRECTION('',(0.E0,0.E0,1.E0));
#2569=DIRECTION('',(1.E0,0.E0,0.E0));
#2570=AXIS2_PLACEMENT_3D('',#2567,#2568,#2569);
#2571=CYLINDRICAL_SURFACE('',#2570,2.E0);
#2572=ORIENTED_EDGE('',*,*,#2560,.T.);
#2573=ORIENTED_EDGE('',*,*,#1989,.T.);
#2575=ORIENTED_EDGE('',*,*,#2574,.T.);
#2576=ORIENTED_EDGE('',*,*,#2233,.F.);
#2577=EDGE_LOOP('',(#2572,#2573,#2575,#2576));
#2578=FACE_OUTER_BOUND('',#2577,.F.);
#2579=ADVANCED_FACE('',(#2578),#2571,.F.);
#2580=CARTESIAN_POINT('',(3.0075E1,1.9E1,3.E0));
#2581=DIRECTION('',(0.E0,-1.E0,0.E0));
#2582=DIRECTION('',(1.E0,0.E0,0.E0));
#2583=AXIS2_PLACEMENT_3D('',#2580,#2581,#2582);
#2584=PLANE('',#2583);
#2586=ORIENTED_EDGE('',*,*,#2585,.F.);
#2587=ORIENTED_EDGE('',*,*,#2235,.T.);
#2588=ORIENTED_EDGE('',*,*,#2574,.F.);
#2589=ORIENTED_EDGE('',*,*,#1987,.F.);
#2590=EDGE_LOOP('',(#2586,#2587,#2588,#2589));
#2591=FACE_OUTER_BOUND('',#2590,.F.);
#2592=ADVANCED_FACE('',(#2591),#2584,.T.);
#2593=CARTESIAN_POINT('',(3.1075E1,2.E1,6.9108E0));
#2594=DIRECTION('',(0.E0,0.E0,-1.E0));
#2595=DIRECTION('',(0.E0,-1.E0,0.E0));
#2596=AXIS2_PLACEMENT_3D('',#2593,#2594,#2595);
#2597=CYLINDRICAL_SURFACE('',#2596,1.E0);
#2598=ORIENTED_EDGE('',*,*,#1985,.T.);
#2600=ORIENTED_EDGE('',*,*,#2599,.F.);
#2601=ORIENTED_EDGE('',*,*,#2237,.T.);
#2602=ORIENTED_EDGE('',*,*,#2585,.T.);
#2603=EDGE_LOOP('',(#2598,#2600,#2601,#2602));
#2604=FACE_OUTER_BOUND('',#2603,.F.);
#2605=ADVANCED_FACE('',(#2604),#2597,.T.);
#2606=CARTESIAN_POINT('',(3.0075E1,4.505E1,3.E0));
#2607=DIRECTION('',(-1.E0,0.E0,0.E0));
#2608=DIRECTION('',(0.E0,-1.E0,0.E0));
#2609=AXIS2_PLACEMENT_3D('',#2606,#2607,#2608);
#2610=PLANE('',#2609);
#2611=ORIENTED_EDGE('',*,*,#2599,.T.);
#2612=ORIENTED_EDGE('',*,*,#1983,.F.);
#2614=ORIENTED_EDGE('',*,*,#2613,.F.);
#2615=ORIENTED_EDGE('',*,*,#2239,.T.);
#2616=EDGE_LOOP('',(#2611,#2612,#2614,#2615));
#2617=FACE_OUTER_BOUND('',#2616,.F.);
#2618=ADVANCED_FACE('',(#2617),#2610,.T.);
#2619=CARTESIAN_POINT('',(2.8075E1,4.305E1,6.9108E0));
#2620=DIRECTION('',(0.E0,0.E0,-1.E0));
#2621=DIRECTION('',(0.E0,1.E0,0.E0));
#2622=AXIS2_PLACEMENT_3D('',#2619,#2620,#2621);
#2623=CYLINDRICAL_SURFACE('',#2622,2.E0);
#2625=ORIENTED_EDGE('',*,*,#2624,.F.);
#2626=ORIENTED_EDGE('',*,*,#2241,.T.);
#2627=ORIENTED_EDGE('',*,*,#2613,.T.);
#2628=ORIENTED_EDGE('',*,*,#1981,.T.);
#2629=EDGE_LOOP('',(#2625,#2626,#2627,#2628));
#2630=FACE_OUTER_BOUND('',#2629,.F.);
#2631=ADVANCED_FACE('',(#2630),#2623,.F.);
#2632=CARTESIAN_POINT('',(-3.5025E1,4.505E1,0.E0));
#2633=DIRECTION('',(0.E0,-1.E0,0.E0));
#2634=DIRECTION('',(1.E0,0.E0,0.E0));
#2635=AXIS2_PLACEMENT_3D('',#2632,#2633,#2634);
#2636=PLANE('',#2635);
#2637=ORIENTED_EDGE('',*,*,#2624,.T.);
#2638=ORIENTED_EDGE('',*,*,#1979,.F.);
#2640=ORIENTED_EDGE('',*,*,#2639,.T.);
#2641=ORIENTED_EDGE('',*,*,#2243,.T.);
#2642=EDGE_LOOP('',(#2637,#2638,#2640,#2641));
#2643=FACE_OUTER_BOUND('',#2642,.F.);
#2644=ADVANCED_FACE('',(#2643),#2636,.T.);
#2645=CARTESIAN_POINT('',(-3.3025E1,4.305E1,-3.9108E0));
#2646=DIRECTION('',(0.E0,0.E0,1.E0));
#2647=DIRECTION('',(0.E0,1.E0,0.E0));
#2648=AXIS2_PLACEMENT_3D('',#2645,#2646,#2647);
#2649=CYLINDRICAL_SURFACE('',#2648,2.E0);
#2650=ORIENTED_EDGE('',*,*,#2639,.F.);
#2651=ORIENTED_EDGE('',*,*,#1977,.T.);
#2653=ORIENTED_EDGE('',*,*,#2652,.T.);
#2654=ORIENTED_EDGE('',*,*,#2245,.T.);
#2655=EDGE_LOOP('',(#2650,#2651,#2653,#2654));
#2656=FACE_OUTER_BOUND('',#2655,.F.);
#2657=ADVANCED_FACE('',(#2656),#2649,.F.);
#2658=CARTESIAN_POINT('',(-3.5025E1,-4.505E1,0.E0));
#2659=DIRECTION('',(1.E0,0.E0,0.E0));
#2660=DIRECTION('',(0.E0,1.E0,0.E0));
#2661=AXIS2_PLACEMENT_3D('',#2658,#2659,#2660);
#2662=PLANE('',#2661);
#2663=ORIENTED_EDGE('',*,*,#2652,.F.);
#2664=ORIENTED_EDGE('',*,*,#1975,.F.);
#2666=ORIENTED_EDGE('',*,*,#2665,.T.);
#2667=ORIENTED_EDGE('',*,*,#2247,.T.);
#2668=EDGE_LOOP('',(#2663,#2664,#2666,#2667));
#2669=FACE_OUTER_BOUND('',#2668,.F.);
#2670=ADVANCED_FACE('',(#2669),#2662,.T.);
#2671=CARTESIAN_POINT('',(-3.3025E1,-4.305E1,-3.9108E0));
#2672=DIRECTION('',(0.E0,0.E0,1.E0));
#2673=DIRECTION('',(-1.E0,0.E0,0.E0));
#2674=AXIS2_PLACEMENT_3D('',#2671,#2672,#2673);
#2675=CYLINDRICAL_SURFACE('',#2674,2.E0);
#2676=ORIENTED_EDGE('',*,*,#2665,.F.);
#2677=ORIENTED_EDGE('',*,*,#1973,.T.);
#2679=ORIENTED_EDGE('',*,*,#2678,.T.);
#2680=ORIENTED_EDGE('',*,*,#2249,.T.);
#2681=EDGE_LOOP('',(#2676,#2677,#2679,#2680));
#2682=FACE_OUTER_BOUND('',#2681,.F.);
#2683=ADVANCED_FACE('',(#2682),#2675,.F.);
#2684=CARTESIAN_POINT('',(3.5025E1,-4.505E1,0.E0));
#2685=DIRECTION('',(0.E0,1.E0,0.E0));
#2686=DIRECTION('',(-1.E0,0.E0,0.E0));
#2687=AXIS2_PLACEMENT_3D('',#2684,#2685,#2686);
#2688=PLANE('',#2687);
#2690=ORIENTED_EDGE('',*,*,#2689,.T.);
#2691=ORIENTED_EDGE('',*,*,#2251,.T.);
#2692=ORIENTED_EDGE('',*,*,#2678,.F.);
#2693=ORIENTED_EDGE('',*,*,#1971,.F.);
#2694=EDGE_LOOP('',(#2690,#2691,#2692,#2693));
#2695=FACE_OUTER_BOUND('',#2694,.F.);
#2696=ADVANCED_FACE('',(#2695),#2688,.T.);
#2697=CARTESIAN_POINT('',(2.8075E1,-4.305E1,-3.9108E0));
#2698=DIRECTION('',(0.E0,0.E0,1.E0));
#2699=DIRECTION('',(0.E0,-1.E0,0.E0));
#2700=AXIS2_PLACEMENT_3D('',#2697,#2698,#2699);
#2701=CYLINDRICAL_SURFACE('',#2700,2.E0);
#2702=ORIENTED_EDGE('',*,*,#2689,.F.);
#2703=ORIENTED_EDGE('',*,*,#1969,.T.);
#2705=ORIENTED_EDGE('',*,*,#2704,.T.);
#2706=ORIENTED_EDGE('',*,*,#2253,.T.);
#2707=EDGE_LOOP('',(#2702,#2703,#2705,#2706));
#2708=FACE_OUTER_BOUND('',#2707,.F.);
#2709=ADVANCED_FACE('',(#2708),#2701,.F.);
#2710=CARTESIAN_POINT('',(3.0075E1,-1.9E1,3.E0));
#2711=DIRECTION('',(-1.E0,0.E0,0.E0));
#2712=DIRECTION('',(0.E0,-1.E0,0.E0));
#2713=AXIS2_PLACEMENT_3D('',#2710,#2711,#2712);
#2714=PLANE('',#2713);
#2715=ORIENTED_EDGE('',*,*,#2407,.F.);
#2716=ORIENTED_EDGE('',*,*,#2255,.T.);
#2717=ORIENTED_EDGE('',*,*,#2704,.F.);
#2718=ORIENTED_EDGE('',*,*,#1967,.F.);
#2719=EDGE_LOOP('',(#2715,#2716,#2717,#2718));
#2720=FACE_OUTER_BOUND('',#2719,.F.);
#2721=ADVANCED_FACE('',(#2720),#2714,.T.);
#2722=CARTESIAN_POINT('',(-6.45E1,7.25E1,2.249999999595E0));
#2723=DIRECTION('',(0.E0,0.E0,1.E0));
#2724=DIRECTION('',(0.E0,-1.E0,0.E0));
#2725=AXIS2_PLACEMENT_3D('',#2722,#2723,#2724);
#2726=CONICAL_SURFACE('',#2725,2.249999999595E0,4.5E1);
#2727=ORIENTED_EDGE('',*,*,#2259,.T.);
#2729=ORIENTED_EDGE('',*,*,#2728,.T.);
#2731=ORIENTED_EDGE('',*,*,#2730,.F.);
#2733=ORIENTED_EDGE('',*,*,#2732,.F.);
#2734=EDGE_LOOP('',(#2727,#2729,#2731,#2733));
#2735=FACE_OUTER_BOUND('',#2734,.F.);
#2736=ADVANCED_FACE('',(#2735),#2726,.F.);
#2737=CARTESIAN_POINT('',(-6.45E1,7.25E1,2.249999999595E0));
#2738=DIRECTION('',(0.E0,0.E0,1.E0));
#2739=DIRECTION('',(0.E0,-1.E0,0.E0));
#2740=AXIS2_PLACEMENT_3D('',#2737,#2738,#2739);
#2741=CONICAL_SURFACE('',#2740,2.249999999595E0,4.5E1);
#2742=ORIENTED_EDGE('',*,*,#2261,.T.);
#2743=ORIENTED_EDGE('',*,*,#2732,.T.);
#2745=ORIENTED_EDGE('',*,*,#2744,.F.);
#2746=ORIENTED_EDGE('',*,*,#2728,.F.);
#2747=EDGE_LOOP('',(#2742,#2743,#2745,#2746));
#2748=FACE_OUTER_BOUND('',#2747,.F.);
#2749=ADVANCED_FACE('',(#2748),#2741,.F.);
#2750=CARTESIAN_POINT('',(-6.45E1,7.25E1,3.E0));
#2751=DIRECTION('',(0.E0,0.E0,1.E0));
#2752=DIRECTION('',(0.E0,1.E0,0.E0));
#2753=AXIS2_PLACEMENT_3D('',#2750,#2751,#2752);
#2754=CYLINDRICAL_SURFACE('',#2753,1.5E0);
#2755=ORIENTED_EDGE('',*,*,#2744,.T.);
#2757=ORIENTED_EDGE('',*,*,#2756,.T.);
#2758=ORIENTED_EDGE('',*,*,#1959,.T.);
#2760=ORIENTED_EDGE('',*,*,#2759,.F.);
#2761=EDGE_LOOP('',(#2755,#2757,#2758,#2760));
#2762=FACE_OUTER_BOUND('',#2761,.F.);
#2763=ADVANCED_FACE('',(#2762),#2754,.F.);
#2764=CARTESIAN_POINT('',(-6.45E1,7.25E1,3.E0));
#2765=DIRECTION('',(0.E0,0.E0,1.E0));
#2766=DIRECTION('',(0.E0,1.E0,0.E0));
#2767=AXIS2_PLACEMENT_3D('',#2764,#2765,#2766);
#2768=CYLINDRICAL_SURFACE('',#2767,1.5E0);
#2769=ORIENTED_EDGE('',*,*,#2730,.T.);
#2770=ORIENTED_EDGE('',*,*,#2759,.T.);
#2771=ORIENTED_EDGE('',*,*,#1961,.T.);
#2772=ORIENTED_EDGE('',*,*,#2756,.F.);
#2773=EDGE_LOOP('',(#2769,#2770,#2771,#2772));
#2774=FACE_OUTER_BOUND('',#2773,.F.);
#2775=ADVANCED_FACE('',(#2774),#2768,.F.);
#2776=CARTESIAN_POINT('',(-2.15E1,7.25E1,2.249999999595E0));
#2777=DIRECTION('',(0.E0,0.E0,1.E0));
#2778=DIRECTION('',(0.E0,-1.E0,0.E0));
#2779=AXIS2_PLACEMENT_3D('',#2776,#2777,#2778);
#2780=CONICAL_SURFACE('',#2779,2.249999999595E0,4.5E1);
#2781=ORIENTED_EDGE('',*,*,#2265,.T.);
#2783=ORIENTED_EDGE('',*,*,#2782,.T.);
#2785=ORIENTED_EDGE('',*,*,#2784,.F.);
#2787=ORIENTED_EDGE('',*,*,#2786,.F.);
#2788=EDGE_LOOP('',(#2781,#2783,#2785,#2787));
#2789=FACE_OUTER_BOUND('',#2788,.F.);
#2790=ADVANCED_FACE('',(#2789),#2780,.F.);
#2791=CARTESIAN_POINT('',(-2.15E1,7.25E1,2.249999999595E0));
#2792=DIRECTION('',(0.E0,0.E0,1.E0));
#2793=DIRECTION('',(0.E0,-1.E0,0.E0));
#2794=AXIS2_PLACEMENT_3D('',#2791,#2792,#2793);
#2795=CONICAL_SURFACE('',#2794,2.249999999595E0,4.5E1);
#2796=ORIENTED_EDGE('',*,*,#2267,.T.);
#2797=ORIENTED_EDGE('',*,*,#2786,.T.);
#2799=ORIENTED_EDGE('',*,*,#2798,.F.);
#2800=ORIENTED_EDGE('',*,*,#2782,.F.);
#2801=EDGE_LOOP('',(#2796,#2797,#2799,#2800));
#2802=FACE_OUTER_BOUND('',#2801,.F.);
#2803=ADVANCED_FACE('',(#2802),#2795,.F.);
#2804=CARTESIAN_POINT('',(-2.15E1,7.25E1,3.E0));
#2805=DIRECTION('',(0.E0,0.E0,1.E0));
#2806=DIRECTION('',(0.E0,1.E0,0.E0));
#2807=AXIS2_PLACEMENT_3D('',#2804,#2805,#2806);
#2808=CYLINDRICAL_SURFACE('',#2807,1.5E0);
#2809=ORIENTED_EDGE('',*,*,#2798,.T.);
#2811=ORIENTED_EDGE('',*,*,#2810,.T.);
#2812=ORIENTED_EDGE('',*,*,#1953,.T.);
#2814=ORIENTED_EDGE('',*,*,#2813,.F.);
#2815=EDGE_LOOP('',(#2809,#2811,#2812,#2814));
#2816=FACE_OUTER_BOUND('',#2815,.F.);
#2817=ADVANCED_FACE('',(#2816),#2808,.F.);
#2818=CARTESIAN_POINT('',(-2.15E1,7.25E1,3.E0));
#2819=DIRECTION('',(0.E0,0.E0,1.E0));
#2820=DIRECTION('',(0.E0,1.E0,0.E0));
#2821=AXIS2_PLACEMENT_3D('',#2818,#2819,#2820);
#2822=CYLINDRICAL_SURFACE('',#2821,1.5E0);
#2823=ORIENTED_EDGE('',*,*,#2784,.T.);
#2824=ORIENTED_EDGE('',*,*,#2813,.T.);
#2825=ORIENTED_EDGE('',*,*,#1955,.T.);
#2826=ORIENTED_EDGE('',*,*,#2810,.F.);
#2827=EDGE_LOOP('',(#2823,#2824,#2825,#2826));
#2828=FACE_OUTER_BOUND('',#2827,.F.);
#2829=ADVANCED_FACE('',(#2828),#2822,.F.);
#2830=CARTESIAN_POINT('',(6.45E1,7.25E1,2.249999999595E0));
#2831=DIRECTION('',(0.E0,0.E0,1.E0));
#2832=DIRECTION('',(0.E0,-1.E0,0.E0));
#2833=AXIS2_PLACEMENT_3D('',#2830,#2831,#2832);
#2834=CONICAL_SURFACE('',#2833,2.249999999595E0,4.5E1);
#2835=ORIENTED_EDGE('',*,*,#2271,.T.);
#2837=ORIENTED_EDGE('',*,*,#2836,.T.);
#2839=ORIENTED_EDGE('',*,*,#2838,.F.);
#2841=ORIENTED_EDGE('',*,*,#2840,.F.);
#2842=EDGE_LOOP('',(#2835,#2837,#2839,#2841));
#2843=FACE_OUTER_BOUND('',#2842,.F.);
#2844=ADVANCED_FACE('',(#2843),#2834,.F.);
#2845=CARTESIAN_POINT('',(6.45E1,7.25E1,2.249999999595E0));
#2846=DIRECTION('',(0.E0,0.E0,1.E0));
#2847=DIRECTION('',(0.E0,-1.E0,0.E0));
#2848=AXIS2_PLACEMENT_3D('',#2845,#2846,#2847);
#2849=CONICAL_SURFACE('',#2848,2.249999999595E0,4.5E1);
#2850=ORIENTED_EDGE('',*,*,#2273,.T.);
#2851=ORIENTED_EDGE('',*,*,#2840,.T.);
#2853=ORIENTED_EDGE('',*,*,#2852,.F.);
#2854=ORIENTED_EDGE('',*,*,#2836,.F.);
#2855=EDGE_LOOP('',(#2850,#2851,#2853,#2854));
#2856=FACE_OUTER_BOUND('',#2855,.F.);
#2857=ADVANCED_FACE('',(#2856),#2849,.F.);
#2858=CARTESIAN_POINT('',(6.45E1,7.25E1,3.E0));
#2859=DIRECTION('',(0.E0,0.E0,1.E0));
#2860=DIRECTION('',(0.E0,1.E0,0.E0));
#2861=AXIS2_PLACEMENT_3D('',#2858,#2859,#2860);
#2862=CYLINDRICAL_SURFACE('',#2861,1.5E0);
#2863=ORIENTED_EDGE('',*,*,#2852,.T.);
#2865=ORIENTED_EDGE('',*,*,#2864,.T.);
#2866=ORIENTED_EDGE('',*,*,#1947,.T.);
#2868=ORIENTED_EDGE('',*,*,#2867,.F.);
#2869=EDGE_LOOP('',(#2863,#2865,#2866,#2868));
#2870=FACE_OUTER_BOUND('',#2869,.F.);
#2871=ADVANCED_FACE('',(#2870),#2862,.F.);
#2872=CARTESIAN_POINT('',(6.45E1,7.25E1,3.E0));
#2873=DIRECTION('',(0.E0,0.E0,1.E0));
#2874=DIRECTION('',(0.E0,1.E0,0.E0));
#2875=AXIS2_PLACEMENT_3D('',#2872,#2873,#2874);
#2876=CYLINDRICAL_SURFACE('',#2875,1.5E0);
#2877=ORIENTED_EDGE('',*,*,#2838,.T.);
#2878=ORIENTED_EDGE('',*,*,#2867,.T.);
#2879=ORIENTED_EDGE('',*,*,#1949,.T.);
#2880=ORIENTED_EDGE('',*,*,#2864,.F.);
#2881=EDGE_LOOP('',(#2877,#2878,#2879,#2880));
#2882=FACE_OUTER_BOUND('',#2881,.F.);
#2883=ADVANCED_FACE('',(#2882),#2876,.F.);
#2884=CARTESIAN_POINT('',(2.15E1,7.25E1,2.249999999595E0));
#2885=DIRECTION('',(0.E0,0.E0,1.E0));
#2886=DIRECTION('',(0.E0,-1.E0,0.E0));
#2887=AXIS2_PLACEMENT_3D('',#2884,#2885,#2886);
#2888=CONICAL_SURFACE('',#2887,2.249999999595E0,4.5E1);
#2889=ORIENTED_EDGE('',*,*,#2277,.T.);
#2891=ORIENTED_EDGE('',*,*,#2890,.T.);
#2893=ORIENTED_EDGE('',*,*,#2892,.F.);
#2895=ORIENTED_EDGE('',*,*,#2894,.F.);
#2896=EDGE_LOOP('',(#2889,#2891,#2893,#2895));
#2897=FACE_OUTER_BOUND('',#2896,.F.);
#2898=ADVANCED_FACE('',(#2897),#2888,.F.);
#2899=CARTESIAN_POINT('',(2.15E1,7.25E1,2.249999999595E0));
#2900=DIRECTION('',(0.E0,0.E0,1.E0));
#2901=DIRECTION('',(0.E0,-1.E0,0.E0));
#2902=AXIS2_PLACEMENT_3D('',#2899,#2900,#2901);
#2903=CONICAL_SURFACE('',#2902,2.249999999595E0,4.5E1);
#2904=ORIENTED_EDGE('',*,*,#2279,.T.);
#2905=ORIENTED_EDGE('',*,*,#2894,.T.);
#2907=ORIENTED_EDGE('',*,*,#2906,.F.);
#2908=ORIENTED_EDGE('',*,*,#2890,.F.);
#2909=EDGE_LOOP('',(#2904,#2905,#2907,#2908));
#2910=FACE_OUTER_BOUND('',#2909,.F.);
#2911=ADVANCED_FACE('',(#2910),#2903,.F.);
#2912=CARTESIAN_POINT('',(2.15E1,7.25E1,3.E0));
#2913=DIRECTION('',(0.E0,0.E0,1.E0));
#2914=DIRECTION('',(0.E0,1.E0,0.E0));
#2915=AXIS2_PLACEMENT_3D('',#2912,#2913,#2914);
#2916=CYLINDRICAL_SURFACE('',#2915,1.5E0);
#2917=ORIENTED_EDGE('',*,*,#2906,.T.);
#2919=ORIENTED_EDGE('',*,*,#2918,.T.);
#2920=ORIENTED_EDGE('',*,*,#1941,.T.);
#2922=ORIENTED_EDGE('',*,*,#2921,.F.);
#2923=EDGE_LOOP('',(#2917,#2919,#2920,#2922));
#2924=FACE_OUTER_BOUND('',#2923,.F.);
#2925=ADVANCED_FACE('',(#2924),#2916,.F.);
#2926=CARTESIAN_POINT('',(2.15E1,7.25E1,3.E0));
#2927=DIRECTION('',(0.E0,0.E0,1.E0));
#2928=DIRECTION('',(0.E0,1.E0,0.E0));
#2929=AXIS2_PLACEMENT_3D('',#2926,#2927,#2928);
#2930=CYLINDRICAL_SURFACE('',#2929,1.5E0);
#2931=ORIENTED_EDGE('',*,*,#2892,.T.);
#2932=ORIENTED_EDGE('',*,*,#2921,.T.);
#2933=ORIENTED_EDGE('',*,*,#1943,.T.);
#2934=ORIENTED_EDGE('',*,*,#2918,.F.);
#2935=EDGE_LOOP('',(#2931,#2932,#2933,#2934));
#2936=FACE_OUTER_BOUND('',#2935,.F.);
#2937=ADVANCED_FACE('',(#2936),#2930,.F.);
#2938=CARTESIAN_POINT('',(-6.45E1,-7.25E1,2.249999999595E0));
#2939=DIRECTION('',(0.E0,0.E0,1.E0));
#2940=DIRECTION('',(0.E0,-1.E0,0.E0));
#2941=AXIS2_PLACEMENT_3D('',#2938,#2939,#2940);
#2942=CONICAL_SURFACE('',#2941,2.249999999595E0,4.5E1);
#2943=ORIENTED_EDGE('',*,*,#2283,.T.);
#2945=ORIENTED_EDGE('',*,*,#2944,.T.);
#2947=ORIENTED_EDGE('',*,*,#2946,.F.);
#2949=ORIENTED_EDGE('',*,*,#2948,.F.);
#2950=EDGE_LOOP('',(#2943,#2945,#2947,#2949));
#2951=FACE_OUTER_BOUND('',#2950,.F.);
#2952=ADVANCED_FACE('',(#2951),#2942,.F.);
#2953=CARTESIAN_POINT('',(-6.45E1,-7.25E1,2.249999999595E0));
#2954=DIRECTION('',(0.E0,0.E0,1.E0));
#2955=DIRECTION('',(0.E0,-1.E0,0.E0));
#2956=AXIS2_PLACEMENT_3D('',#2953,#2954,#2955);
#2957=CONICAL_SURFACE('',#2956,2.249999999595E0,4.5E1);
#2958=ORIENTED_EDGE('',*,*,#2285,.T.);
#2959=ORIENTED_EDGE('',*,*,#2948,.T.);
#2961=ORIENTED_EDGE('',*,*,#2960,.F.);
#2962=ORIENTED_EDGE('',*,*,#2944,.F.);
#2963=EDGE_LOOP('',(#2958,#2959,#2961,#2962));
#2964=FACE_OUTER_BOUND('',#2963,.F.);
#2965=ADVANCED_FACE('',(#2964),#2957,.F.);
#2966=CARTESIAN_POINT('',(-6.45E1,-7.25E1,3.E0));
#2967=DIRECTION('',(0.E0,0.E0,1.E0));
#2968=DIRECTION('',(0.E0,1.E0,0.E0));
#2969=AXIS2_PLACEMENT_3D('',#2966,#2967,#2968);
#2970=CYLINDRICAL_SURFACE('',#2969,1.5E0);
#2971=ORIENTED_EDGE('',*,*,#2960,.T.);
#2973=ORIENTED_EDGE('',*,*,#2972,.T.);
#2974=ORIENTED_EDGE('',*,*,#1935,.T.);
#2976=ORIENTED_EDGE('',*,*,#2975,.F.);
#2977=EDGE_LOOP('',(#2971,#2973,#2974,#2976));
#2978=FACE_OUTER_BOUND('',#2977,.F.);
#2979=ADVANCED_FACE('',(#2978),#2970,.F.);
#2980=CARTESIAN_POINT('',(-6.45E1,-7.25E1,3.E0));
#2981=DIRECTION('',(0.E0,0.E0,1.E0));
#2982=DIRECTION('',(0.E0,1.E0,0.E0));
#2983=AXIS2_PLACEMENT_3D('',#2980,#2981,#2982);
#2984=CYLINDRICAL_SURFACE('',#2983,1.5E0);
#2985=ORIENTED_EDGE('',*,*,#2946,.T.);
#2986=ORIENTED_EDGE('',*,*,#2975,.T.);
#2987=ORIENTED_EDGE('',*,*,#1937,.T.);
#2988=ORIENTED_EDGE('',*,*,#2972,.F.);
#2989=EDGE_LOOP('',(#2985,#2986,#2987,#2988));
#2990=FACE_OUTER_BOUND('',#2989,.F.);
#2991=ADVANCED_FACE('',(#2990),#2984,.F.);
#2992=CARTESIAN_POINT('',(-2.15E1,-7.25E1,2.249999999595E0));
#2993=DIRECTION('',(0.E0,0.E0,1.E0));
#2994=DIRECTION('',(0.E0,-1.E0,0.E0));
#2995=AXIS2_PLACEMENT_3D('',#2992,#2993,#2994);
#2996=CONICAL_SURFACE('',#2995,2.249999999595E0,4.5E1);
#2997=ORIENTED_EDGE('',*,*,#2289,.T.);
#2999=ORIENTED_EDGE('',*,*,#2998,.T.);
#3001=ORIENTED_EDGE('',*,*,#3000,.F.);
#3003=ORIENTED_EDGE('',*,*,#3002,.F.);
#3004=EDGE_LOOP('',(#2997,#2999,#3001,#3003));
#3005=FACE_OUTER_BOUND('',#3004,.F.);
#3006=ADVANCED_FACE('',(#3005),#2996,.F.);
#3007=CARTESIAN_POINT('',(-2.15E1,-7.25E1,2.249999999595E0));
#3008=DIRECTION('',(0.E0,0.E0,1.E0));
#3009=DIRECTION('',(0.E0,-1.E0,0.E0));
#3010=AXIS2_PLACEMENT_3D('',#3007,#3008,#3009);
#3011=CONICAL_SURFACE('',#3010,2.249999999595E0,4.5E1);
#3012=ORIENTED_EDGE('',*,*,#2291,.T.);
#3013=ORIENTED_EDGE('',*,*,#3002,.T.);
#3015=ORIENTED_EDGE('',*,*,#3014,.F.);
#3016=ORIENTED_EDGE('',*,*,#2998,.F.);
#3017=EDGE_LOOP('',(#3012,#3013,#3015,#3016));
#3018=FACE_OUTER_BOUND('',#3017,.F.);
#3019=ADVANCED_FACE('',(#3018),#3011,.F.);
#3020=CARTESIAN_POINT('',(-2.15E1,-7.25E1,3.E0));
#3021=DIRECTION('',(0.E0,0.E0,1.E0));
#3022=DIRECTION('',(0.E0,1.E0,0.E0));
#3023=AXIS2_PLACEMENT_3D('',#3020,#3021,#3022);
#3024=CYLINDRICAL_SURFACE('',#3023,1.5E0);
#3025=ORIENTED_EDGE('',*,*,#3014,.T.);
#3027=ORIENTED_EDGE('',*,*,#3026,.T.);
#3028=ORIENTED_EDGE('',*,*,#1929,.T.);
#3030=ORIENTED_EDGE('',*,*,#3029,.F.);
#3031=EDGE_LOOP('',(#3025,#3027,#3028,#3030));
#3032=FACE_OUTER_BOUND('',#3031,.F.);
#3033=ADVANCED_FACE('',(#3032),#3024,.F.);
#3034=CARTESIAN_POINT('',(-2.15E1,-7.25E1,3.E0));
#3035=DIRECTION('',(0.E0,0.E0,1.E0));
#3036=DIRECTION('',(0.E0,1.E0,0.E0));
#3037=AXIS2_PLACEMENT_3D('',#3034,#3035,#3036);
#3038=CYLINDRICAL_SURFACE('',#3037,1.5E0);
#3039=ORIENTED_EDGE('',*,*,#3000,.T.);
#3040=ORIENTED_EDGE('',*,*,#3029,.T.);
#3041=ORIENTED_EDGE('',*,*,#1931,.T.);
#3042=ORIENTED_EDGE('',*,*,#3026,.F.);
#3043=EDGE_LOOP('',(#3039,#3040,#3041,#3042));
#3044=FACE_OUTER_BOUND('',#3043,.F.);
#3045=ADVANCED_FACE('',(#3044),#3038,.F.);
#3046=CARTESIAN_POINT('',(6.45E1,-7.25E1,2.249999999595E0));
#3047=DIRECTION('',(0.E0,0.E0,1.E0));
#3048=DIRECTION('',(0.E0,-1.E0,0.E0));
#3049=AXIS2_PLACEMENT_3D('',#3046,#3047,#3048);
#3050=CONICAL_SURFACE('',#3049,2.249999999595E0,4.5E1);
#3051=ORIENTED_EDGE('',*,*,#2295,.T.);
#3053=ORIENTED_EDGE('',*,*,#3052,.T.);
#3055=ORIENTED_EDGE('',*,*,#3054,.F.);
#3057=ORIENTED_EDGE('',*,*,#3056,.F.);
#3058=EDGE_LOOP('',(#3051,#3053,#3055,#3057));
#3059=FACE_OUTER_BOUND('',#3058,.F.);
#3060=ADVANCED_FACE('',(#3059),#3050,.F.);
#3061=CARTESIAN_POINT('',(6.45E1,-7.25E1,2.249999999595E0));
#3062=DIRECTION('',(0.E0,0.E0,1.E0));
#3063=DIRECTION('',(0.E0,-1.E0,0.E0));
#3064=AXIS2_PLACEMENT_3D('',#3061,#3062,#3063);
#3065=CONICAL_SURFACE('',#3064,2.249999999595E0,4.5E1);
#3066=ORIENTED_EDGE('',*,*,#2297,.T.);
#3067=ORIENTED_EDGE('',*,*,#3056,.T.);
#3069=ORIENTED_EDGE('',*,*,#3068,.F.);
#3070=ORIENTED_EDGE('',*,*,#3052,.F.);
#3071=EDGE_LOOP('',(#3066,#3067,#3069,#3070));
#3072=FACE_OUTER_BOUND('',#3071,.F.);
#3073=ADVANCED_FACE('',(#3072),#3065,.F.);
#3074=CARTESIAN_POINT('',(6.45E1,-7.25E1,3.E0));
#3075=DIRECTION('',(0.E0,0.E0,1.E0));
#3076=DIRECTION('',(0.E0,1.E0,0.E0));
#3077=AXIS2_PLACEMENT_3D('',#3074,#3075,#3076);
#3078=CYLINDRICAL_SURFACE('',#3077,1.5E0);
#3079=ORIENTED_EDGE('',*,*,#3068,.T.);
#3081=ORIENTED_EDGE('',*,*,#3080,.T.);
#3082=ORIENTED_EDGE('',*,*,#1923,.T.);
#3084=ORIENTED_EDGE('',*,*,#3083,.F.);
#3085=EDGE_LOOP('',(#3079,#3081,#3082,#3084));
#3086=FACE_OUTER_BOUND('',#3085,.F.);
#3087=ADVANCED_FACE('',(#3086),#3078,.F.);
#3088=CARTESIAN_POINT('',(6.45E1,-7.25E1,3.E0));
#3089=DIRECTION('',(0.E0,0.E0,1.E0));
#3090=DIRECTION('',(0.E0,1.E0,0.E0));
#3091=AXIS2_PLACEMENT_3D('',#3088,#3089,#3090);
#3092=CYLINDRICAL_SURFACE('',#3091,1.5E0);
#3093=ORIENTED_EDGE('',*,*,#3054,.T.);
#3094=ORIENTED_EDGE('',*,*,#3083,.T.);
#3095=ORIENTED_EDGE('',*,*,#1925,.T.);
#3096=ORIENTED_EDGE('',*,*,#3080,.F.);
#3097=EDGE_LOOP('',(#3093,#3094,#3095,#3096));
#3098=FACE_OUTER_BOUND('',#3097,.F.);
#3099=ADVANCED_FACE('',(#3098),#3092,.F.);
#3100=CARTESIAN_POINT('',(2.15E1,-7.25E1,2.249999999595E0));
#3101=DIRECTION('',(0.E0,0.E0,1.E0));
#3102=DIRECTION('',(0.E0,-1.E0,0.E0));
#3103=AXIS2_PLACEMENT_3D('',#3100,#3101,#3102);
#3104=CONICAL_SURFACE('',#3103,2.249999999595E0,4.5E1);
#3105=ORIENTED_EDGE('',*,*,#2301,.T.);
#3107=ORIENTED_EDGE('',*,*,#3106,.T.);
#3109=ORIENTED_EDGE('',*,*,#3108,.F.);
#3111=ORIENTED_EDGE('',*,*,#3110,.F.);
#3112=EDGE_LOOP('',(#3105,#3107,#3109,#3111));
#3113=FACE_OUTER_BOUND('',#3112,.F.);
#3114=ADVANCED_FACE('',(#3113),#3104,.F.);
#3115=CARTESIAN_POINT('',(2.15E1,-7.25E1,2.249999999595E0));
#3116=DIRECTION('',(0.E0,0.E0,1.E0));
#3117=DIRECTION('',(0.E0,-1.E0,0.E0));
#3118=AXIS2_PLACEMENT_3D('',#3115,#3116,#3117);
#3119=CONICAL_SURFACE('',#3118,2.249999999595E0,4.5E1);
#3120=ORIENTED_EDGE('',*,*,#2303,.T.);
#3121=ORIENTED_EDGE('',*,*,#3110,.T.);
#3123=ORIENTED_EDGE('',*,*,#3122,.F.);
#3124=ORIENTED_EDGE('',*,*,#3106,.F.);
#3125=EDGE_LOOP('',(#3120,#3121,#3123,#3124));
#3126=FACE_OUTER_BOUND('',#3125,.F.);
#3127=ADVANCED_FACE('',(#3126),#3119,.F.);
#3128=CARTESIAN_POINT('',(2.15E1,-7.25E1,3.E0));
#3129=DIRECTION('',(0.E0,0.E0,1.E0));
#3130=DIRECTION('',(0.E0,1.E0,0.E0));
#3131=AXIS2_PLACEMENT_3D('',#3128,#3129,#3130);
#3132=CYLINDRICAL_SURFACE('',#3131,1.5E0);
#3133=ORIENTED_EDGE('',*,*,#3122,.T.);
#3135=ORIENTED_EDGE('',*,*,#3134,.T.);
#3136=ORIENTED_EDGE('',*,*,#1917,.T.);
#3138=ORIENTED_EDGE('',*,*,#3137,.F.);
#3139=EDGE_LOOP('',(#3133,#3135,#3136,#3138));
#3140=FACE_OUTER_BOUND('',#3139,.F.);
#3141=ADVANCED_FACE('',(#3140),#3132,.F.);
#3142=CARTESIAN_POINT('',(2.15E1,-7.25E1,3.E0));
#3143=DIRECTION('',(0.E0,0.E0,1.E0));
#3144=DIRECTION('',(0.E0,1.E0,0.E0));
#3145=AXIS2_PLACEMENT_3D('',#3142,#3143,#3144);
#3146=CYLINDRICAL_SURFACE('',#3145,1.5E0);
#3147=ORIENTED_EDGE('',*,*,#3108,.T.);
#3148=ORIENTED_EDGE('',*,*,#3137,.T.);
#3149=ORIENTED_EDGE('',*,*,#1919,.T.);
#3150=ORIENTED_EDGE('',*,*,#3134,.F.);
#3151=EDGE_LOOP('',(#3147,#3148,#3149,#3150));
#3152=FACE_OUTER_BOUND('',#3151,.F.);
#3153=ADVANCED_FACE('',(#3152),#3146,.F.);
#3154=CARTESIAN_POINT('',(4.2275E1,1.25E1,2.249999999595E0));
#3155=DIRECTION('',(0.E0,0.E0,1.E0));
#3156=DIRECTION('',(0.E0,-1.E0,0.E0));
#3157=AXIS2_PLACEMENT_3D('',#3154,#3155,#3156);
#3158=CONICAL_SURFACE('',#3157,2.249999999595E0,4.5E1);
#3159=ORIENTED_EDGE('',*,*,#2307,.T.);
#3161=ORIENTED_EDGE('',*,*,#3160,.T.);
#3163=ORIENTED_EDGE('',*,*,#3162,.F.);
#3165=ORIENTED_EDGE('',*,*,#3164,.F.);
#3166=EDGE_LOOP('',(#3159,#3161,#3163,#3165));
#3167=FACE_OUTER_BOUND('',#3166,.F.);
#3168=ADVANCED_FACE('',(#3167),#3158,.F.);
#3169=CARTESIAN_POINT('',(4.2275E1,1.25E1,2.249999999595E0));
#3170=DIRECTION('',(0.E0,0.E0,1.E0));
#3171=DIRECTION('',(0.E0,-1.E0,0.E0));
#3172=AXIS2_PLACEMENT_3D('',#3169,#3170,#3171);
#3173=CONICAL_SURFACE('',#3172,2.249999999595E0,4.5E1);
#3174=ORIENTED_EDGE('',*,*,#2309,.T.);
#3175=ORIENTED_EDGE('',*,*,#3164,.T.);
#3177=ORIENTED_EDGE('',*,*,#3176,.F.);
#3178=ORIENTED_EDGE('',*,*,#3160,.F.);
#3179=EDGE_LOOP('',(#3174,#3175,#3177,#3178));
#3180=FACE_OUTER_BOUND('',#3179,.F.);
#3181=ADVANCED_FACE('',(#3180),#3173,.F.);
#3182=CARTESIAN_POINT('',(4.2275E1,1.25E1,3.E0));
#3183=DIRECTION('',(0.E0,0.E0,1.E0));
#3184=DIRECTION('',(0.E0,1.E0,0.E0));
#3185=AXIS2_PLACEMENT_3D('',#3182,#3183,#3184);
#3186=CYLINDRICAL_SURFACE('',#3185,1.5E0);
#3187=ORIENTED_EDGE('',*,*,#3176,.T.);
#3189=ORIENTED_EDGE('',*,*,#3188,.T.);
#3190=ORIENTED_EDGE('',*,*,#1911,.T.);
#3192=ORIENTED_EDGE('',*,*,#3191,.F.);
#3193=EDGE_LOOP('',(#3187,#3189,#3190,#3192));
#3194=FACE_OUTER_BOUND('',#3193,.F.);
#3195=ADVANCED_FACE('',(#3194),#3186,.F.);
#3196=CARTESIAN_POINT('',(4.2275E1,1.25E1,3.E0));
#3197=DIRECTION('',(0.E0,0.E0,1.E0));
#3198=DIRECTION('',(0.E0,1.E0,0.E0));
#3199=AXIS2_PLACEMENT_3D('',#3196,#3197,#3198);
#3200=CYLINDRICAL_SURFACE('',#3199,1.5E0);
#3201=ORIENTED_EDGE('',*,*,#3162,.T.);
#3202=ORIENTED_EDGE('',*,*,#3191,.T.);
#3203=ORIENTED_EDGE('',*,*,#1913,.T.);
#3204=ORIENTED_EDGE('',*,*,#3188,.F.);
#3205=EDGE_LOOP('',(#3201,#3202,#3203,#3204));
#3206=FACE_OUTER_BOUND('',#3205,.F.);
#3207=ADVANCED_FACE('',(#3206),#3200,.F.);
#3208=CARTESIAN_POINT('',(4.2275E1,-1.25E1,2.249999999595E0));
#3209=DIRECTION('',(0.E0,0.E0,1.E0));
#3210=DIRECTION('',(0.E0,-1.E0,0.E0));
#3211=AXIS2_PLACEMENT_3D('',#3208,#3209,#3210);
#3212=CONICAL_SURFACE('',#3211,2.249999999595E0,4.5E1);
#3213=ORIENTED_EDGE('',*,*,#2313,.T.);
#3215=ORIENTED_EDGE('',*,*,#3214,.T.);
#3217=ORIENTED_EDGE('',*,*,#3216,.F.);
#3219=ORIENTED_EDGE('',*,*,#3218,.F.);
#3220=EDGE_LOOP('',(#3213,#3215,#3217,#3219));
#3221=FACE_OUTER_BOUND('',#3220,.F.);
#3222=ADVANCED_FACE('',(#3221),#3212,.F.);
#3223=CARTESIAN_POINT('',(4.2275E1,-1.25E1,2.249999999595E0));
#3224=DIRECTION('',(0.E0,0.E0,1.E0));
#3225=DIRECTION('',(0.E0,-1.E0,0.E0));
#3226=AXIS2_PLACEMENT_3D('',#3223,#3224,#3225);
#3227=CONICAL_SURFACE('',#3226,2.249999999595E0,4.5E1);
#3228=ORIENTED_EDGE('',*,*,#2315,.T.);
#3229=ORIENTED_EDGE('',*,*,#3218,.T.);
#3231=ORIENTED_EDGE('',*,*,#3230,.F.);
#3232=ORIENTED_EDGE('',*,*,#3214,.F.);
#3233=EDGE_LOOP('',(#3228,#3229,#3231,#3232));
#3234=FACE_OUTER_BOUND('',#3233,.F.);
#3235=ADVANCED_FACE('',(#3234),#3227,.F.);
#3236=CARTESIAN_POINT('',(4.2275E1,-1.25E1,3.E0));
#3237=DIRECTION('',(0.E0,0.E0,1.E0));
#3238=DIRECTION('',(0.E0,1.E0,0.E0));
#3239=AXIS2_PLACEMENT_3D('',#3236,#3237,#3238);
#3240=CYLINDRICAL_SURFACE('',#3239,1.5E0);
#3241=ORIENTED_EDGE('',*,*,#3230,.T.);
#3243=ORIENTED_EDGE('',*,*,#3242,.T.);
#3244=ORIENTED_EDGE('',*,*,#1905,.T.);
#3246=ORIENTED_EDGE('',*,*,#3245,.F.);
#3247=EDGE_LOOP('',(#3241,#3243,#3244,#3246));
#3248=FACE_OUTER_BOUND('',#3247,.F.);
#3249=ADVANCED_FACE('',(#3248),#3240,.F.);
#3250=CARTESIAN_POINT('',(4.2275E1,-1.25E1,3.E0));
#3251=DIRECTION('',(0.E0,0.E0,1.E0));
#3252=DIRECTION('',(0.E0,1.E0,0.E0));
#3253=AXIS2_PLACEMENT_3D('',#3250,#3251,#3252);
#3254=CYLINDRICAL_SURFACE('',#3253,1.5E0);
#3255=ORIENTED_EDGE('',*,*,#3216,.T.);
#3256=ORIENTED_EDGE('',*,*,#3245,.T.);
#3257=ORIENTED_EDGE('',*,*,#1907,.T.);
#3258=ORIENTED_EDGE('',*,*,#3242,.F.);
#3259=EDGE_LOOP('',(#3255,#3256,#3257,#3258));
#3260=FACE_OUTER_BOUND('',#3259,.F.);
#3261=ADVANCED_FACE('',(#3260),#3254,.F.);
#3262=CARTESIAN_POINT('',(-4.3025E1,0.E0,2.249999999595E0));
#3263=DIRECTION('',(0.E0,0.E0,1.E0));
#3264=DIRECTION('',(0.E0,-1.E0,0.E0));
#3265=AXIS2_PLACEMENT_3D('',#3262,#3263,#3264);
#3266=CONICAL_SURFACE('',#3265,2.249999999595E0,4.5E1);
#3267=ORIENTED_EDGE('',*,*,#2319,.T.);
#3269=ORIENTED_EDGE('',*,*,#3268,.T.);
#3271=ORIENTED_EDGE('',*,*,#3270,.F.);
#3273=ORIENTED_EDGE('',*,*,#3272,.F.);
#3274=EDGE_LOOP('',(#3267,#3269,#3271,#3273));
#3275=FACE_OUTER_BOUND('',#3274,.F.);
#3276=ADVANCED_FACE('',(#3275),#3266,.F.);
#3277=CARTESIAN_POINT('',(-4.3025E1,0.E0,2.249999999595E0));
#3278=DIRECTION('',(0.E0,0.E0,1.E0));
#3279=DIRECTION('',(0.E0,-1.E0,0.E0));
#3280=AXIS2_PLACEMENT_3D('',#3277,#3278,#3279);
#3281=CONICAL_SURFACE('',#3280,2.249999999595E0,4.5E1);
#3282=ORIENTED_EDGE('',*,*,#2321,.T.);
#3283=ORIENTED_EDGE('',*,*,#3272,.T.);
#3285=ORIENTED_EDGE('',*,*,#3284,.F.);
#3286=ORIENTED_EDGE('',*,*,#3268,.F.);
#3287=EDGE_LOOP('',(#3282,#3283,#3285,#3286));
#3288=FACE_OUTER_BOUND('',#3287,.F.);
#3289=ADVANCED_FACE('',(#3288),#3281,.F.);
#3290=CARTESIAN_POINT('',(-4.3025E1,0.E0,0.E0));
#3291=DIRECTION('',(0.E0,0.E0,-1.E0));
#3292=DIRECTION('',(1.E0,0.E0,0.E0));
#3293=AXIS2_PLACEMENT_3D('',#3290,#3291,#3292);
#3294=CYLINDRICAL_SURFACE('',#3293,1.5E0);
#3295=ORIENTED_EDGE('',*,*,#3284,.T.);
#3297=ORIENTED_EDGE('',*,*,#3296,.F.);
#3298=ORIENTED_EDGE('',*,*,#2063,.F.);
#3300=ORIENTED_EDGE('',*,*,#3299,.T.);
#3301=EDGE_LOOP('',(#3295,#3297,#3298,#3300));
#3302=FACE_OUTER_BOUND('',#3301,.F.);
#3303=ADVANCED_FACE('',(#3302),#3294,.F.);
#3304=CARTESIAN_POINT('',(-4.3025E1,0.E0,0.E0));
#3305=DIRECTION('',(0.E0,0.E0,-1.E0));
#3306=DIRECTION('',(1.E0,0.E0,0.E0));
#3307=AXIS2_PLACEMENT_3D('',#3304,#3305,#3306);
#3308=CYLINDRICAL_SURFACE('',#3307,1.5E0);
#3309=ORIENTED_EDGE('',*,*,#3270,.T.);
#3310=ORIENTED_EDGE('',*,*,#3299,.F.);
#3311=ORIENTED_EDGE('',*,*,#2065,.F.);
#3312=ORIENTED_EDGE('',*,*,#3296,.T.);
#3313=EDGE_LOOP('',(#3309,#3310,#3311,#3312));
#3314=FACE_OUTER_BOUND('',#3313,.F.);
#3315=ADVANCED_FACE('',(#3314),#3308,.F.);
#3316=CARTESIAN_POINT('',(-4.3025E1,1.1E1,2.249999999595E0));
#3317=DIRECTION('',(0.E0,0.E0,1.E0));
#3318=DIRECTION('',(0.E0,-1.E0,0.E0));
#3319=AXIS2_PLACEMENT_3D('',#3316,#3317,#3318);
#3320=CONICAL_SURFACE('',#3319,2.249999999595E0,4.5E1);
#3321=ORIENTED_EDGE('',*,*,#2325,.T.);
#3323=ORIENTED_EDGE('',*,*,#3322,.T.);
#3325=ORIENTED_EDGE('',*,*,#3324,.F.);
#3327=ORIENTED_EDGE('',*,*,#3326,.F.);
#3328=EDGE_LOOP('',(#3321,#3323,#3325,#3327));
#3329=FACE_OUTER_BOUND('',#3328,.F.);
#3330=ADVANCED_FACE('',(#3329),#3320,.F.);
#3331=CARTESIAN_POINT('',(-4.3025E1,1.1E1,2.249999999595E0));
#3332=DIRECTION('',(0.E0,0.E0,1.E0));
#3333=DIRECTION('',(0.E0,-1.E0,0.E0));
#3334=AXIS2_PLACEMENT_3D('',#3331,#3332,#3333);
#3335=CONICAL_SURFACE('',#3334,2.249999999595E0,4.5E1);
#3336=ORIENTED_EDGE('',*,*,#2327,.T.);
#3337=ORIENTED_EDGE('',*,*,#3326,.T.);
#3339=ORIENTED_EDGE('',*,*,#3338,.F.);
#3340=ORIENTED_EDGE('',*,*,#3322,.F.);
#3341=EDGE_LOOP('',(#3336,#3337,#3339,#3340));
#3342=FACE_OUTER_BOUND('',#3341,.F.);
#3343=ADVANCED_FACE('',(#3342),#3335,.F.);
#3344=CARTESIAN_POINT('',(-4.3025E1,1.1E1,0.E0));
#3345=DIRECTION('',(0.E0,0.E0,-1.E0));
#3346=DIRECTION('',(1.E0,0.E0,0.E0));
#3347=AXIS2_PLACEMENT_3D('',#3344,#3345,#3346);
#3348=CYLINDRICAL_SURFACE('',#3347,1.5E0);
#3349=ORIENTED_EDGE('',*,*,#3338,.T.);
#3351=ORIENTED_EDGE('',*,*,#3350,.F.);
#3352=ORIENTED_EDGE('',*,*,#2059,.F.);
#3354=ORIENTED_EDGE('',*,*,#3353,.T.);
#3355=EDGE_LOOP('',(#3349,#3351,#3352,#3354));
#3356=FACE_OUTER_BOUND('',#3355,.F.);
#3357=ADVANCED_FACE('',(#3356),#3348,.F.);
#3358=CARTESIAN_POINT('',(-4.3025E1,1.1E1,0.E0));
#3359=DIRECTION('',(0.E0,0.E0,-1.E0));
#3360=DIRECTION('',(1.E0,0.E0,0.E0));
#3361=AXIS2_PLACEMENT_3D('',#3358,#3359,#3360);
#3362=CYLINDRICAL_SURFACE('',#3361,1.5E0);
#3363=ORIENTED_EDGE('',*,*,#3324,.T.);
#3364=ORIENTED_EDGE('',*,*,#3353,.F.);
#3365=ORIENTED_EDGE('',*,*,#2057,.F.);
#3366=ORIENTED_EDGE('',*,*,#3350,.T.);
#3367=EDGE_LOOP('',(#3363,#3364,#3365,#3366));
#3368=FACE_OUTER_BOUND('',#3367,.F.);
#3369=ADVANCED_FACE('',(#3368),#3362,.F.);
#3370=CARTESIAN_POINT('',(-4.3025E1,-1.1E1,2.249999999595E0));
#3371=DIRECTION('',(0.E0,0.E0,1.E0));
#3372=DIRECTION('',(0.E0,-1.E0,0.E0));
#3373=AXIS2_PLACEMENT_3D('',#3370,#3371,#3372);
#3374=CONICAL_SURFACE('',#3373,2.249999999595E0,4.5E1);
#3375=ORIENTED_EDGE('',*,*,#2331,.T.);
#3377=ORIENTED_EDGE('',*,*,#3376,.T.);
#3379=ORIENTED_EDGE('',*,*,#3378,.F.);
#3381=ORIENTED_EDGE('',*,*,#3380,.F.);
#3382=EDGE_LOOP('',(#3375,#3377,#3379,#3381));
#3383=FACE_OUTER_BOUND('',#3382,.F.);
#3384=ADVANCED_FACE('',(#3383),#3374,.F.);
#3385=CARTESIAN_POINT('',(-4.3025E1,-1.1E1,2.249999999595E0));
#3386=DIRECTION('',(0.E0,0.E0,1.E0));
#3387=DIRECTION('',(0.E0,-1.E0,0.E0));
#3388=AXIS2_PLACEMENT_3D('',#3385,#3386,#3387);
#3389=CONICAL_SURFACE('',#3388,2.249999999595E0,4.5E1);
#3390=ORIENTED_EDGE('',*,*,#2333,.T.);
#3391=ORIENTED_EDGE('',*,*,#3380,.T.);
#3393=ORIENTED_EDGE('',*,*,#3392,.F.);
#3394=ORIENTED_EDGE('',*,*,#3376,.F.);
#3395=EDGE_LOOP('',(#3390,#3391,#3393,#3394));
#3396=FACE_OUTER_BOUND('',#3395,.F.);
#3397=ADVANCED_FACE('',(#3396),#3389,.F.);
#3398=CARTESIAN_POINT('',(-4.3025E1,-1.1E1,0.E0));
#3399=DIRECTION('',(0.E0,0.E0,-1.E0));
#3400=DIRECTION('',(1.E0,0.E0,0.E0));
#3401=AXIS2_PLACEMENT_3D('',#3398,#3399,#3400);
#3402=CYLINDRICAL_SURFACE('',#3401,1.5E0);
#3403=ORIENTED_EDGE('',*,*,#3392,.T.);
#3405=ORIENTED_EDGE('',*,*,#3404,.F.);
#3406=ORIENTED_EDGE('',*,*,#2051,.F.);
#3408=ORIENTED_EDGE('',*,*,#3407,.T.);
#3409=EDGE_LOOP('',(#3403,#3405,#3406,#3408));
#3410=FACE_OUTER_BOUND('',#3409,.F.);
#3411=ADVANCED_FACE('',(#3410),#3402,.F.);
#3412=CARTESIAN_POINT('',(-4.3025E1,-1.1E1,0.E0));
#3413=DIRECTION('',(0.E0,0.E0,-1.E0));
#3414=DIRECTION('',(1.E0,0.E0,0.E0));
#3415=AXIS2_PLACEMENT_3D('',#3412,#3413,#3414);
#3416=CYLINDRICAL_SURFACE('',#3415,1.5E0);
#3417=ORIENTED_EDGE('',*,*,#3378,.T.);
#3418=ORIENTED_EDGE('',*,*,#3407,.F.);
#3419=ORIENTED_EDGE('',*,*,#2053,.F.);
#3420=ORIENTED_EDGE('',*,*,#3404,.T.);
#3421=EDGE_LOOP('',(#3417,#3418,#3419,#3420));
#3422=FACE_OUTER_BOUND('',#3421,.F.);
#3423=ADVANCED_FACE('',(#3422),#3416,.F.);
#3424=CARTESIAN_POINT('',(6.6E1,-2.6E1,2.249999999595E0));
#3425=DIRECTION('',(0.E0,0.E0,1.E0));
#3426=DIRECTION('',(0.E0,-1.E0,0.E0));
#3427=AXIS2_PLACEMENT_3D('',#3424,#3425,#3426);
#3428=CONICAL_SURFACE('',#3427,2.249999999595E0,4.5E1);
#3429=ORIENTED_EDGE('',*,*,#2337,.T.);
#3431=ORIENTED_EDGE('',*,*,#3430,.T.);
#3433=ORIENTED_EDGE('',*,*,#3432,.F.);
#3435=ORIENTED_EDGE('',*,*,#3434,.F.);
#3436=EDGE_LOOP('',(#3429,#3431,#3433,#3435));
#3437=FACE_OUTER_BOUND('',#3436,.F.);
#3438=ADVANCED_FACE('',(#3437),#3428,.F.);
#3439=CARTESIAN_POINT('',(6.6E1,-2.6E1,2.249999999595E0));
#3440=DIRECTION('',(0.E0,0.E0,1.E0));
#3441=DIRECTION('',(0.E0,-1.E0,0.E0));
#3442=AXIS2_PLACEMENT_3D('',#3439,#3440,#3441);
#3443=CONICAL_SURFACE('',#3442,2.249999999595E0,4.5E1);
#3444=ORIENTED_EDGE('',*,*,#2339,.T.);
#3445=ORIENTED_EDGE('',*,*,#3434,.T.);
#3447=ORIENTED_EDGE('',*,*,#3446,.F.);
#3448=ORIENTED_EDGE('',*,*,#3430,.F.);
#3449=EDGE_LOOP('',(#3444,#3445,#3447,#3448));
#3450=FACE_OUTER_BOUND('',#3449,.F.);
#3451=ADVANCED_FACE('',(#3450),#3443,.F.);
#3452=CARTESIAN_POINT('',(6.6E1,-2.6E1,0.E0));
#3453=DIRECTION('',(0.E0,0.E0,-1.E0));
#3454=DIRECTION('',(1.E0,0.E0,0.E0));
#3455=AXIS2_PLACEMENT_3D('',#3452,#3453,#3454);
#3456=CYLINDRICAL_SURFACE('',#3455,1.5E0);
#3457=ORIENTED_EDGE('',*,*,#3446,.T.);
#3459=ORIENTED_EDGE('',*,*,#3458,.F.);
#3460=ORIENTED_EDGE('',*,*,#2087,.F.);
#3462=ORIENTED_EDGE('',*,*,#3461,.T.);
#3463=EDGE_LOOP('',(#3457,#3459,#3460,#3462));
#3464=FACE_OUTER_BOUND('',#3463,.F.);
#3465=ADVANCED_FACE('',(#3464),#3456,.F.);
#3466=CARTESIAN_POINT('',(6.6E1,-2.6E1,0.E0));
#3467=DIRECTION('',(0.E0,0.E0,-1.E0));
#3468=DIRECTION('',(1.E0,0.E0,0.E0));
#3469=AXIS2_PLACEMENT_3D('',#3466,#3467,#3468);
#3470=CYLINDRICAL_SURFACE('',#3469,1.5E0);
#3471=ORIENTED_EDGE('',*,*,#3432,.T.);
#3472=ORIENTED_EDGE('',*,*,#3461,.F.);
#3473=ORIENTED_EDGE('',*,*,#2089,.F.);
#3474=ORIENTED_EDGE('',*,*,#3458,.T.);
#3475=EDGE_LOOP('',(#3471,#3472,#3473,#3474));
#3476=FACE_OUTER_BOUND('',#3475,.F.);
#3477=ADVANCED_FACE('',(#3476),#3470,.F.);
#3478=CARTESIAN_POINT('',(6.6E1,2.6E1,2.249999999595E0));
#3479=DIRECTION('',(0.E0,0.E0,1.E0));
#3480=DIRECTION('',(0.E0,-1.E0,0.E0));
#3481=AXIS2_PLACEMENT_3D('',#3478,#3479,#3480);
#3482=CONICAL_SURFACE('',#3481,2.249999999595E0,4.5E1);
#3483=ORIENTED_EDGE('',*,*,#2343,.T.);
#3485=ORIENTED_EDGE('',*,*,#3484,.T.);
#3487=ORIENTED_EDGE('',*,*,#3486,.F.);
#3489=ORIENTED_EDGE('',*,*,#3488,.F.);
#3490=EDGE_LOOP('',(#3483,#3485,#3487,#3489));
#3491=FACE_OUTER_BOUND('',#3490,.F.);
#3492=ADVANCED_FACE('',(#3491),#3482,.F.);
#3493=CARTESIAN_POINT('',(6.6E1,2.6E1,2.249999999595E0));
#3494=DIRECTION('',(0.E0,0.E0,1.E0));
#3495=DIRECTION('',(0.E0,-1.E0,0.E0));
#3496=AXIS2_PLACEMENT_3D('',#3493,#3494,#3495);
#3497=CONICAL_SURFACE('',#3496,2.249999999595E0,4.5E1);
#3498=ORIENTED_EDGE('',*,*,#2345,.T.);
#3499=ORIENTED_EDGE('',*,*,#3488,.T.);
#3501=ORIENTED_EDGE('',*,*,#3500,.F.);
#3502=ORIENTED_EDGE('',*,*,#3484,.F.);
#3503=EDGE_LOOP('',(#3498,#3499,#3501,#3502));
#3504=FACE_OUTER_BOUND('',#3503,.F.);
#3505=ADVANCED_FACE('',(#3504),#3497,.F.);
#3506=CARTESIAN_POINT('',(6.6E1,2.6E1,0.E0));
#3507=DIRECTION('',(0.E0,0.E0,-1.E0));
#3508=DIRECTION('',(1.E0,0.E0,0.E0));
#3509=AXIS2_PLACEMENT_3D('',#3506,#3507,#3508);
#3510=CYLINDRICAL_SURFACE('',#3509,1.5E0);
#3511=ORIENTED_EDGE('',*,*,#3500,.T.);
#3513=ORIENTED_EDGE('',*,*,#3512,.F.);
#3514=ORIENTED_EDGE('',*,*,#2081,.F.);
#3516=ORIENTED_EDGE('',*,*,#3515,.T.);
#3517=EDGE_LOOP('',(#3511,#3513,#3514,#3516));
#3518=FACE_OUTER_BOUND('',#3517,.F.);
#3519=ADVANCED_FACE('',(#3518),#3510,.F.);
#3520=CARTESIAN_POINT('',(6.6E1,2.6E1,0.E0));
#3521=DIRECTION('',(0.E0,0.E0,-1.E0));
#3522=DIRECTION('',(1.E0,0.E0,0.E0));
#3523=AXIS2_PLACEMENT_3D('',#3520,#3521,#3522);
#3524=CYLINDRICAL_SURFACE('',#3523,1.5E0);
#3525=ORIENTED_EDGE('',*,*,#3486,.T.);
#3526=ORIENTED_EDGE('',*,*,#3515,.F.);
#3527=ORIENTED_EDGE('',*,*,#2083,.F.);
#3528=ORIENTED_EDGE('',*,*,#3512,.T.);
#3529=EDGE_LOOP('',(#3525,#3526,#3527,#3528));
#3530=FACE_OUTER_BOUND('',#3529,.F.);
#3531=ADVANCED_FACE('',(#3530),#3524,.F.);
#3532=CARTESIAN_POINT('',(-6.6E1,-2.6E1,2.249999999595E0));
#3533=DIRECTION('',(0.E0,0.E0,1.E0));
#3534=DIRECTION('',(0.E0,-1.E0,0.E0));
#3535=AXIS2_PLACEMENT_3D('',#3532,#3533,#3534);
#3536=CONICAL_SURFACE('',#3535,2.249999999595E0,4.5E1);
#3537=ORIENTED_EDGE('',*,*,#2349,.T.);
#3539=ORIENTED_EDGE('',*,*,#3538,.T.);
#3541=ORIENTED_EDGE('',*,*,#3540,.F.);
#3543=ORIENTED_EDGE('',*,*,#3542,.F.);
#3544=EDGE_LOOP('',(#3537,#3539,#3541,#3543));
#3545=FACE_OUTER_BOUND('',#3544,.F.);
#3546=ADVANCED_FACE('',(#3545),#3536,.F.);
#3547=CARTESIAN_POINT('',(-6.6E1,-2.6E1,2.249999999595E0));
#3548=DIRECTION('',(0.E0,0.E0,1.E0));
#3549=DIRECTION('',(0.E0,-1.E0,0.E0));
#3550=AXIS2_PLACEMENT_3D('',#3547,#3548,#3549);
#3551=CONICAL_SURFACE('',#3550,2.249999999595E0,4.5E1);
#3552=ORIENTED_EDGE('',*,*,#2351,.T.);
#3553=ORIENTED_EDGE('',*,*,#3542,.T.);
#3555=ORIENTED_EDGE('',*,*,#3554,.F.);
#3556=ORIENTED_EDGE('',*,*,#3538,.F.);
#3557=EDGE_LOOP('',(#3552,#3553,#3555,#3556));
#3558=FACE_OUTER_BOUND('',#3557,.F.);
#3559=ADVANCED_FACE('',(#3558),#3551,.F.);
#3560=CARTESIAN_POINT('',(-6.6E1,-2.6E1,0.E0));
#3561=DIRECTION('',(0.E0,0.E0,-1.E0));
#3562=DIRECTION('',(1.E0,0.E0,0.E0));
#3563=AXIS2_PLACEMENT_3D('',#3560,#3561,#3562);
#3564=CYLINDRICAL_SURFACE('',#3563,1.5E0);
#3565=ORIENTED_EDGE('',*,*,#3554,.T.);
#3567=ORIENTED_EDGE('',*,*,#3566,.F.);
#3568=ORIENTED_EDGE('',*,*,#2077,.F.);
#3570=ORIENTED_EDGE('',*,*,#3569,.T.);
#3571=EDGE_LOOP('',(#3565,#3567,#3568,#3570));
#3572=FACE_OUTER_BOUND('',#3571,.F.);
#3573=ADVANCED_FACE('',(#3572),#3564,.F.);
#3574=CARTESIAN_POINT('',(-6.6E1,-2.6E1,0.E0));
#3575=DIRECTION('',(0.E0,0.E0,-1.E0));
#3576=DIRECTION('',(1.E0,0.E0,0.E0));
#3577=AXIS2_PLACEMENT_3D('',#3574,#3575,#3576);
#3578=CYLINDRICAL_SURFACE('',#3577,1.5E0);
#3579=ORIENTED_EDGE('',*,*,#3540,.T.);
#3580=ORIENTED_EDGE('',*,*,#3569,.F.);
#3581=ORIENTED_EDGE('',*,*,#2075,.F.);
#3582=ORIENTED_EDGE('',*,*,#3566,.T.);
#3583=EDGE_LOOP('',(#3579,#3580,#3581,#3582));
#3584=FACE_OUTER_BOUND('',#3583,.F.);
#3585=ADVANCED_FACE('',(#3584),#3578,.F.);
#3586=CARTESIAN_POINT('',(-6.6E1,2.6E1,2.249999999595E0));
#3587=DIRECTION('',(0.E0,0.E0,1.E0));
#3588=DIRECTION('',(0.E0,-1.E0,0.E0));
#3589=AXIS2_PLACEMENT_3D('',#3586,#3587,#3588);
#3590=CONICAL_SURFACE('',#3589,2.249999999595E0,4.5E1);
#3591=ORIENTED_EDGE('',*,*,#2355,.T.);
#3593=ORIENTED_EDGE('',*,*,#3592,.T.);
#3595=ORIENTED_EDGE('',*,*,#3594,.F.);
#3597=ORIENTED_EDGE('',*,*,#3596,.F.);
#3598=EDGE_LOOP('',(#3591,#3593,#3595,#3597));
#3599=FACE_OUTER_BOUND('',#3598,.F.);
#3600=ADVANCED_FACE('',(#3599),#3590,.F.);
#3601=CARTESIAN_POINT('',(-6.6E1,2.6E1,2.249999999595E0));
#3602=DIRECTION('',(0.E0,0.E0,1.E0));
#3603=DIRECTION('',(0.E0,-1.E0,0.E0));
#3604=AXIS2_PLACEMENT_3D('',#3601,#3602,#3603);
#3605=CONICAL_SURFACE('',#3604,2.249999999595E0,4.5E1);
#3606=ORIENTED_EDGE('',*,*,#2357,.T.);
#3607=ORIENTED_EDGE('',*,*,#3596,.T.);
#3609=ORIENTED_EDGE('',*,*,#3608,.F.);
#3610=ORIENTED_EDGE('',*,*,#3592,.F.);
#3611=EDGE_LOOP('',(#3606,#3607,#3609,#3610));
#3612=FACE_OUTER_BOUND('',#3611,.F.);
#3613=ADVANCED_FACE('',(#3612),#3605,.F.);
#3614=CARTESIAN_POINT('',(-6.6E1,2.6E1,0.E0));
#3615=DIRECTION('',(0.E0,0.E0,-1.E0));
#3616=DIRECTION('',(1.E0,0.E0,0.E0));
#3617=AXIS2_PLACEMENT_3D('',#3614,#3615,#3616);
#3618=CYLINDRICAL_SURFACE('',#3617,1.5E0);
#3619=ORIENTED_EDGE('',*,*,#3608,.T.);
#3621=ORIENTED_EDGE('',*,*,#3620,.F.);
#3622=ORIENTED_EDGE('',*,*,#2069,.F.);
#3624=ORIENTED_EDGE('',*,*,#3623,.T.);
#3625=EDGE_LOOP('',(#3619,#3621,#3622,#3624));
#3626=FACE_OUTER_BOUND('',#3625,.F.);
#3627=ADVANCED_FACE('',(#3626),#3618,.F.);
#3628=CARTESIAN_POINT('',(-6.6E1,2.6E1,0.E0));
#3629=DIRECTION('',(0.E0,0.E0,-1.E0));
#3630=DIRECTION('',(1.E0,0.E0,0.E0));
#3631=AXIS2_PLACEMENT_3D('',#3628,#3629,#3630);
#3632=CYLINDRICAL_SURFACE('',#3631,1.5E0);
#3633=ORIENTED_EDGE('',*,*,#3594,.T.);
#3634=ORIENTED_EDGE('',*,*,#3623,.F.);
#3635=ORIENTED_EDGE('',*,*,#2071,.F.);
#3636=ORIENTED_EDGE('',*,*,#3620,.T.);
#3637=EDGE_LOOP('',(#3633,#3634,#3635,#3636));
#3638=FACE_OUTER_BOUND('',#3637,.F.);
#3639=ADVANCED_FACE('',(#3638),#3632,.F.);
#3640=CARTESIAN_POINT('',(-3.9525E1,3.155E1,2.249999999595E0));
#3641=DIRECTION('',(0.E0,0.E0,1.E0));
#3642=DIRECTION('',(0.E0,-1.E0,0.E0));
#3643=AXIS2_PLACEMENT_3D('',#3640,#3641,#3642);
#3644=CONICAL_SURFACE('',#3643,2.249999999595E0,4.5E1);
#3645=ORIENTED_EDGE('',*,*,#2361,.T.);
#3647=ORIENTED_EDGE('',*,*,#3646,.T.);
#3649=ORIENTED_EDGE('',*,*,#3648,.F.);
#3651=ORIENTED_EDGE('',*,*,#3650,.F.);
#3652=EDGE_LOOP('',(#3645,#3647,#3649,#3651));
#3653=FACE_OUTER_BOUND('',#3652,.F.);
#3654=ADVANCED_FACE('',(#3653),#3644,.F.);
#3655=CARTESIAN_POINT('',(-3.9525E1,3.155E1,2.249999999595E0));
#3656=DIRECTION('',(0.E0,0.E0,1.E0));
#3657=DIRECTION('',(0.E0,-1.E0,0.E0));
#3658=AXIS2_PLACEMENT_3D('',#3655,#3656,#3657);
#3659=CONICAL_SURFACE('',#3658,2.249999999595E0,4.5E1);
#3660=ORIENTED_EDGE('',*,*,#2363,.T.);
#3661=ORIENTED_EDGE('',*,*,#3650,.T.);
#3663=ORIENTED_EDGE('',*,*,#3662,.F.);
#3664=ORIENTED_EDGE('',*,*,#3646,.F.);
#3665=EDGE_LOOP('',(#3660,#3661,#3663,#3664));
#3666=FACE_OUTER_BOUND('',#3665,.F.);
#3667=ADVANCED_FACE('',(#3666),#3659,.F.);
#3668=CARTESIAN_POINT('',(-3.9525E1,3.155E1,0.E0));
#3669=DIRECTION('',(0.E0,0.E0,-1.E0));
#3670=DIRECTION('',(1.E0,0.E0,0.E0));
#3671=AXIS2_PLACEMENT_3D('',#3668,#3669,#3670);
#3672=CYLINDRICAL_SURFACE('',#3671,1.5E0);
#3673=ORIENTED_EDGE('',*,*,#3662,.T.);
#3675=ORIENTED_EDGE('',*,*,#3674,.F.);
#3676=ORIENTED_EDGE('',*,*,#2045,.F.);
#3678=ORIENTED_EDGE('',*,*,#3677,.T.);
#3679=EDGE_LOOP('',(#3673,#3675,#3676,#3678));
#3680=FACE_OUTER_BOUND('',#3679,.F.);
#3681=ADVANCED_FACE('',(#3680),#3672,.F.);
#3682=CARTESIAN_POINT('',(-3.9525E1,3.155E1,0.E0));
#3683=DIRECTION('',(0.E0,0.E0,-1.E0));
#3684=DIRECTION('',(1.E0,0.E0,0.E0));
#3685=AXIS2_PLACEMENT_3D('',#3682,#3683,#3684);
#3686=CYLINDRICAL_SURFACE('',#3685,1.5E0);
#3687=ORIENTED_EDGE('',*,*,#3648,.T.);
#3688=ORIENTED_EDGE('',*,*,#3677,.F.);
#3689=ORIENTED_EDGE('',*,*,#2047,.F.);
#3690=ORIENTED_EDGE('',*,*,#3674,.T.);
#3691=EDGE_LOOP('',(#3687,#3688,#3689,#3690));
#3692=FACE_OUTER_BOUND('',#3691,.F.);
#3693=ADVANCED_FACE('',(#3692),#3686,.F.);
#3694=CARTESIAN_POINT('',(-2.1525E1,4.955E1,2.249999999595E0));
#3695=DIRECTION('',(0.E0,0.E0,1.E0));
#3696=DIRECTION('',(0.E0,-1.E0,0.E0));
#3697=AXIS2_PLACEMENT_3D('',#3694,#3695,#3696);
#3698=CONICAL_SURFACE('',#3697,2.249999999595E0,4.5E1);
#3699=ORIENTED_EDGE('',*,*,#2367,.T.);
#3701=ORIENTED_EDGE('',*,*,#3700,.T.);
#3703=ORIENTED_EDGE('',*,*,#3702,.F.);
#3705=ORIENTED_EDGE('',*,*,#3704,.F.);
#3706=EDGE_LOOP('',(#3699,#3701,#3703,#3705));
#3707=FACE_OUTER_BOUND('',#3706,.F.);
#3708=ADVANCED_FACE('',(#3707),#3698,.F.);
#3709=CARTESIAN_POINT('',(-2.1525E1,4.955E1,2.249999999595E0));
#3710=DIRECTION('',(0.E0,0.E0,1.E0));
#3711=DIRECTION('',(0.E0,-1.E0,0.E0));
#3712=AXIS2_PLACEMENT_3D('',#3709,#3710,#3711);
#3713=CONICAL_SURFACE('',#3712,2.249999999595E0,4.5E1);
#3714=ORIENTED_EDGE('',*,*,#2369,.T.);
#3715=ORIENTED_EDGE('',*,*,#3704,.T.);
#3717=ORIENTED_EDGE('',*,*,#3716,.F.);
#3718=ORIENTED_EDGE('',*,*,#3700,.F.);
#3719=EDGE_LOOP('',(#3714,#3715,#3717,#3718));
#3720=FACE_OUTER_BOUND('',#3719,.F.);
#3721=ADVANCED_FACE('',(#3720),#3713,.F.);
#3722=CARTESIAN_POINT('',(-2.1525E1,4.955E1,0.E0));
#3723=DIRECTION('',(0.E0,0.E0,-1.E0));
#3724=DIRECTION('',(1.E0,0.E0,0.E0));
#3725=AXIS2_PLACEMENT_3D('',#3722,#3723,#3724);
#3726=CYLINDRICAL_SURFACE('',#3725,1.5E0);
#3727=ORIENTED_EDGE('',*,*,#3716,.T.);
#3729=ORIENTED_EDGE('',*,*,#3728,.F.);
#3730=ORIENTED_EDGE('',*,*,#2039,.F.);
#3732=ORIENTED_EDGE('',*,*,#3731,.T.);
#3733=EDGE_LOOP('',(#3727,#3729,#3730,#3732));
#3734=FACE_OUTER_BOUND('',#3733,.F.);
#3735=ADVANCED_FACE('',(#3734),#3726,.F.);
#3736=CARTESIAN_POINT('',(-2.1525E1,4.955E1,0.E0));
#3737=DIRECTION('',(0.E0,0.E0,-1.E0));
#3738=DIRECTION('',(1.E0,0.E0,0.E0));
#3739=AXIS2_PLACEMENT_3D('',#3736,#3737,#3738);
#3740=CYLINDRICAL_SURFACE('',#3739,1.5E0);
#3741=ORIENTED_EDGE('',*,*,#3702,.T.);
#3742=ORIENTED_EDGE('',*,*,#3731,.F.);
#3743=ORIENTED_EDGE('',*,*,#2041,.F.);
#3744=ORIENTED_EDGE('',*,*,#3728,.T.);
#3745=EDGE_LOOP('',(#3741,#3742,#3743,#3744));
#3746=FACE_OUTER_BOUND('',#3745,.F.);
#3747=ADVANCED_FACE('',(#3746),#3740,.F.);
#3748=CARTESIAN_POINT('',(-3.9525E1,4.955E1,2.249999999595E0));
#3749=DIRECTION('',(0.E0,0.E0,1.E0));
#3750=DIRECTION('',(0.E0,-1.E0,0.E0));
#3751=AXIS2_PLACEMENT_3D('',#3748,#3749,#3750);
#3752=CONICAL_SURFACE('',#3751,2.249999999595E0,4.5E1);
#3753=ORIENTED_EDGE('',*,*,#2373,.T.);
#3755=ORIENTED_EDGE('',*,*,#3754,.T.);
#3757=ORIENTED_EDGE('',*,*,#3756,.F.);
#3759=ORIENTED_EDGE('',*,*,#3758,.F.);
#3760=EDGE_LOOP('',(#3753,#3755,#3757,#3759));
#3761=FACE_OUTER_BOUND('',#3760,.F.);
#3762=ADVANCED_FACE('',(#3761),#3752,.F.);
#3763=CARTESIAN_POINT('',(-3.9525E1,4.955E1,2.249999999595E0));
#3764=DIRECTION('',(0.E0,0.E0,1.E0));
#3765=DIRECTION('',(0.E0,-1.E0,0.E0));
#3766=AXIS2_PLACEMENT_3D('',#3763,#3764,#3765);
#3767=CONICAL_SURFACE('',#3766,2.249999999595E0,4.5E1);
#3768=ORIENTED_EDGE('',*,*,#2375,.T.);
#3769=ORIENTED_EDGE('',*,*,#3758,.T.);
#3771=ORIENTED_EDGE('',*,*,#3770,.F.);
#3772=ORIENTED_EDGE('',*,*,#3754,.F.);
#3773=EDGE_LOOP('',(#3768,#3769,#3771,#3772));
#3774=FACE_OUTER_BOUND('',#3773,.F.);
#3775=ADVANCED_FACE('',(#3774),#3767,.F.);
#3776=CARTESIAN_POINT('',(-3.9525E1,4.955E1,0.E0));
#3777=DIRECTION('',(0.E0,0.E0,-1.E0));
#3778=DIRECTION('',(1.E0,0.E0,0.E0));
#3779=AXIS2_PLACEMENT_3D('',#3776,#3777,#3778);
#3780=CYLINDRICAL_SURFACE('',#3779,1.5E0);
#3781=ORIENTED_EDGE('',*,*,#3770,.T.);
#3783=ORIENTED_EDGE('',*,*,#3782,.F.);
#3784=ORIENTED_EDGE('',*,*,#2033,.F.);
#3786=ORIENTED_EDGE('',*,*,#3785,.T.);
#3787=EDGE_LOOP('',(#3781,#3783,#3784,#3786));
#3788=FACE_OUTER_BOUND('',#3787,.F.);
#3789=ADVANCED_FACE('',(#3788),#3780,.F.);
#3790=CARTESIAN_POINT('',(-3.9525E1,4.955E1,0.E0));
#3791=DIRECTION('',(0.E0,0.E0,-1.E0));
#3792=DIRECTION('',(1.E0,0.E0,0.E0));
#3793=AXIS2_PLACEMENT_3D('',#3790,#3791,#3792);
#3794=CYLINDRICAL_SURFACE('',#3793,1.5E0);
#3795=ORIENTED_EDGE('',*,*,#3756,.T.);
#3796=ORIENTED_EDGE('',*,*,#3785,.F.);
#3797=ORIENTED_EDGE('',*,*,#2035,.F.);
#3798=ORIENTED_EDGE('',*,*,#3782,.T.);
#3799=EDGE_LOOP('',(#3795,#3796,#3797,#3798));
#3800=FACE_OUTER_BOUND('',#3799,.F.);
#3801=ADVANCED_FACE('',(#3800),#3794,.F.);
#3802=CARTESIAN_POINT('',(-3.9525E1,-3.155E1,2.249999999595E0));
#3803=DIRECTION('',(0.E0,0.E0,1.E0));
#3804=DIRECTION('',(0.E0,-1.E0,0.E0));
#3805=AXIS2_PLACEMENT_3D('',#3802,#3803,#3804);
#3806=CONICAL_SURFACE('',#3805,2.249999999595E0,4.5E1);
#3807=ORIENTED_EDGE('',*,*,#2379,.T.);
#3809=ORIENTED_EDGE('',*,*,#3808,.T.);
#3811=ORIENTED_EDGE('',*,*,#3810,.F.);
#3813=ORIENTED_EDGE('',*,*,#3812,.F.);
#3814=EDGE_LOOP('',(#3807,#3809,#3811,#3813));
#3815=FACE_OUTER_BOUND('',#3814,.F.);
#3816=ADVANCED_FACE('',(#3815),#3806,.F.);
#3817=CARTESIAN_POINT('',(-3.9525E1,-3.155E1,2.249999999595E0));
#3818=DIRECTION('',(0.E0,0.E0,1.E0));
#3819=DIRECTION('',(0.E0,-1.E0,0.E0));
#3820=AXIS2_PLACEMENT_3D('',#3817,#3818,#3819);
#3821=CONICAL_SURFACE('',#3820,2.249999999595E0,4.5E1);
#3822=ORIENTED_EDGE('',*,*,#2381,.T.);
#3823=ORIENTED_EDGE('',*,*,#3812,.T.);
#3825=ORIENTED_EDGE('',*,*,#3824,.F.);
#3826=ORIENTED_EDGE('',*,*,#3808,.F.);
#3827=EDGE_LOOP('',(#3822,#3823,#3825,#3826));
#3828=FACE_OUTER_BOUND('',#3827,.F.);
#3829=ADVANCED_FACE('',(#3828),#3821,.F.);
#3830=CARTESIAN_POINT('',(-3.9525E1,-3.155E1,0.E0));
#3831=DIRECTION('',(0.E0,0.E0,-1.E0));
#3832=DIRECTION('',(1.E0,0.E0,0.E0));
#3833=AXIS2_PLACEMENT_3D('',#3830,#3831,#3832);
#3834=CYLINDRICAL_SURFACE('',#3833,1.5E0);
#3835=ORIENTED_EDGE('',*,*,#3824,.T.);
#3837=ORIENTED_EDGE('',*,*,#3836,.F.);
#3838=ORIENTED_EDGE('',*,*,#2029,.F.);
#3840=ORIENTED_EDGE('',*,*,#3839,.T.);
#3841=EDGE_LOOP('',(#3835,#3837,#3838,#3840));
#3842=FACE_OUTER_BOUND('',#3841,.F.);
#3843=ADVANCED_FACE('',(#3842),#3834,.F.);
#3844=CARTESIAN_POINT('',(-3.9525E1,-3.155E1,0.E0));
#3845=DIRECTION('',(0.E0,0.E0,-1.E0));
#3846=DIRECTION('',(1.E0,0.E0,0.E0));
#3847=AXIS2_PLACEMENT_3D('',#3844,#3845,#3846);
#3848=CYLINDRICAL_SURFACE('',#3847,1.5E0);
#3849=ORIENTED_EDGE('',*,*,#3810,.T.);
#3850=ORIENTED_EDGE('',*,*,#3839,.F.);
#3851=ORIENTED_EDGE('',*,*,#2027,.F.);
#3852=ORIENTED_EDGE('',*,*,#3836,.T.);
#3853=EDGE_LOOP('',(#3849,#3850,#3851,#3852));
#3854=FACE_OUTER_BOUND('',#3853,.F.);
#3855=ADVANCED_FACE('',(#3854),#3848,.F.);
#3856=CARTESIAN_POINT('',(-2.1525E1,-4.955E1,2.249999999595E0));
#3857=DIRECTION('',(0.E0,0.E0,1.E0));
#3858=DIRECTION('',(0.E0,-1.E0,0.E0));
#3859=AXIS2_PLACEMENT_3D('',#3856,#3857,#3858);
#3860=CONICAL_SURFACE('',#3859,2.249999999595E0,4.5E1);
#3861=ORIENTED_EDGE('',*,*,#2385,.T.);
#3863=ORIENTED_EDGE('',*,*,#3862,.T.);
#3865=ORIENTED_EDGE('',*,*,#3864,.F.);
#3867=ORIENTED_EDGE('',*,*,#3866,.F.);
#3868=EDGE_LOOP('',(#3861,#3863,#3865,#3867));
#3869=FACE_OUTER_BOUND('',#3868,.F.);
#3870=ADVANCED_FACE('',(#3869),#3860,.F.);
#3871=CARTESIAN_POINT('',(-2.1525E1,-4.955E1,2.249999999595E0));
#3872=DIRECTION('',(0.E0,0.E0,1.E0));
#3873=DIRECTION('',(0.E0,-1.E0,0.E0));
#3874=AXIS2_PLACEMENT_3D('',#3871,#3872,#3873);
#3875=CONICAL_SURFACE('',#3874,2.249999999595E0,4.5E1);
#3876=ORIENTED_EDGE('',*,*,#2387,.T.);
#3877=ORIENTED_EDGE('',*,*,#3866,.T.);
#3879=ORIENTED_EDGE('',*,*,#3878,.F.);
#3880=ORIENTED_EDGE('',*,*,#3862,.F.);
#3881=EDGE_LOOP('',(#3876,#3877,#3879,#3880));
#3882=FACE_OUTER_BOUND('',#3881,.F.);
#3883=ADVANCED_FACE('',(#3882),#3875,.F.);
#3884=CARTESIAN_POINT('',(-2.1525E1,-4.955E1,0.E0));
#3885=DIRECTION('',(0.E0,0.E0,-1.E0));
#3886=DIRECTION('',(1.E0,0.E0,0.E0));
#3887=AXIS2_PLACEMENT_3D('',#3884,#3885,#3886);
#3888=CYLINDRICAL_SURFACE('',#3887,1.5E0);
#3889=ORIENTED_EDGE('',*,*,#3878,.T.);
#3891=ORIENTED_EDGE('',*,*,#3890,.F.);
#3892=ORIENTED_EDGE('',*,*,#2021,.F.);
#3894=ORIENTED_EDGE('',*,*,#3893,.T.);
#3895=EDGE_LOOP('',(#3889,#3891,#3892,#3894));
#3896=FACE_OUTER_BOUND('',#3895,.F.);
#3897=ADVANCED_FACE('',(#3896),#3888,.F.);
#3898=CARTESIAN_POINT('',(-2.1525E1,-4.955E1,0.E0));
#3899=DIRECTION('',(0.E0,0.E0,-1.E0));
#3900=DIRECTION('',(1.E0,0.E0,0.E0));
#3901=AXIS2_PLACEMENT_3D('',#3898,#3899,#3900);
#3902=CYLINDRICAL_SURFACE('',#3901,1.5E0);
#3903=ORIENTED_EDGE('',*,*,#3864,.T.);
#3904=ORIENTED_EDGE('',*,*,#3893,.F.);
#3905=ORIENTED_EDGE('',*,*,#2023,.F.);
#3906=ORIENTED_EDGE('',*,*,#3890,.T.);
#3907=EDGE_LOOP('',(#3903,#3904,#3905,#3906));
#3908=FACE_OUTER_BOUND('',#3907,.F.);
#3909=ADVANCED_FACE('',(#3908),#3902,.F.);
#3910=CARTESIAN_POINT('',(-3.9525E1,-4.955E1,2.249999999595E0));
#3911=DIRECTION('',(0.E0,0.E0,1.E0));
#3912=DIRECTION('',(0.E0,-1.E0,0.E0));
#3913=AXIS2_PLACEMENT_3D('',#3910,#3911,#3912);
#3914=CONICAL_SURFACE('',#3913,2.249999999595E0,4.5E1);
#3915=ORIENTED_EDGE('',*,*,#2391,.T.);
#3917=ORIENTED_EDGE('',*,*,#3916,.T.);
#3919=ORIENTED_EDGE('',*,*,#3918,.F.);
#3921=ORIENTED_EDGE('',*,*,#3920,.F.);
#3922=EDGE_LOOP('',(#3915,#3917,#3919,#3921));
#3923=FACE_OUTER_BOUND('',#3922,.F.);
#3924=ADVANCED_FACE('',(#3923),#3914,.F.);
#3925=CARTESIAN_POINT('',(-3.9525E1,-4.955E1,2.249999999595E0));
#3926=DIRECTION('',(0.E0,0.E0,1.E0));
#3927=DIRECTION('',(0.E0,-1.E0,0.E0));
#3928=AXIS2_PLACEMENT_3D('',#3925,#3926,#3927);
#3929=CONICAL_SURFACE('',#3928,2.249999999595E0,4.5E1);
#3930=ORIENTED_EDGE('',*,*,#2393,.T.);
#3931=ORIENTED_EDGE('',*,*,#3920,.T.);
#3933=ORIENTED_EDGE('',*,*,#3932,.F.);
#3934=ORIENTED_EDGE('',*,*,#3916,.F.);
#3935=EDGE_LOOP('',(#3930,#3931,#3933,#3934));
#3936=FACE_OUTER_BOUND('',#3935,.F.);
#3937=ADVANCED_FACE('',(#3936),#3929,.F.);
#3938=CARTESIAN_POINT('',(-3.9525E1,-4.955E1,0.E0));
#3939=DIRECTION('',(0.E0,0.E0,-1.E0));
#3940=DIRECTION('',(1.E0,0.E0,0.E0));
#3941=AXIS2_PLACEMENT_3D('',#3938,#3939,#3940);
#3942=CYLINDRICAL_SURFACE('',#3941,1.5E0);
#3943=ORIENTED_EDGE('',*,*,#3932,.T.);
#3945=ORIENTED_EDGE('',*,*,#3944,.F.);
#3946=ORIENTED_EDGE('',*,*,#2015,.F.);
#3948=ORIENTED_EDGE('',*,*,#3947,.T.);
#3949=EDGE_LOOP('',(#3943,#3945,#3946,#3948));
#3950=FACE_OUTER_BOUND('',#3949,.F.);
#3951=ADVANCED_FACE('',(#3950),#3942,.F.);
#3952=CARTESIAN_POINT('',(-3.9525E1,-4.955E1,0.E0));
#3953=DIRECTION('',(0.E0,0.E0,-1.E0));
#3954=DIRECTION('',(1.E0,0.E0,0.E0));
#3955=AXIS2_PLACEMENT_3D('',#3952,#3953,#3954);
#3956=CYLINDRICAL_SURFACE('',#3955,1.5E0);
#3957=ORIENTED_EDGE('',*,*,#3918,.T.);
#3958=ORIENTED_EDGE('',*,*,#3947,.F.);
#3959=ORIENTED_EDGE('',*,*,#2017,.F.);
#3960=ORIENTED_EDGE('',*,*,#3944,.T.);
#3961=EDGE_LOOP('',(#3957,#3958,#3959,#3960));
#3962=FACE_OUTER_BOUND('',#3961,.F.);
#3963=ADVANCED_FACE('',(#3962),#3956,.F.);
#3967=DIMENSIONAL_EXPONENTS(0.E0,0.E0,0.E0,0.E0,0.E0,0.E0,0.E0);
#3969=PLANE_ANGLE_MEASURE_WITH_UNIT(PLANE_ANGLE_MEASURE(1.745329251994E-2),
#3968);
#3970=(CONVERSION_BASED_UNIT('DEGREE',#3969)NAMED_UNIT(*)PLANE_ANGLE_UNIT());
#3972=UNCERTAINTY_MEASURE_WITH_UNIT(LENGTH_MEASURE(2.380204138948E-2),#3966,
'closure',
'Maximum model space distance between geometric entities at asserted connectivities');
#3973=(GEOMETRIC_REPRESENTATION_CONTEXT(3)GLOBAL_UNCERTAINTY_ASSIGNED_CONTEXT((
#3972))GLOBAL_UNIT_ASSIGNED_CONTEXT((#3966,#3970,#3971))REPRESENTATION_CONTEXT(
'ID1','3'));
#3975=APPLICATION_CONTEXT(
'CONFIGURATION CONTROLLED 3D DESIGNS OF MECHANICAL PARTS AND ASSEMBLIES');
#3976=APPLICATION_PROTOCOL_DEFINITION('international standard',
'config_control_design',1994,#3975);
#3977=DESIGN_CONTEXT('',#3975,'design');
#3978=MECHANICAL_CONTEXT('',#3975,'mechanical');
#3979=PRODUCT('DINGBAN','DINGBAN','NOT SPECIFIED',(#3978));
#3980=PRODUCT_DEFINITION_FORMATION_WITH_SPECIFIED_SOURCE('11','LAST_VERSION',
#3979,.MADE.);
#3984=PRODUCT_CATEGORY('part','');
#3985=PRODUCT_RELATED_PRODUCT_CATEGORY('detail','',(#3979));
#3986=PRODUCT_CATEGORY_RELATIONSHIP('','',#3984,#3985);
#3987=SECURITY_CLASSIFICATION_LEVEL('unclassified');
#3988=SECURITY_CLASSIFICATION('','',#3987);
#3989=CC_DESIGN_SECURITY_CLASSIFICATION(#3988,(#3980));
#3990=APPROVAL_STATUS('approved');
#3991=APPROVAL(#3990,'');
#3992=CC_DESIGN_APPROVAL(#3991,(#3988,#3980,#3981));
#3993=CALENDAR_DATE(124,9,4);
#3994=COORDINATED_UNIVERSAL_TIME_OFFSET(8,0,.AHEAD.);
#3995=LOCAL_TIME(10,59,4.1E1,#3994);
#3996=DATE_AND_TIME(#3993,#3995);
#3997=APPROVAL_DATE_TIME(#3996,#3991);
#3998=DATE_TIME_ROLE('creation_date');
#3999=CC_DESIGN_DATE_AND_TIME_ASSIGNMENT(#3996,#3998,(#3981));
#4000=DATE_TIME_ROLE('classification_date');
#4001=CC_DESIGN_DATE_AND_TIME_ASSIGNMENT(#3996,#4000,(#3988));
#4002=PERSON('UNSPECIFIED','UNSPECIFIED',$,$,$,$);
#4003=ORGANIZATION('UNSPECIFIED','UNSPECIFIED','UNSPECIFIED');
#4004=PERSON_AND_ORGANIZATION(#4002,#4003);
#4005=APPROVAL_ROLE('approver');
#4006=APPROVAL_PERSON_ORGANIZATION(#4004,#3991,#4005);
#4007=PERSON_AND_ORGANIZATION_ROLE('creator');
#4008=CC_DESIGN_PERSON_AND_ORGANIZATION_ASSIGNMENT(#4004,#4007,(#3980,#3981));
#4009=PERSON_AND_ORGANIZATION_ROLE('design_supplier');
#4010=CC_DESIGN_PERSON_AND_ORGANIZATION_ASSIGNMENT(#4004,#4009,(#3980));
#4011=PERSON_AND_ORGANIZATION_ROLE('classification_officer');
#4012=CC_DESIGN_PERSON_AND_ORGANIZATION_ASSIGNMENT(#4004,#4011,(#3988));
#4013=PERSON_AND_ORGANIZATION_ROLE('design_owner');
#4014=CC_DESIGN_PERSON_AND_ORGANIZATION_ASSIGNMENT(#4004,#4013,(#3979));
#6=CIRCLE('',#5,2.E0);
#15=CIRCLE('',#14,2.E0);
#24=CIRCLE('',#23,2.E0);
#33=CIRCLE('',#32,2.E0);
#42=CIRCLE('',#41,1.5E0);
#47=CIRCLE('',#46,1.5E0);
#52=CIRCLE('',#51,1.5E0);
#57=CIRCLE('',#56,1.5E0);
#62=CIRCLE('',#61,1.5E0);
#67=CIRCLE('',#66,1.5E0);
#72=CIRCLE('',#71,1.5E0);
#77=CIRCLE('',#76,1.5E0);
#82=CIRCLE('',#81,1.5E0);
#87=CIRCLE('',#86,1.5E0);
#92=CIRCLE('',#91,1.5E0);
#97=CIRCLE('',#96,1.5E0);
#102=CIRCLE('',#101,1.5E0);
#107=CIRCLE('',#106,1.5E0);
#112=CIRCLE('',#111,1.5E0);
#117=CIRCLE('',#116,1.5E0);
#122=CIRCLE('',#121,1.5E0);
#127=CIRCLE('',#126,1.5E0);
#132=CIRCLE('',#131,1.5E0);
#137=CIRCLE('',#136,1.5E0);
#142=CIRCLE('',#141,1.E0);
#167=CIRCLE('',#166,1.E0);
#176=CIRCLE('',#175,2.E0);
#181=CIRCLE('',#180,1.E0);
#190=CIRCLE('',#189,1.E0);
#199=CIRCLE('',#198,2.E0);
#208=CIRCLE('',#207,1.E0);
#217=CIRCLE('',#216,1.E0);
#222=CIRCLE('',#221,2.E0);
#231=CIRCLE('',#230,1.5E0);
#236=CIRCLE('',#235,1.5E0);
#241=CIRCLE('',#240,1.5E0);
#246=CIRCLE('',#245,1.5E0);
#251=CIRCLE('',#250,1.5E0);
#256=CIRCLE('',#255,1.5E0);
#261=CIRCLE('',#260,1.5E0);
#266=CIRCLE('',#265,1.5E0);
#271=CIRCLE('',#270,1.5E0);
#276=CIRCLE('',#275,1.5E0);
#281=CIRCLE('',#280,1.5E0);
#286=CIRCLE('',#285,1.5E0);
#291=CIRCLE('',#290,1.5E0);
#296=CIRCLE('',#295,1.5E0);
#301=CIRCLE('',#300,1.5E0);
#306=CIRCLE('',#305,1.5E0);
#311=CIRCLE('',#310,1.5E0);
#316=CIRCLE('',#315,1.5E0);
#321=CIRCLE('',#320,1.5E0);
#326=CIRCLE('',#325,1.5E0);
#331=CIRCLE('',#330,1.5E0);
#336=CIRCLE('',#335,1.5E0);
#341=CIRCLE('',#340,1.5E0);
#346=CIRCLE('',#345,1.5E0);
#351=CIRCLE('',#350,1.5E0);
#356=CIRCLE('',#355,1.5E0);
#393=CIRCLE('',#392,2.E0);
#402=CIRCLE('',#401,2.E0);
#411=CIRCLE('',#410,2.E0);
#420=CIRCLE('',#419,2.E0);
#429=CIRCLE('',#428,1.E0);
#438=CIRCLE('',#437,2.E0);
#443=CIRCLE('',#442,1.E0);
#452=CIRCLE('',#451,1.E0);
#457=CIRCLE('',#456,2.E0);
#466=CIRCLE('',#465,1.E0);
#491=CIRCLE('',#490,3.E0);
#496=CIRCLE('',#495,3.E0);
#501=CIRCLE('',#500,3.E0);
#506=CIRCLE('',#505,3.E0);
#511=CIRCLE('',#510,3.E0);
#516=CIRCLE('',#515,3.E0);
#521=CIRCLE('',#520,3.E0);
#526=CIRCLE('',#525,3.E0);
#531=CIRCLE('',#530,3.E0);
#536=CIRCLE('',#535,3.E0);
#541=CIRCLE('',#540,3.E0);
#546=CIRCLE('',#545,3.E0);
#551=CIRCLE('',#550,3.E0);
#556=CIRCLE('',#555,3.E0);
#561=CIRCLE('',#560,3.E0);
#566=CIRCLE('',#565,3.E0);
#571=CIRCLE('',#570,3.E0);
#576=CIRCLE('',#575,3.E0);
#581=CIRCLE('',#580,3.E0);
#586=CIRCLE('',#585,3.E0);
#591=CIRCLE('',#590,3.E0);
#596=CIRCLE('',#595,3.E0);
#601=CIRCLE('',#600,3.E0);
#606=CIRCLE('',#605,3.E0);
#611=CIRCLE('',#610,3.E0);
#616=CIRCLE('',#615,3.E0);
#621=CIRCLE('',#620,3.E0);
#626=CIRCLE('',#625,3.E0);
#631=CIRCLE('',#630,3.E0);
#636=CIRCLE('',#635,3.E0);
#641=CIRCLE('',#640,3.E0);
#646=CIRCLE('',#645,3.E0);
#651=CIRCLE('',#650,3.E0);
#656=CIRCLE('',#655,3.E0);
#661=CIRCLE('',#660,3.E0);
#666=CIRCLE('',#665,3.E0);
#671=CIRCLE('',#670,3.E0);
#676=CIRCLE('',#675,3.E0);
#681=CIRCLE('',#680,3.E0);
#686=CIRCLE('',#685,3.E0);
#691=CIRCLE('',#690,3.E0);
#696=CIRCLE('',#695,3.E0);
#701=CIRCLE('',#700,3.E0);
#706=CIRCLE('',#705,3.E0);
#711=CIRCLE('',#710,3.E0);
#716=CIRCLE('',#715,3.E0);
#749=CIRCLE('',#748,1.E0);
#774=CIRCLE('',#773,2.E0);
#779=CIRCLE('',#778,1.E0);
#812=CIRCLE('',#811,2.E0);
#817=CIRCLE('',#816,2.E0);
#830=CIRCLE('',#829,2.E0);
#835=CIRCLE('',#834,2.E0);
#848=CIRCLE('',#847,2.E0);
#853=CIRCLE('',#852,2.E0);
#866=CIRCLE('',#865,2.E0);
#871=CIRCLE('',#870,2.E0);
#892=CIRCLE('',#891,1.5E0);
#901=CIRCLE('',#900,1.5E0);
#918=CIRCLE('',#917,1.5E0);
#927=CIRCLE('',#926,1.5E0);
#944=CIRCLE('',#943,1.5E0);
#953=CIRCLE('',#952,1.5E0);
#970=CIRCLE('',#969,1.5E0);
#979=CIRCLE('',#978,1.5E0);
#996=CIRCLE('',#995,1.5E0);
#1005=CIRCLE('',#1004,1.5E0);
#1022=CIRCLE('',#1021,1.5E0);
#1031=CIRCLE('',#1030,1.5E0);
#1048=CIRCLE('',#1047,1.5E0);
#1057=CIRCLE('',#1056,1.5E0);
#1074=CIRCLE('',#1073,1.5E0);
#1083=CIRCLE('',#1082,1.5E0);
#1100=CIRCLE('',#1099,1.5E0);
#1109=CIRCLE('',#1108,1.5E0);
#1126=CIRCLE('',#1125,1.5E0);
#1135=CIRCLE('',#1134,1.5E0);
#1152=CIRCLE('',#1151,1.5E0);
#1161=CIRCLE('',#1160,1.5E0);
#1178=CIRCLE('',#1177,1.5E0);
#1187=CIRCLE('',#1186,1.5E0);
#1204=CIRCLE('',#1203,1.5E0);
#1213=CIRCLE('',#1212,1.5E0);
#1230=CIRCLE('',#1229,1.5E0);
#1239=CIRCLE('',#1238,1.5E0);
#1256=CIRCLE('',#1255,1.5E0);
#1265=CIRCLE('',#1264,1.5E0);
#1282=CIRCLE('',#1281,1.5E0);
#1291=CIRCLE('',#1290,1.5E0);
#1308=CIRCLE('',#1307,1.5E0);
#1317=CIRCLE('',#1316,1.5E0);
#1334=CIRCLE('',#1333,1.5E0);
#1343=CIRCLE('',#1342,1.5E0);
#1360=CIRCLE('',#1359,1.5E0);
#1369=CIRCLE('',#1368,1.5E0);
#1386=CIRCLE('',#1385,1.5E0);
#1395=CIRCLE('',#1394,1.5E0);
#1412=CIRCLE('',#1411,1.5E0);
#1421=CIRCLE('',#1420,1.5E0);
#1438=CIRCLE('',#1437,1.5E0);
#1447=CIRCLE('',#1446,1.5E0);
#1464=CIRCLE('',#1463,1.5E0);
#1473=CIRCLE('',#1472,1.5E0);
#1887=EDGE_CURVE('',#1504,#1505,#6,.T.);
#1889=EDGE_CURVE('',#1504,#1513,#10,.T.);
#1891=EDGE_CURVE('',#1512,#1513,#15,.T.);
#1893=EDGE_CURVE('',#1512,#1521,#19,.T.);
#1895=EDGE_CURVE('',#1520,#1521,#24,.T.);
#1897=EDGE_CURVE('',#1520,#1529,#28,.T.);
#1899=EDGE_CURVE('',#1528,#1529,#33,.T.);
#1901=EDGE_CURVE('',#1528,#1505,#37,.T.);
#1905=EDGE_CURVE('',#1480,#1481,#42,.T.);
#1907=EDGE_CURVE('',#1481,#1480,#47,.T.);
#1911=EDGE_CURVE('',#1484,#1485,#52,.T.);
#1913=EDGE_CURVE('',#1485,#1484,#57,.T.);
#1917=EDGE_CURVE('',#1536,#1537,#62,.T.);
#1919=EDGE_CURVE('',#1537,#1536,#67,.T.);
#1923=EDGE_CURVE('',#1540,#1541,#72,.T.);
#1925=EDGE_CURVE('',#1541,#1540,#77,.T.);
#1929=EDGE_CURVE('',#1544,#1545,#82,.T.);
#1931=EDGE_CURVE('',#1545,#1544,#87,.T.);
#1935=EDGE_CURVE('',#1548,#1549,#92,.T.);
#1937=EDGE_CURVE('',#1549,#1548,#97,.T.);
#1941=EDGE_CURVE('',#1552,#1553,#102,.T.);
#1943=EDGE_CURVE('',#1553,#1552,#107,.T.);
#1947=EDGE_CURVE('',#1556,#1557,#112,.T.);
#1949=EDGE_CURVE('',#1557,#1556,#117,.T.);
#1953=EDGE_CURVE('',#1560,#1561,#122,.T.);
#1955=EDGE_CURVE('',#1561,#1560,#127,.T.);
#1959=EDGE_CURVE('',#1564,#1565,#132,.T.);
#1961=EDGE_CURVE('',#1565,#1564,#137,.T.);
#1965=EDGE_CURVE('',#1632,#1633,#142,.T.);
#1967=EDGE_CURVE('',#1632,#1580,#146,.T.);
#1969=EDGE_CURVE('',#1576,#1580,#866,.T.);
#1971=EDGE_CURVE('',#1576,#1500,#150,.T.);
#1973=EDGE_CURVE('',#1496,#1500,#848,.T.);
#1975=EDGE_CURVE('',#1496,#1492,#154,.T.);
#1977=EDGE_CURVE('',#1488,#1492,#830,.T.);
#1979=EDGE_CURVE('',#1488,#1569,#158,.T.);
#1981=EDGE_CURVE('',#1573,#1569,#817,.T.);
#1983=EDGE_CURVE('',#1573,#1641,#162,.T.);
#1985=EDGE_CURVE('',#1640,#1641,#167,.T.);
#1987=EDGE_CURVE('',#1640,#1588,#171,.T.);
#1989=EDGE_CURVE('',#1601,#1588,#176,.T.);
#1991=EDGE_CURVE('',#1600,#1601,#181,.T.);
#1993=EDGE_CURVE('',#1600,#1619,#185,.T.);
#1995=EDGE_CURVE('',#1616,#1619,#190,.T.);
#1997=EDGE_CURVE('',#1616,#1608,#194,.T.);
#1999=EDGE_CURVE('',#1608,#1613,#199,.T.);
#2001=EDGE_CURVE('',#1613,#1625,#203,.T.);
#2003=EDGE_CURVE('',#1624,#1625,#208,.T.);
#2005=EDGE_CURVE('',#1624,#1597,#212,.T.);
#2007=EDGE_CURVE('',#1595,#1597,#217,.T.);
#2009=EDGE_CURVE('',#1584,#1595,#222,.T.);
#2011=EDGE_CURVE('',#1584,#1633,#226,.T.);
#2015=EDGE_CURVE('',#1648,#1649,#231,.T.);
#2017=EDGE_CURVE('',#1649,#1648,#236,.T.);
#2021=EDGE_CURVE('',#1652,#1653,#241,.T.);
#2023=EDGE_CURVE('',#1653,#1652,#246,.T.);
#2027=EDGE_CURVE('',#1656,#1657,#251,.T.);
#2029=EDGE_CURVE('',#1657,#1656,#256,.T.);
#2033=EDGE_CURVE('',#1660,#1661,#261,.T.);
#2035=EDGE_CURVE('',#1661,#1660,#266,.T.);
#2039=EDGE_CURVE('',#1664,#1665,#271,.T.);
#2041=EDGE_CURVE('',#1665,#1664,#276,.T.);
#2045=EDGE_CURVE('',#1668,#1669,#281,.T.);
#2047=EDGE_CURVE('',#1669,#1668,#286,.T.);
#2051=EDGE_CURVE('',#1672,#1673,#291,.T.);
#2053=EDGE_CURVE('',#1673,#1672,#296,.T.);
#2057=EDGE_CURVE('',#1676,#1677,#301,.T.);
#2059=EDGE_CURVE('',#1677,#1676,#306,.T.);
#2063=EDGE_CURVE('',#1680,#1681,#311,.T.);
#2065=EDGE_CURVE('',#1681,#1680,#316,.T.);
#2069=EDGE_CURVE('',#1684,#1685,#321,.T.);
#2071=EDGE_CURVE('',#1685,#1684,#326,.T.);
#2075=EDGE_CURVE('',#1688,#1689,#331,.T.);
#2077=EDGE_CURVE('',#1689,#1688,#336,.T.);
#2081=EDGE_CURVE('',#1692,#1693,#341,.T.);
#2083=EDGE_CURVE('',#1693,#1692,#346,.T.);
#2087=EDGE_CURVE('',#1696,#1697,#351,.T.);
#2089=EDGE_CURVE('',#1697,#1696,#356,.T.);
#2100=EDGE_CURVE('',#1507,#1505,#360,.T.);
#2102=EDGE_CURVE('',#1507,#1509,#393,.T.);
#2104=EDGE_CURVE('',#1509,#1504,#384,.T.);
#2116=EDGE_CURVE('',#1533,#1528,#364,.T.);
#2118=EDGE_CURVE('',#1533,#1507,#397,.T.);
#2129=EDGE_CURVE('',#1531,#1529,#372,.T.);
#2131=EDGE_CURVE('',#1531,#1533,#402,.T.);
#2142=EDGE_CURVE('',#1525,#1520,#368,.T.);
#2144=EDGE_CURVE('',#1525,#1531,#406,.T.);
#2157=EDGE_CURVE('',#1523,#1521,#380,.T.);
#2159=EDGE_CURVE('',#1523,#1525,#411,.T.);
#2170=EDGE_CURVE('',#1517,#1512,#376,.T.);
#2172=EDGE_CURVE('',#1517,#1523,#415,.T.);
#2185=EDGE_CURVE('',#1515,#1513,#388,.T.);
#2187=EDGE_CURVE('',#1515,#1517,#420,.T.);
#2199=EDGE_CURVE('',#1509,#1515,#424,.T.);
#2221=EDGE_CURVE('',#1635,#1637,#429,.T.);
#2223=EDGE_CURVE('',#1585,#1635,#433,.T.);
#2225=EDGE_CURVE('',#1585,#1593,#438,.T.);
#2227=EDGE_CURVE('',#1592,#1593,#443,.T.);
#2229=EDGE_CURVE('',#1605,#1592,#447,.T.);
#2231=EDGE_CURVE('',#1603,#1605,#452,.T.);
#2233=EDGE_CURVE('',#1603,#1589,#457,.T.);
#2235=EDGE_CURVE('',#1645,#1589,#461,.T.);
#2237=EDGE_CURVE('',#1643,#1645,#466,.T.);
#2239=EDGE_CURVE('',#1572,#1643,#470,.T.);
#2241=EDGE_CURVE('',#1568,#1572,#812,.T.);
#2243=EDGE_CURVE('',#1489,#1568,#474,.T.);
#2245=EDGE_CURVE('',#1493,#1489,#835,.T.);
#2247=EDGE_CURVE('',#1497,#1493,#478,.T.);
#2249=EDGE_CURVE('',#1501,#1497,#853,.T.);
#2251=EDGE_CURVE('',#1577,#1501,#482,.T.);
#2253=EDGE_CURVE('',#1581,#1577,#871,.T.);
#2255=EDGE_CURVE('',#1637,#1581,#486,.T.);
#2259=EDGE_CURVE('',#1700,#1701,#491,.T.);
#2261=EDGE_CURVE('',#1701,#1700,#496,.T.);
#2265=EDGE_CURVE('',#1708,#1709,#501,.T.);
#2267=EDGE_CURVE('',#1709,#1708,#506,.T.);
#2271=EDGE_CURVE('',#1716,#1717,#511,.T.);
#2273=EDGE_CURVE('',#1717,#1716,#516,.T.);
#2277=EDGE_CURVE('',#1724,#1725,#521,.T.);
#2279=EDGE_CURVE('',#1725,#1724,#526,.T.);
#2283=EDGE_CURVE('',#1732,#1733,#531,.T.);
#2285=EDGE_CURVE('',#1733,#1732,#536,.T.);
#2289=EDGE_CURVE('',#1740,#1741,#541,.T.);
#2291=EDGE_CURVE('',#1741,#1740,#546,.T.);
#2295=EDGE_CURVE('',#1748,#1749,#551,.T.);
#2297=EDGE_CURVE('',#1749,#1748,#556,.T.);
#2301=EDGE_CURVE('',#1756,#1757,#561,.T.);
#2303=EDGE_CURVE('',#1757,#1756,#566,.T.);
#2307=EDGE_CURVE('',#1764,#1765,#571,.T.);
#2309=EDGE_CURVE('',#1765,#1764,#576,.T.);
#2313=EDGE_CURVE('',#1772,#1773,#581,.T.);
#2315=EDGE_CURVE('',#1773,#1772,#586,.T.);
#2319=EDGE_CURVE('',#1780,#1781,#591,.T.);
#2321=EDGE_CURVE('',#1781,#1780,#596,.T.);
#2325=EDGE_CURVE('',#1788,#1789,#601,.T.);
#2327=EDGE_CURVE('',#1789,#1788,#606,.T.);
#2331=EDGE_CURVE('',#1796,#1797,#611,.T.);
#2333=EDGE_CURVE('',#1797,#1796,#616,.T.);
#2337=EDGE_CURVE('',#1804,#1805,#621,.T.);
#2339=EDGE_CURVE('',#1805,#1804,#626,.T.);
#2343=EDGE_CURVE('',#1812,#1813,#631,.T.);
#2345=EDGE_CURVE('',#1813,#1812,#636,.T.);
#2349=EDGE_CURVE('',#1820,#1821,#641,.T.);
#2351=EDGE_CURVE('',#1821,#1820,#646,.T.);
#2355=EDGE_CURVE('',#1828,#1829,#651,.T.);
#2357=EDGE_CURVE('',#1829,#1828,#656,.T.);
#2361=EDGE_CURVE('',#1836,#1837,#661,.T.);
#2363=EDGE_CURVE('',#1837,#1836,#666,.T.);
#2367=EDGE_CURVE('',#1844,#1845,#671,.T.);
#2369=EDGE_CURVE('',#1845,#1844,#676,.T.);
#2373=EDGE_CURVE('',#1852,#1853,#681,.T.);
#2375=EDGE_CURVE('',#1853,#1852,#686,.T.);
#2379=EDGE_CURVE('',#1860,#1861,#691,.T.);
#2381=EDGE_CURVE('',#1861,#1860,#696,.T.);
#2385=EDGE_CURVE('',#1868,#1869,#701,.T.);
#2387=EDGE_CURVE('',#1869,#1868,#706,.T.);
#2391=EDGE_CURVE('',#1876,#1877,#711,.T.);
#2393=EDGE_CURVE('',#1877,#1876,#716,.T.);
#2404=EDGE_CURVE('',#1635,#1633,#720,.T.);
#2407=EDGE_CURVE('',#1637,#1632,#875,.T.);
#2419=EDGE_CURVE('',#1584,#1585,#724,.T.);
#2430=EDGE_CURVE('',#1595,#1593,#728,.T.);
#2446=EDGE_CURVE('',#1597,#1592,#740,.T.);
#2456=EDGE_CURVE('',#1619,#1621,#732,.T.);
#2459=EDGE_CURVE('',#1605,#1600,#736,.T.);
#2464=EDGE_CURVE('',#1629,#1624,#744,.T.);
#2466=EDGE_CURVE('',#1621,#1629,#765,.T.);
#2476=EDGE_CURVE('',#1616,#1617,#753,.T.);
#2480=EDGE_CURVE('',#1621,#1617,#749,.T.);
#2491=EDGE_CURVE('',#1617,#1609,#761,.T.);
#2493=EDGE_CURVE('',#1608,#1609,#757,.T.);
#2507=EDGE_CURVE('',#1627,#1629,#779,.T.);
#2509=EDGE_CURVE('',#1611,#1627,#769,.T.);
#2511=EDGE_CURVE('',#1611,#1609,#774,.T.);
#2522=EDGE_CURVE('',#1627,#1625,#783,.T.);
#2536=EDGE_CURVE('',#1613,#1611,#787,.T.);
#2560=EDGE_CURVE('',#1603,#1601,#791,.T.);
#2574=EDGE_CURVE('',#1588,#1589,#799,.T.);
#2585=EDGE_CURVE('',#1645,#1640,#795,.T.);
#2599=EDGE_CURVE('',#1643,#1641,#803,.T.);
#2613=EDGE_CURVE('',#1572,#1573,#807,.T.);
#2624=EDGE_CURVE('',#1568,#1569,#821,.T.);
#2639=EDGE_CURVE('',#1488,#1489,#825,.T.);
#2652=EDGE_CURVE('',#1492,#1493,#839,.T.);
#2665=EDGE_CURVE('',#1496,#1497,#843,.T.);
#2678=EDGE_CURVE('',#1500,#1501,#861,.T.);
#2689=EDGE_CURVE('',#1576,#1577,#857,.T.);
#2704=EDGE_CURVE('',#1580,#1581,#879,.T.);
#2728=EDGE_CURVE('',#1701,#1705,#887,.T.);
#2730=EDGE_CURVE('',#1704,#1705,#901,.T.);
#2732=EDGE_CURVE('',#1700,#1704,#883,.T.);
#2744=EDGE_CURVE('',#1705,#1704,#892,.T.);
#2756=EDGE_CURVE('',#1704,#1564,#896,.T.);
#2759=EDGE_CURVE('',#1705,#1565,#905,.T.);
#2782=EDGE_CURVE('',#1709,#1713,#913,.T.);
#2784=EDGE_CURVE('',#1712,#1713,#927,.T.);
#2786=EDGE_CURVE('',#1708,#1712,#909,.T.);
#2798=EDGE_CURVE('',#1713,#1712,#918,.T.);
#2810=EDGE_CURVE('',#1712,#1560,#922,.T.);
#2813=EDGE_CURVE('',#1713,#1561,#931,.T.);
#2836=EDGE_CURVE('',#1717,#1721,#939,.T.);
#2838=EDGE_CURVE('',#1720,#1721,#953,.T.);
#2840=EDGE_CURVE('',#1716,#1720,#935,.T.);
#2852=EDGE_CURVE('',#1721,#1720,#944,.T.);
#2864=EDGE_CURVE('',#1720,#1556,#948,.T.);
#2867=EDGE_CURVE('',#1721,#1557,#957,.T.);
#2890=EDGE_CURVE('',#1725,#1729,#965,.T.);
#2892=EDGE_CURVE('',#1728,#1729,#979,.T.);
#2894=EDGE_CURVE('',#1724,#1728,#961,.T.);
#2906=EDGE_CURVE('',#1729,#1728,#970,.T.);
#2918=EDGE_CURVE('',#1728,#1552,#974,.T.);
#2921=EDGE_CURVE('',#1729,#1553,#983,.T.);
#2944=EDGE_CURVE('',#1733,#1737,#991,.T.);
#2946=EDGE_CURVE('',#1736,#1737,#1005,.T.);
#2948=EDGE_CURVE('',#1732,#1736,#987,.T.);
#2960=EDGE_CURVE('',#1737,#1736,#996,.T.);
#2972=EDGE_CURVE('',#1736,#1548,#1000,.T.);
#2975=EDGE_CURVE('',#1737,#1549,#1009,.T.);
#2998=EDGE_CURVE('',#1741,#1745,#1017,.T.);
#3000=EDGE_CURVE('',#1744,#1745,#1031,.T.);
#3002=EDGE_CURVE('',#1740,#1744,#1013,.T.);
#3014=EDGE_CURVE('',#1745,#1744,#1022,.T.);
#3026=EDGE_CURVE('',#1744,#1544,#1026,.T.);
#3029=EDGE_CURVE('',#1745,#1545,#1035,.T.);
#3052=EDGE_CURVE('',#1749,#1753,#1043,.T.);
#3054=EDGE_CURVE('',#1752,#1753,#1057,.T.);
#3056=EDGE_CURVE('',#1748,#1752,#1039,.T.);
#3068=EDGE_CURVE('',#1753,#1752,#1048,.T.);
#3080=EDGE_CURVE('',#1752,#1540,#1052,.T.);
#3083=EDGE_CURVE('',#1753,#1541,#1061,.T.);
#3106=EDGE_CURVE('',#1757,#1761,#1069,.T.);
#3108=EDGE_CURVE('',#1760,#1761,#1083,.T.);
#3110=EDGE_CURVE('',#1756,#1760,#1065,.T.);
#3122=EDGE_CURVE('',#1761,#1760,#1074,.T.);
#3134=EDGE_CURVE('',#1760,#1536,#1078,.T.);
#3137=EDGE_CURVE('',#1761,#1537,#1087,.T.);
#3160=EDGE_CURVE('',#1765,#1769,#1095,.T.);
#3162=EDGE_CURVE('',#1768,#1769,#1109,.T.);
#3164=EDGE_CURVE('',#1764,#1768,#1091,.T.);
#3176=EDGE_CURVE('',#1769,#1768,#1100,.T.);
#3188=EDGE_CURVE('',#1768,#1484,#1104,.T.);
#3191=EDGE_CURVE('',#1769,#1485,#1113,.T.);
#3214=EDGE_CURVE('',#1773,#1777,#1121,.T.);
#3216=EDGE_CURVE('',#1776,#1777,#1135,.T.);
#3218=EDGE_CURVE('',#1772,#1776,#1117,.T.);
#3230=EDGE_CURVE('',#1777,#1776,#1126,.T.);
#3242=EDGE_CURVE('',#1776,#1480,#1130,.T.);
#3245=EDGE_CURVE('',#1777,#1481,#1139,.T.);
#3268=EDGE_CURVE('',#1781,#1785,#1147,.T.);
#3270=EDGE_CURVE('',#1784,#1785,#1161,.T.);
#3272=EDGE_CURVE('',#1780,#1784,#1143,.T.);
#3284=EDGE_CURVE('',#1785,#1784,#1152,.T.);
#3296=EDGE_CURVE('',#1681,#1784,#1165,.T.);
#3299=EDGE_CURVE('',#1680,#1785,#1156,.T.);
#3322=EDGE_CURVE('',#1789,#1793,#1173,.T.);
#3324=EDGE_CURVE('',#1792,#1793,#1187,.T.);
#3326=EDGE_CURVE('',#1788,#1792,#1169,.T.);
#3338=EDGE_CURVE('',#1793,#1792,#1178,.T.);
#3350=EDGE_CURVE('',#1676,#1792,#1191,.T.);
#3353=EDGE_CURVE('',#1677,#1793,#1182,.T.);
#3376=EDGE_CURVE('',#1797,#1801,#1199,.T.);
#3378=EDGE_CURVE('',#1800,#1801,#1213,.T.);
#3380=EDGE_CURVE('',#1796,#1800,#1195,.T.);
#3392=EDGE_CURVE('',#1801,#1800,#1204,.T.);
#3404=EDGE_CURVE('',#1673,#1800,#1217,.T.);
#3407=EDGE_CURVE('',#1672,#1801,#1208,.T.);
#3430=EDGE_CURVE('',#1805,#1809,#1225,.T.);
#3432=EDGE_CURVE('',#1808,#1809,#1239,.T.);
#3434=EDGE_CURVE('',#1804,#1808,#1221,.T.);
#3446=EDGE_CURVE('',#1809,#1808,#1230,.T.);
#3458=EDGE_CURVE('',#1697,#1808,#1243,.T.);
#3461=EDGE_CURVE('',#1696,#1809,#1234,.T.);
#3484=EDGE_CURVE('',#1813,#1817,#1251,.T.);
#3486=EDGE_CURVE('',#1816,#1817,#1265,.T.);
#3488=EDGE_CURVE('',#1812,#1816,#1247,.T.);
#3500=EDGE_CURVE('',#1817,#1816,#1256,.T.);
#3512=EDGE_CURVE('',#1693,#1816,#1269,.T.);
#3515=EDGE_CURVE('',#1692,#1817,#1260,.T.);
#3538=EDGE_CURVE('',#1821,#1825,#1277,.T.);
#3540=EDGE_CURVE('',#1824,#1825,#1291,.T.);
#3542=EDGE_CURVE('',#1820,#1824,#1273,.T.);
#3554=EDGE_CURVE('',#1825,#1824,#1282,.T.);
#3566=EDGE_CURVE('',#1688,#1824,#1295,.T.);
#3569=EDGE_CURVE('',#1689,#1825,#1286,.T.);
#3592=EDGE_CURVE('',#1829,#1833,#1303,.T.);
#3594=EDGE_CURVE('',#1832,#1833,#1317,.T.);
#3596=EDGE_CURVE('',#1828,#1832,#1299,.T.);
#3608=EDGE_CURVE('',#1833,#1832,#1308,.T.);
#3620=EDGE_CURVE('',#1685,#1832,#1321,.T.);
#3623=EDGE_CURVE('',#1684,#1833,#1312,.T.);
#3646=EDGE_CURVE('',#1837,#1841,#1329,.T.);
#3648=EDGE_CURVE('',#1840,#1841,#1343,.T.);
#3650=EDGE_CURVE('',#1836,#1840,#1325,.T.);
#3662=EDGE_CURVE('',#1841,#1840,#1334,.T.);
#3674=EDGE_CURVE('',#1669,#1840,#1347,.T.);
#3677=EDGE_CURVE('',#1668,#1841,#1338,.T.);
#3700=EDGE_CURVE('',#1845,#1849,#1355,.T.);
#3702=EDGE_CURVE('',#1848,#1849,#1369,.T.);
#3704=EDGE_CURVE('',#1844,#1848,#1351,.T.);
#3716=EDGE_CURVE('',#1849,#1848,#1360,.T.);
#3728=EDGE_CURVE('',#1665,#1848,#1373,.T.);
#3731=EDGE_CURVE('',#1664,#1849,#1364,.T.);
#3754=EDGE_CURVE('',#1853,#1857,#1381,.T.);
#3756=EDGE_CURVE('',#1856,#1857,#1395,.T.);
#3758=EDGE_CURVE('',#1852,#1856,#1377,.T.);
#3770=EDGE_CURVE('',#1857,#1856,#1386,.T.);
#3782=EDGE_CURVE('',#1661,#1856,#1399,.T.);
#3785=EDGE_CURVE('',#1660,#1857,#1390,.T.);
#3808=EDGE_CURVE('',#1861,#1865,#1407,.T.);
#3810=EDGE_CURVE('',#1864,#1865,#1421,.T.);
#3812=EDGE_CURVE('',#1860,#1864,#1403,.T.);
#3824=EDGE_CURVE('',#1865,#1864,#1412,.T.);
#3836=EDGE_CURVE('',#1656,#1864,#1425,.T.);
#3839=EDGE_CURVE('',#1657,#1865,#1416,.T.);
#3862=EDGE_CURVE('',#1869,#1873,#1433,.T.);
#3864=EDGE_CURVE('',#1872,#1873,#1447,.T.);
#3866=EDGE_CURVE('',#1868,#1872,#1429,.T.);
#3878=EDGE_CURVE('',#1873,#1872,#1438,.T.);
#3890=EDGE_CURVE('',#1653,#1872,#1451,.T.);
#3893=EDGE_CURVE('',#1652,#1873,#1442,.T.);
#3916=EDGE_CURVE('',#1877,#1881,#1459,.T.);
#3918=EDGE_CURVE('',#1880,#1881,#1473,.T.);
#3920=EDGE_CURVE('',#1876,#1880,#1455,.T.);
#3932=EDGE_CURVE('',#1881,#1880,#1464,.T.);
#3944=EDGE_CURVE('',#1649,#1880,#1477,.T.);
#3947=EDGE_CURVE('',#1648,#1881,#1468,.T.);
#3964=CLOSED_SHELL('',(#2093,#2108,#2122,#2136,#2150,#2164,#2178,#2192,#2205,
#2397,#2411,#2424,#2437,#2450,#2470,#2484,#2498,#2515,#2528,#2541,#2553,#2566,
#2579,#2592,#2605,#2618,#2631,#2644,#2657,#2670,#2683,#2696,#2709,#2721,#2736,
#2749,#2763,#2775,#2790,#2803,#2817,#2829,#2844,#2857,#2871,#2883,#2898,#2911,
#2925,#2937,#2952,#2965,#2979,#2991,#3006,#3019,#3033,#3045,#3060,#3073,#3087,
#3099,#3114,#3127,#3141,#3153,#3168,#3181,#3195,#3207,#3222,#3235,#3249,#3261,
#3276,#3289,#3303,#3315,#3330,#3343,#3357,#3369,#3384,#3397,#3411,#3423,#3438,
#3451,#3465,#3477,#3492,#3505,#3519,#3531,#3546,#3559,#3573,#3585,#3600,#3613,
#3627,#3639,#3654,#3667,#3681,#3693,#3708,#3721,#3735,#3747,#3762,#3775,#3789,
#3801,#3816,#3829,#3843,#3855,#3870,#3883,#3897,#3909,#3924,#3937,#3951,#3963));
#3965=MANIFOLD_SOLID_BREP('',#3964);
#3966=(LENGTH_UNIT()NAMED_UNIT(*)SI_UNIT(.MILLI.,.METRE.));
#3968=(NAMED_UNIT(*)PLANE_ANGLE_UNIT()SI_UNIT($,.RADIAN.));
#3971=(NAMED_UNIT(*)SI_UNIT($,.STERADIAN.)SOLID_ANGLE_UNIT());
#3974=ADVANCED_BREP_SHAPE_REPRESENTATION('',(#3965),#3973);
#3981=PRODUCT_DEFINITION('design','',#3980,#3977);
#3982=PRODUCT_DEFINITION_SHAPE('','SHAPE FOR DINGBAN.',#3981);
#3983=SHAPE_DEFINITION_REPRESENTATION(#3982,#3974);
ENDSEC;
END-ISO-10303-21;
