ISO-10303-21;
HEADER;
FILE_DESCRIPTION((''),'2;1');
FILE_NAME('LIANJIEBAN-1','2024-04-11T09:00:59',('005'),(''),
'CREO PARAMETRIC BY PTC INC, 2020053','CREO PARAMETRIC BY PTC INC, 2020053','');
FILE_SCHEMA(('CONFIG_CONTROL_DESIGN'));
ENDSEC;
DATA;
#2=DIRECTION('',(-7.071067812296E-1,-7.071067811435E-1,-2.905739548996E-9));
#3=VECTOR('',#2,2.121320343431E0);
#4=CARTESIAN_POINT('',(1.5E0,-2.850000000018E1,2.165063510283E1));
#5=LINE('',#4,#3);
#6=DIRECTION('',(0.E0,1.E0,0.E0));
#7=VECTOR('',#6,1.4E2);
#8=CARTESIAN_POINT('',(1.5E0,-7.E1,-5.3E1));
#9=LINE('',#8,#7);
#10=CARTESIAN_POINT('',(1.5E0,-7.E1,-2.E1));
#11=DIRECTION('',(1.E0,0.E0,0.E0));
#12=DIRECTION('',(0.E0,-1.E0,1.259598486120E-14));
#13=AXIS2_PLACEMENT_3D('',#10,#11,#12);
#15=DIRECTION('',(0.E0,0.E0,-1.E0));
#16=VECTOR('',#15,4.E1);
#17=CARTESIAN_POINT('',(1.5E0,-1.03E2,2.E1));
#18=LINE('',#17,#16);
#19=CARTESIAN_POINT('',(1.5E0,-7.E1,2.E1));
#20=DIRECTION('',(1.E0,0.E0,0.E0));
#21=DIRECTION('',(0.E0,0.E0,1.E0));
#22=AXIS2_PLACEMENT_3D('',#19,#20,#21);
#24=DIRECTION('',(0.E0,-1.E0,0.E0));
#25=VECTOR('',#24,1.4E2);
#26=CARTESIAN_POINT('',(1.5E0,7.E1,5.3E1));
#27=LINE('',#26,#25);
#28=CARTESIAN_POINT('',(1.5E0,7.E1,2.E1));
#29=DIRECTION('',(1.E0,0.E0,0.E0));
#30=DIRECTION('',(0.E0,1.E0,0.E0));
#31=AXIS2_PLACEMENT_3D('',#28,#29,#30);
#33=DIRECTION('',(0.E0,0.E0,1.E0));
#34=VECTOR('',#33,4.E1);
#35=CARTESIAN_POINT('',(1.5E0,1.03E2,-2.E1));
#36=LINE('',#35,#34);
#37=CARTESIAN_POINT('',(1.5E0,7.E1,-2.E1));
#38=DIRECTION('',(1.E0,0.E0,0.E0));
#39=DIRECTION('',(0.E0,0.E0,-1.E0));
#40=AXIS2_PLACEMENT_3D('',#37,#38,#39);
#42=CARTESIAN_POINT('',(1.5E0,-1.9E1,0.E0));
#43=DIRECTION('',(1.E0,0.E0,0.E0));
#44=DIRECTION('',(0.E0,-1.E0,-2.738450563929E-9));
#45=AXIS2_PLACEMENT_3D('',#42,#43,#44);
#47=CARTESIAN_POINT('',(1.5E0,-1.9E1,0.E0));
#48=DIRECTION('',(1.E0,0.E0,0.E0));
#49=DIRECTION('',(0.E0,1.E0,2.738451961922E-9));
#50=AXIS2_PLACEMENT_3D('',#47,#48,#49);
#52=CARTESIAN_POINT('',(1.5E0,5.65E1,2.165063509461E1));
#53=DIRECTION('',(1.E0,0.E0,0.E0));
#54=DIRECTION('',(0.E0,-1.E0,-2.738449467188E-9));
#55=AXIS2_PLACEMENT_3D('',#52,#53,#54);
#57=CARTESIAN_POINT('',(1.5E0,5.65E1,2.165063509461E1));
#58=DIRECTION('',(1.E0,0.E0,0.E0));
#59=DIRECTION('',(0.E0,1.E0,2.738453019901E-9));
#60=AXIS2_PLACEMENT_3D('',#57,#58,#59);
#62=CARTESIAN_POINT('',(1.5E0,-8.E1,3.732050807569E1));
#63=DIRECTION('',(1.E0,0.E0,0.E0));
#64=DIRECTION('',(0.E0,-1.E0,-2.738450651426E-9));
#65=AXIS2_PLACEMENT_3D('',#62,#63,#64);
#67=CARTESIAN_POINT('',(1.5E0,-8.E1,3.732050807569E1));
#68=DIRECTION('',(1.E0,0.E0,0.E0));
#69=DIRECTION('',(0.E0,1.E0,2.738455388377E-9));
#70=AXIS2_PLACEMENT_3D('',#67,#68,#69);
#72=CARTESIAN_POINT('',(1.5E0,-9.E1,-1.8E1));
#73=DIRECTION('',(1.E0,0.E0,0.E0));
#74=DIRECTION('',(0.E0,-1.E0,-2.738449467188E-9));
#75=AXIS2_PLACEMENT_3D('',#72,#73,#74);
#77=CARTESIAN_POINT('',(1.5E0,-9.E1,-1.8E1));
#78=DIRECTION('',(1.E0,0.E0,0.E0));
#79=DIRECTION('',(0.E0,1.E0,2.738453019901E-9));
#80=AXIS2_PLACEMENT_3D('',#77,#78,#79);
#82=CARTESIAN_POINT('',(1.5E0,8.E1,-3.732050807569E1));
#83=DIRECTION('',(1.E0,0.E0,0.E0));
#84=DIRECTION('',(0.E0,-1.E0,-2.738453019901E-9));
#85=AXIS2_PLACEMENT_3D('',#82,#83,#84);
#87=CARTESIAN_POINT('',(1.5E0,8.E1,-3.732050807569E1));
#88=DIRECTION('',(1.E0,0.E0,0.E0));
#89=DIRECTION('',(0.E0,1.E0,2.738455388377E-9));
#90=AXIS2_PLACEMENT_3D('',#87,#88,#89);
#92=CARTESIAN_POINT('',(1.5E0,9.E1,1.8E1));
#93=DIRECTION('',(1.E0,0.E0,0.E0));
#94=DIRECTION('',(0.E0,-1.E0,-2.738449467188E-9));
#95=AXIS2_PLACEMENT_3D('',#92,#93,#94);
#97=CARTESIAN_POINT('',(1.5E0,9.E1,1.8E1));
#98=DIRECTION('',(1.E0,0.E0,0.E0));
#99=DIRECTION('',(0.E0,1.E0,2.738453019901E-9));
#100=AXIS2_PLACEMENT_3D('',#97,#98,#99);
#102=CARTESIAN_POINT('',(1.5E0,0.E0,4.E1));
#103=DIRECTION('',(1.E0,0.E0,0.E0));
#104=DIRECTION('',(0.E0,-1.E0,-2.738453019901E-9));
#105=AXIS2_PLACEMENT_3D('',#102,#103,#104);
#107=CARTESIAN_POINT('',(1.5E0,0.E0,4.E1));
#108=DIRECTION('',(1.E0,0.E0,0.E0));
#109=DIRECTION('',(0.E0,1.E0,2.738455388377E-9));
#110=AXIS2_PLACEMENT_3D('',#107,#108,#109);
#112=CARTESIAN_POINT('',(1.5E0,5.65E1,-2.165063509461E1));
#113=DIRECTION('',(1.E0,0.E0,0.E0));
#114=DIRECTION('',(0.E0,-1.E0,-2.738449467188E-9));
#115=AXIS2_PLACEMENT_3D('',#112,#113,#114);
#117=CARTESIAN_POINT('',(1.5E0,5.65E1,-2.165063509461E1));
#118=DIRECTION('',(1.E0,0.E0,0.E0));
#119=DIRECTION('',(0.E0,1.E0,2.738453019901E-9));
#120=AXIS2_PLACEMENT_3D('',#117,#118,#119);
#122=CARTESIAN_POINT('',(1.5E0,3.15E1,2.165063509461E1));
#123=DIRECTION('',(1.E0,0.E0,0.E0));
#124=DIRECTION('',(0.E0,-1.E0,-2.738449467188E-9));
#125=AXIS2_PLACEMENT_3D('',#122,#123,#124);
#127=CARTESIAN_POINT('',(1.5E0,3.15E1,2.165063509461E1));
#128=DIRECTION('',(1.E0,0.E0,0.E0));
#129=DIRECTION('',(0.E0,1.E0,2.738453019901E-9));
#130=AXIS2_PLACEMENT_3D('',#127,#128,#129);
#132=CARTESIAN_POINT('',(1.5E0,1.9E1,0.E0));
#133=DIRECTION('',(1.E0,0.E0,0.E0));
#134=DIRECTION('',(0.E0,-1.E0,-2.738448504790E-9));
#135=AXIS2_PLACEMENT_3D('',#132,#133,#134);
#137=CARTESIAN_POINT('',(1.5E0,1.9E1,0.E0));
#138=DIRECTION('',(1.E0,0.E0,0.E0));
#139=DIRECTION('',(0.E0,1.E0,2.738454021061E-9));
#140=AXIS2_PLACEMENT_3D('',#137,#138,#139);
#142=CARTESIAN_POINT('',(1.5E0,-4.4E1,-4.E1));
#143=DIRECTION('',(1.E0,0.E0,0.E0));
#144=DIRECTION('',(0.E0,-1.E0,-2.738453019901E-9));
#145=AXIS2_PLACEMENT_3D('',#142,#143,#144);
#147=CARTESIAN_POINT('',(1.5E0,-4.4E1,-4.E1));
#148=DIRECTION('',(1.E0,0.E0,0.E0));
#149=DIRECTION('',(0.E0,1.E0,2.738455388377E-9));
#150=AXIS2_PLACEMENT_3D('',#147,#148,#149);
#152=CARTESIAN_POINT('',(1.5E0,-3.15E1,-2.165063509461E1));
#153=DIRECTION('',(1.E0,0.E0,0.E0));
#154=DIRECTION('',(0.E0,-1.E0,-2.738449467188E-9));
#155=AXIS2_PLACEMENT_3D('',#152,#153,#154);
#157=CARTESIAN_POINT('',(1.5E0,-3.15E1,-2.165063509461E1));
#158=DIRECTION('',(1.E0,0.E0,0.E0));
#159=DIRECTION('',(0.E0,1.E0,2.738453019901E-9));
#160=AXIS2_PLACEMENT_3D('',#157,#158,#159);
#162=CARTESIAN_POINT('',(1.5E0,-6.9E1,0.E0));
#163=DIRECTION('',(1.E0,0.E0,0.E0));
#164=DIRECTION('',(0.E0,-1.E0,-2.738450560615E-9));
#165=AXIS2_PLACEMENT_3D('',#162,#163,#164);
#167=CARTESIAN_POINT('',(1.5E0,-6.9E1,0.E0));
#168=DIRECTION('',(1.E0,0.E0,0.E0));
#169=DIRECTION('',(0.E0,1.E0,2.738454030538E-9));
#170=AXIS2_PLACEMENT_3D('',#167,#168,#169);
#172=CARTESIAN_POINT('',(1.5E0,4.4E1,4.E1));
#173=DIRECTION('',(-1.E0,0.E0,0.E0));
#174=DIRECTION('',(0.E0,-1.E0,0.E0));
#175=AXIS2_PLACEMENT_3D('',#172,#173,#174);
#177=CARTESIAN_POINT('',(1.5E0,4.4E1,4.E1));
#178=DIRECTION('',(-1.E0,0.E0,0.E0));
#179=DIRECTION('',(0.E0,1.E0,0.E0));
#180=AXIS2_PLACEMENT_3D('',#177,#178,#179);
#182=CARTESIAN_POINT('',(1.5E0,4.4E1,0.E0));
#183=DIRECTION('',(1.E0,0.E0,0.E0));
#184=DIRECTION('',(0.E0,1.E0,0.E0));
#185=AXIS2_PLACEMENT_3D('',#182,#183,#184);
#187=CARTESIAN_POINT('',(1.5E0,4.4E1,0.E0));
#188=DIRECTION('',(1.E0,0.E0,0.E0));
#189=DIRECTION('',(0.E0,-1.E0,0.E0));
#190=AXIS2_PLACEMENT_3D('',#187,#188,#189);
#192=CARTESIAN_POINT('',(1.5E0,-4.4E1,0.E0));
#193=DIRECTION('',(1.E0,0.E0,0.E0));
#194=DIRECTION('',(0.E0,1.E0,0.E0));
#195=AXIS2_PLACEMENT_3D('',#192,#193,#194);
#197=CARTESIAN_POINT('',(1.5E0,-4.4E1,0.E0));
#198=DIRECTION('',(1.E0,0.E0,0.E0));
#199=DIRECTION('',(0.E0,-1.E0,0.E0));
#200=AXIS2_PLACEMENT_3D('',#197,#198,#199);
#202=CARTESIAN_POINT('',(1.5E0,-5.65E1,-2.165063509461E1));
#203=DIRECTION('',(1.E0,0.E0,0.E0));
#204=DIRECTION('',(0.E0,-1.E0,-2.738449467188E-9));
#205=AXIS2_PLACEMENT_3D('',#202,#203,#204);
#207=CARTESIAN_POINT('',(1.5E0,-5.65E1,-2.165063509461E1));
#208=DIRECTION('',(1.E0,0.E0,0.E0));
#209=DIRECTION('',(0.E0,1.E0,2.738453019901E-9));
#210=AXIS2_PLACEMENT_3D('',#207,#208,#209);
#212=CARTESIAN_POINT('',(1.5E0,-4.4E1,4.E1));
#213=DIRECTION('',(1.E0,0.E0,0.E0));
#214=DIRECTION('',(0.E0,-1.E0,-2.738453019901E-9));
#215=AXIS2_PLACEMENT_3D('',#212,#213,#214);
#217=CARTESIAN_POINT('',(1.5E0,-4.4E1,4.E1));
#218=DIRECTION('',(1.E0,0.E0,0.E0));
#219=DIRECTION('',(0.E0,1.E0,2.738455388377E-9));
#220=AXIS2_PLACEMENT_3D('',#217,#218,#219);
#222=CARTESIAN_POINT('',(1.5E0,0.E0,-4.E1));
#223=DIRECTION('',(1.E0,0.E0,0.E0));
#224=DIRECTION('',(0.E0,-1.E0,-2.738453019901E-9));
#225=AXIS2_PLACEMENT_3D('',#222,#223,#224);
#227=CARTESIAN_POINT('',(1.5E0,0.E0,-4.E1));
#228=DIRECTION('',(1.E0,0.E0,0.E0));
#229=DIRECTION('',(0.E0,1.E0,2.738455388377E-9));
#230=AXIS2_PLACEMENT_3D('',#227,#228,#229);
#232=CARTESIAN_POINT('',(1.5E0,3.15E1,-2.165063509461E1));
#233=DIRECTION('',(1.E0,0.E0,0.E0));
#234=DIRECTION('',(0.E0,-1.E0,-2.738449467188E-9));
#235=AXIS2_PLACEMENT_3D('',#232,#233,#234);
#237=CARTESIAN_POINT('',(1.5E0,3.15E1,-2.165063509461E1));
#238=DIRECTION('',(1.E0,0.E0,0.E0));
#239=DIRECTION('',(0.E0,1.E0,2.738453019901E-9));
#240=AXIS2_PLACEMENT_3D('',#237,#238,#239);
#242=CARTESIAN_POINT('',(1.5E0,6.9E1,0.E0));
#243=DIRECTION('',(1.E0,0.E0,0.E0));
#244=DIRECTION('',(0.E0,-1.E0,-2.738450560615E-9));
#245=AXIS2_PLACEMENT_3D('',#242,#243,#244);
#247=CARTESIAN_POINT('',(1.5E0,6.9E1,0.E0));
#248=DIRECTION('',(1.E0,0.E0,0.E0));
#249=DIRECTION('',(0.E0,1.E0,2.738454030538E-9));
#250=AXIS2_PLACEMENT_3D('',#247,#248,#249);
#252=CARTESIAN_POINT('',(1.5E0,4.4E1,-4.E1));
#253=DIRECTION('',(1.E0,0.E0,0.E0));
#254=DIRECTION('',(0.E0,-1.E0,-2.738453019901E-9));
#255=AXIS2_PLACEMENT_3D('',#252,#253,#254);
#257=CARTESIAN_POINT('',(1.5E0,4.4E1,-4.E1));
#258=DIRECTION('',(1.E0,0.E0,0.E0));
#259=DIRECTION('',(0.E0,1.E0,2.738455388377E-9));
#260=AXIS2_PLACEMENT_3D('',#257,#258,#259);
#262=CARTESIAN_POINT('',(1.5E0,8.E1,3.732050807569E1));
#263=DIRECTION('',(1.E0,0.E0,0.E0));
#264=DIRECTION('',(0.E0,-1.E0,-2.738453019901E-9));
#265=AXIS2_PLACEMENT_3D('',#262,#263,#264);
#267=CARTESIAN_POINT('',(1.5E0,8.E1,3.732050807569E1));
#268=DIRECTION('',(1.E0,0.E0,0.E0));
#269=DIRECTION('',(0.E0,1.E0,2.738455388377E-9));
#270=AXIS2_PLACEMENT_3D('',#267,#268,#269);
#272=CARTESIAN_POINT('',(1.5E0,9.E1,-1.8E1));
#273=DIRECTION('',(1.E0,0.E0,0.E0));
#274=DIRECTION('',(0.E0,-1.E0,-2.738449467188E-9));
#275=AXIS2_PLACEMENT_3D('',#272,#273,#274);
#277=CARTESIAN_POINT('',(1.5E0,9.E1,-1.8E1));
#278=DIRECTION('',(1.E0,0.E0,0.E0));
#279=DIRECTION('',(0.E0,1.E0,2.738453019901E-9));
#280=AXIS2_PLACEMENT_3D('',#277,#278,#279);
#282=CARTESIAN_POINT('',(1.5E0,-8.E1,-3.732050807569E1));
#283=DIRECTION('',(1.E0,0.E0,0.E0));
#284=DIRECTION('',(0.E0,-1.E0,-2.738453019901E-9));
#285=AXIS2_PLACEMENT_3D('',#282,#283,#284);
#287=CARTESIAN_POINT('',(1.5E0,-8.E1,-3.732050807569E1));
#288=DIRECTION('',(1.E0,0.E0,0.E0));
#289=DIRECTION('',(0.E0,1.E0,2.738455388377E-9));
#290=AXIS2_PLACEMENT_3D('',#287,#288,#289);
#292=CARTESIAN_POINT('',(1.5E0,-9.E1,1.8E1));
#293=DIRECTION('',(1.E0,0.E0,0.E0));
#294=DIRECTION('',(0.E0,-1.E0,-2.738449467188E-9));
#295=AXIS2_PLACEMENT_3D('',#292,#293,#294);
#297=CARTESIAN_POINT('',(1.5E0,-9.E1,1.8E1));
#298=DIRECTION('',(1.E0,0.E0,0.E0));
#299=DIRECTION('',(0.E0,1.E0,2.738453019901E-9));
#300=AXIS2_PLACEMENT_3D('',#297,#298,#299);
#302=CARTESIAN_POINT('',(1.5E0,-5.65E1,2.165063509461E1));
#303=DIRECTION('',(1.E0,0.E0,0.E0));
#304=DIRECTION('',(0.E0,-1.E0,-2.738449467188E-9));
#305=AXIS2_PLACEMENT_3D('',#302,#303,#304);
#307=CARTESIAN_POINT('',(1.5E0,-5.65E1,2.165063509461E1));
#308=DIRECTION('',(1.E0,0.E0,0.E0));
#309=DIRECTION('',(0.E0,1.E0,2.738453019901E-9));
#310=AXIS2_PLACEMENT_3D('',#307,#308,#309);
#312=CARTESIAN_POINT('',(1.5E0,-3.15E1,2.165063509461E1));
#313=DIRECTION('',(1.E0,0.E0,0.E0));
#314=DIRECTION('',(0.E0,-1.E0,-2.738449467188E-9));
#315=AXIS2_PLACEMENT_3D('',#312,#313,#314);
#317=CARTESIAN_POINT('',(1.5E0,-3.15E1,2.165063509461E1));
#318=DIRECTION('',(1.E0,0.E0,0.E0));
#319=DIRECTION('',(0.E0,1.E0,2.738453019901E-9));
#320=AXIS2_PLACEMENT_3D('',#317,#318,#319);
#322=CARTESIAN_POINT('',(1.5E0,0.E0,-2.1E1));
#323=DIRECTION('',(1.E0,0.E0,0.E0));
#324=DIRECTION('',(0.E0,1.E0,0.E0));
#325=AXIS2_PLACEMENT_3D('',#322,#323,#324);
#327=CARTESIAN_POINT('',(1.5E0,0.E0,-2.1E1));
#328=DIRECTION('',(1.E0,0.E0,0.E0));
#329=DIRECTION('',(0.E0,-1.E0,0.E0));
#330=AXIS2_PLACEMENT_3D('',#327,#328,#329);
#332=DIRECTION('',(-1.E0,0.E0,0.E0));
#333=VECTOR('',#332,3.E0);
#334=CARTESIAN_POINT('',(1.5E0,-7.E1,-5.3E1));
#335=LINE('',#334,#333);
#336=DIRECTION('',(-1.E0,0.E0,0.E0));
#337=VECTOR('',#336,3.E0);
#338=CARTESIAN_POINT('',(1.5E0,7.E1,-5.3E1));
#339=LINE('',#338,#337);
#340=DIRECTION('',(-1.E0,0.E0,1.894780628694E-14));
#341=VECTOR('',#340,3.E0);
#342=CARTESIAN_POINT('',(1.5E0,1.03E2,-2.E1));
#343=LINE('',#342,#341);
#344=DIRECTION('',(-1.E0,0.E0,-1.065814103640E-14));
#345=VECTOR('',#344,3.E0);
#346=CARTESIAN_POINT('',(1.5E0,1.03E2,2.E1));
#347=LINE('',#346,#345);
#348=DIRECTION('',(-1.E0,0.E0,0.E0));
#349=VECTOR('',#348,3.E0);
#350=CARTESIAN_POINT('',(1.5E0,7.E1,5.3E1));
#351=LINE('',#350,#349);
#352=DIRECTION('',(-1.E0,0.E0,0.E0));
#353=VECTOR('',#352,3.E0);
#354=CARTESIAN_POINT('',(1.5E0,-7.E1,5.3E1));
#355=LINE('',#354,#353);
#356=DIRECTION('',(-1.E0,0.E0,-8.526512829121E-14));
#357=VECTOR('',#356,3.E0);
#358=CARTESIAN_POINT('',(1.5E0,-1.03E2,2.E1));
#359=LINE('',#358,#357);
#360=DIRECTION('',(-1.E0,0.E0,-6.394884621841E-14));
#361=VECTOR('',#360,3.E0);
#362=CARTESIAN_POINT('',(1.5E0,-1.03E2,-2.E1));
#363=LINE('',#362,#361);
#364=DIRECTION('',(0.E0,1.E0,0.E0));
#365=VECTOR('',#364,1.4E2);
#366=CARTESIAN_POINT('',(-1.5E0,-7.E1,-5.3E1));
#367=LINE('',#366,#365);
#368=CARTESIAN_POINT('',(-1.5E0,7.E1,-2.E1));
#369=DIRECTION('',(1.E0,0.E0,0.E0));
#370=DIRECTION('',(0.E0,0.E0,-1.E0));
#371=AXIS2_PLACEMENT_3D('',#368,#369,#370);
#373=DIRECTION('',(0.E0,0.E0,1.E0));
#374=VECTOR('',#373,4.E1);
#375=CARTESIAN_POINT('',(-1.5E0,1.03E2,-2.E1));
#376=LINE('',#375,#374);
#377=CARTESIAN_POINT('',(-1.5E0,7.E1,2.E1));
#378=DIRECTION('',(1.E0,0.E0,0.E0));
#379=DIRECTION('',(0.E0,1.E0,0.E0));
#380=AXIS2_PLACEMENT_3D('',#377,#378,#379);
#382=DIRECTION('',(0.E0,-1.E0,0.E0));
#383=VECTOR('',#382,1.4E2);
#384=CARTESIAN_POINT('',(-1.5E0,7.E1,5.3E1));
#385=LINE('',#384,#383);
#386=CARTESIAN_POINT('',(-1.5E0,-7.E1,2.E1));
#387=DIRECTION('',(1.E0,0.E0,0.E0));
#388=DIRECTION('',(0.E0,0.E0,1.E0));
#389=AXIS2_PLACEMENT_3D('',#386,#387,#388);
#391=DIRECTION('',(0.E0,0.E0,-1.E0));
#392=VECTOR('',#391,4.E1);
#393=CARTESIAN_POINT('',(-1.5E0,-1.03E2,2.E1));
#394=LINE('',#393,#392);
#395=CARTESIAN_POINT('',(-1.5E0,-7.E1,-2.E1));
#396=DIRECTION('',(1.E0,0.E0,0.E0));
#397=DIRECTION('',(0.E0,-1.E0,0.E0));
#398=AXIS2_PLACEMENT_3D('',#395,#396,#397);
#400=CARTESIAN_POINT('',(-1.5E0,-9.E1,1.8E1));
#401=DIRECTION('',(1.E0,0.E0,0.E0));
#402=DIRECTION('',(0.E0,1.E0,0.E0));
#403=AXIS2_PLACEMENT_3D('',#400,#401,#402);
#405=CARTESIAN_POINT('',(-1.5E0,-9.E1,1.8E1));
#406=DIRECTION('',(1.E0,0.E0,0.E0));
#407=DIRECTION('',(0.E0,-1.E0,0.E0));
#408=AXIS2_PLACEMENT_3D('',#405,#406,#407);
#410=CARTESIAN_POINT('',(-1.5E0,-8.E1,3.732050807569E1));
#411=DIRECTION('',(1.E0,0.E0,0.E0));
#412=DIRECTION('',(0.E0,1.E0,0.E0));
#413=AXIS2_PLACEMENT_3D('',#410,#411,#412);
#415=CARTESIAN_POINT('',(-1.5E0,-8.E1,3.732050807569E1));
#416=DIRECTION('',(1.E0,0.E0,0.E0));
#417=DIRECTION('',(0.E0,-1.E0,0.E0));
#418=AXIS2_PLACEMENT_3D('',#415,#416,#417);
#420=CARTESIAN_POINT('',(-1.5E0,-9.E1,-1.8E1));
#421=DIRECTION('',(1.E0,0.E0,0.E0));
#422=DIRECTION('',(0.E0,1.E0,0.E0));
#423=AXIS2_PLACEMENT_3D('',#420,#421,#422);
#425=CARTESIAN_POINT('',(-1.5E0,-9.E1,-1.8E1));
#426=DIRECTION('',(1.E0,0.E0,0.E0));
#427=DIRECTION('',(0.E0,-1.E0,0.E0));
#428=AXIS2_PLACEMENT_3D('',#425,#426,#427);
#430=CARTESIAN_POINT('',(-1.5E0,-8.E1,-3.732050807569E1));
#431=DIRECTION('',(1.E0,0.E0,0.E0));
#432=DIRECTION('',(0.E0,1.E0,0.E0));
#433=AXIS2_PLACEMENT_3D('',#430,#431,#432);
#435=CARTESIAN_POINT('',(-1.5E0,-8.E1,-3.732050807569E1));
#436=DIRECTION('',(1.E0,0.E0,0.E0));
#437=DIRECTION('',(0.E0,-1.E0,0.E0));
#438=AXIS2_PLACEMENT_3D('',#435,#436,#437);
#440=CARTESIAN_POINT('',(-1.5E0,9.E1,-1.8E1));
#441=DIRECTION('',(1.E0,0.E0,0.E0));
#442=DIRECTION('',(0.E0,1.E0,0.E0));
#443=AXIS2_PLACEMENT_3D('',#440,#441,#442);
#445=CARTESIAN_POINT('',(-1.5E0,9.E1,-1.8E1));
#446=DIRECTION('',(1.E0,0.E0,0.E0));
#447=DIRECTION('',(0.E0,-1.E0,0.E0));
#448=AXIS2_PLACEMENT_3D('',#445,#446,#447);
#450=CARTESIAN_POINT('',(-1.5E0,8.E1,-3.732050807569E1));
#451=DIRECTION('',(1.E0,0.E0,0.E0));
#452=DIRECTION('',(0.E0,1.E0,0.E0));
#453=AXIS2_PLACEMENT_3D('',#450,#451,#452);
#455=CARTESIAN_POINT('',(-1.5E0,8.E1,-3.732050807569E1));
#456=DIRECTION('',(1.E0,0.E0,0.E0));
#457=DIRECTION('',(0.E0,-1.E0,0.E0));
#458=AXIS2_PLACEMENT_3D('',#455,#456,#457);
#460=CARTESIAN_POINT('',(-1.5E0,9.E1,1.8E1));
#461=DIRECTION('',(1.E0,0.E0,0.E0));
#462=DIRECTION('',(0.E0,1.E0,0.E0));
#463=AXIS2_PLACEMENT_3D('',#460,#461,#462);
#465=CARTESIAN_POINT('',(-1.5E0,9.E1,1.8E1));
#466=DIRECTION('',(1.E0,0.E0,0.E0));
#467=DIRECTION('',(0.E0,-1.E0,0.E0));
#468=AXIS2_PLACEMENT_3D('',#465,#466,#467);
#470=CARTESIAN_POINT('',(-1.5E0,8.E1,3.732050807569E1));
#471=DIRECTION('',(1.E0,0.E0,0.E0));
#472=DIRECTION('',(0.E0,1.E0,0.E0));
#473=AXIS2_PLACEMENT_3D('',#470,#471,#472);
#475=CARTESIAN_POINT('',(-1.5E0,8.E1,3.732050807569E1));
#476=DIRECTION('',(1.E0,0.E0,0.E0));
#477=DIRECTION('',(0.E0,-1.E0,0.E0));
#478=AXIS2_PLACEMENT_3D('',#475,#476,#477);
#480=CARTESIAN_POINT('',(-1.5E0,4.4E1,0.E0));
#481=DIRECTION('',(1.E0,0.E0,0.E0));
#482=DIRECTION('',(0.E0,1.E0,0.E0));
#483=AXIS2_PLACEMENT_3D('',#480,#481,#482);
#485=CARTESIAN_POINT('',(-1.5E0,4.4E1,0.E0));
#486=DIRECTION('',(1.E0,0.E0,0.E0));
#487=DIRECTION('',(0.E0,-1.E0,0.E0));
#488=AXIS2_PLACEMENT_3D('',#485,#486,#487);
#490=CARTESIAN_POINT('',(-1.5E0,5.65E1,2.165063509461E1));
#491=DIRECTION('',(1.E0,0.E0,0.E0));
#492=DIRECTION('',(0.E0,1.E0,0.E0));
#493=AXIS2_PLACEMENT_3D('',#490,#491,#492);
#495=CARTESIAN_POINT('',(-1.5E0,5.65E1,2.165063509461E1));
#496=DIRECTION('',(1.E0,0.E0,0.E0));
#497=DIRECTION('',(0.E0,-1.E0,0.E0));
#498=AXIS2_PLACEMENT_3D('',#495,#496,#497);
#500=CARTESIAN_POINT('',(-1.5E0,6.9E1,0.E0));
#501=DIRECTION('',(1.E0,0.E0,0.E0));
#502=DIRECTION('',(0.E0,1.E0,0.E0));
#503=AXIS2_PLACEMENT_3D('',#500,#501,#502);
#505=CARTESIAN_POINT('',(-1.5E0,6.9E1,0.E0));
#506=DIRECTION('',(1.E0,0.E0,0.E0));
#507=DIRECTION('',(0.E0,-1.E0,0.E0));
#508=AXIS2_PLACEMENT_3D('',#505,#506,#507);
#510=CARTESIAN_POINT('',(-1.5E0,5.65E1,-2.165063509461E1));
#511=DIRECTION('',(1.E0,0.E0,0.E0));
#512=DIRECTION('',(0.E0,1.E0,0.E0));
#513=AXIS2_PLACEMENT_3D('',#510,#511,#512);
#515=CARTESIAN_POINT('',(-1.5E0,5.65E1,-2.165063509461E1));
#516=DIRECTION('',(1.E0,0.E0,0.E0));
#517=DIRECTION('',(0.E0,-1.E0,0.E0));
#518=AXIS2_PLACEMENT_3D('',#515,#516,#517);
#520=CARTESIAN_POINT('',(-1.5E0,3.15E1,2.165063509461E1));
#521=DIRECTION('',(1.E0,0.E0,0.E0));
#522=DIRECTION('',(0.E0,1.E0,0.E0));
#523=AXIS2_PLACEMENT_3D('',#520,#521,#522);
#525=CARTESIAN_POINT('',(-1.5E0,3.15E1,2.165063509461E1));
#526=DIRECTION('',(1.E0,0.E0,0.E0));
#527=DIRECTION('',(0.E0,-1.E0,0.E0));
#528=AXIS2_PLACEMENT_3D('',#525,#526,#527);
#530=CARTESIAN_POINT('',(-1.5E0,1.9E1,0.E0));
#531=DIRECTION('',(1.E0,0.E0,0.E0));
#532=DIRECTION('',(0.E0,1.E0,0.E0));
#533=AXIS2_PLACEMENT_3D('',#530,#531,#532);
#535=CARTESIAN_POINT('',(-1.5E0,1.9E1,0.E0));
#536=DIRECTION('',(1.E0,0.E0,0.E0));
#537=DIRECTION('',(0.E0,-1.E0,0.E0));
#538=AXIS2_PLACEMENT_3D('',#535,#536,#537);
#540=CARTESIAN_POINT('',(-1.5E0,3.15E1,-2.165063509461E1));
#541=DIRECTION('',(1.E0,0.E0,0.E0));
#542=DIRECTION('',(0.E0,1.E0,0.E0));
#543=AXIS2_PLACEMENT_3D('',#540,#541,#542);
#545=CARTESIAN_POINT('',(-1.5E0,3.15E1,-2.165063509461E1));
#546=DIRECTION('',(1.E0,0.E0,0.E0));
#547=DIRECTION('',(0.E0,-1.E0,0.E0));
#548=AXIS2_PLACEMENT_3D('',#545,#546,#547);
#550=CARTESIAN_POINT('',(-1.5E0,-4.4E1,0.E0));
#551=DIRECTION('',(1.E0,0.E0,0.E0));
#552=DIRECTION('',(0.E0,1.E0,0.E0));
#553=AXIS2_PLACEMENT_3D('',#550,#551,#552);
#555=CARTESIAN_POINT('',(-1.5E0,-4.4E1,0.E0));
#556=DIRECTION('',(1.E0,0.E0,0.E0));
#557=DIRECTION('',(0.E0,-1.E0,0.E0));
#558=AXIS2_PLACEMENT_3D('',#555,#556,#557);
#560=CARTESIAN_POINT('',(-1.5E0,-5.65E1,2.165063509461E1));
#561=DIRECTION('',(1.E0,0.E0,0.E0));
#562=DIRECTION('',(0.E0,1.E0,0.E0));
#563=AXIS2_PLACEMENT_3D('',#560,#561,#562);
#565=CARTESIAN_POINT('',(-1.5E0,-5.65E1,2.165063509461E1));
#566=DIRECTION('',(1.E0,0.E0,0.E0));
#567=DIRECTION('',(0.E0,-1.E0,0.E0));
#568=AXIS2_PLACEMENT_3D('',#565,#566,#567);
#570=CARTESIAN_POINT('',(-1.5E0,-6.9E1,0.E0));
#571=DIRECTION('',(1.E0,0.E0,0.E0));
#572=DIRECTION('',(0.E0,1.E0,0.E0));
#573=AXIS2_PLACEMENT_3D('',#570,#571,#572);
#575=CARTESIAN_POINT('',(-1.5E0,-6.9E1,0.E0));
#576=DIRECTION('',(1.E0,0.E0,0.E0));
#577=DIRECTION('',(0.E0,-1.E0,0.E0));
#578=AXIS2_PLACEMENT_3D('',#575,#576,#577);
#580=CARTESIAN_POINT('',(-1.5E0,-5.65E1,-2.165063509461E1));
#581=DIRECTION('',(1.E0,0.E0,0.E0));
#582=DIRECTION('',(0.E0,1.E0,0.E0));
#583=AXIS2_PLACEMENT_3D('',#580,#581,#582);
#585=CARTESIAN_POINT('',(-1.5E0,-5.65E1,-2.165063509461E1));
#586=DIRECTION('',(1.E0,0.E0,0.E0));
#587=DIRECTION('',(0.E0,-1.E0,0.E0));
#588=AXIS2_PLACEMENT_3D('',#585,#586,#587);
#590=CARTESIAN_POINT('',(-1.5E0,-3.15E1,2.165063509461E1));
#591=DIRECTION('',(1.E0,0.E0,0.E0));
#592=DIRECTION('',(0.E0,1.E0,0.E0));
#593=AXIS2_PLACEMENT_3D('',#590,#591,#592);
#595=CARTESIAN_POINT('',(-1.5E0,-3.15E1,2.165063509461E1));
#596=DIRECTION('',(1.E0,0.E0,0.E0));
#597=DIRECTION('',(0.E0,-1.E0,0.E0));
#598=AXIS2_PLACEMENT_3D('',#595,#596,#597);
#600=CARTESIAN_POINT('',(-1.5E0,-1.9E1,0.E0));
#601=DIRECTION('',(1.E0,0.E0,0.E0));
#602=DIRECTION('',(0.E0,1.E0,0.E0));
#603=AXIS2_PLACEMENT_3D('',#600,#601,#602);
#605=CARTESIAN_POINT('',(-1.5E0,-1.9E1,0.E0));
#606=DIRECTION('',(1.E0,0.E0,0.E0));
#607=DIRECTION('',(0.E0,-1.E0,0.E0));
#608=AXIS2_PLACEMENT_3D('',#605,#606,#607);
#610=CARTESIAN_POINT('',(-1.5E0,-3.15E1,-2.165063509461E1));
#611=DIRECTION('',(1.E0,0.E0,0.E0));
#612=DIRECTION('',(0.E0,1.E0,0.E0));
#613=AXIS2_PLACEMENT_3D('',#610,#611,#612);
#615=CARTESIAN_POINT('',(-1.5E0,-3.15E1,-2.165063509461E1));
#616=DIRECTION('',(1.E0,0.E0,0.E0));
#617=DIRECTION('',(0.E0,-1.E0,0.E0));
#618=AXIS2_PLACEMENT_3D('',#615,#616,#617);
#620=CARTESIAN_POINT('',(-1.5E0,-4.4E1,4.E1));
#621=DIRECTION('',(1.E0,0.E0,0.E0));
#622=DIRECTION('',(0.E0,1.E0,0.E0));
#623=AXIS2_PLACEMENT_3D('',#620,#621,#622);
#625=CARTESIAN_POINT('',(-1.5E0,-4.4E1,4.E1));
#626=DIRECTION('',(1.E0,0.E0,0.E0));
#627=DIRECTION('',(0.E0,-1.E0,0.E0));
#628=AXIS2_PLACEMENT_3D('',#625,#626,#627);
#630=CARTESIAN_POINT('',(-1.5E0,4.4E1,4.E1));
#631=DIRECTION('',(1.E0,0.E0,0.E0));
#632=DIRECTION('',(0.E0,1.E0,0.E0));
#633=AXIS2_PLACEMENT_3D('',#630,#631,#632);
#635=CARTESIAN_POINT('',(-1.5E0,4.4E1,4.E1));
#636=DIRECTION('',(1.E0,0.E0,0.E0));
#637=DIRECTION('',(0.E0,-1.E0,0.E0));
#638=AXIS2_PLACEMENT_3D('',#635,#636,#637);
#640=CARTESIAN_POINT('',(-1.5E0,4.4E1,-4.E1));
#641=DIRECTION('',(1.E0,0.E0,0.E0));
#642=DIRECTION('',(0.E0,1.E0,0.E0));
#643=AXIS2_PLACEMENT_3D('',#640,#641,#642);
#645=CARTESIAN_POINT('',(-1.5E0,4.4E1,-4.E1));
#646=DIRECTION('',(1.E0,0.E0,0.E0));
#647=DIRECTION('',(0.E0,-1.E0,0.E0));
#648=AXIS2_PLACEMENT_3D('',#645,#646,#647);
#650=CARTESIAN_POINT('',(-1.5E0,-4.4E1,-4.E1));
#651=DIRECTION('',(1.E0,0.E0,0.E0));
#652=DIRECTION('',(0.E0,1.E0,0.E0));
#653=AXIS2_PLACEMENT_3D('',#650,#651,#652);
#655=CARTESIAN_POINT('',(-1.5E0,-4.4E1,-4.E1));
#656=DIRECTION('',(1.E0,0.E0,0.E0));
#657=DIRECTION('',(0.E0,-1.E0,0.E0));
#658=AXIS2_PLACEMENT_3D('',#655,#656,#657);
#660=CARTESIAN_POINT('',(-1.5E0,0.E0,-4.E1));
#661=DIRECTION('',(1.E0,0.E0,0.E0));
#662=DIRECTION('',(0.E0,1.E0,0.E0));
#663=AXIS2_PLACEMENT_3D('',#660,#661,#662);
#665=CARTESIAN_POINT('',(-1.5E0,0.E0,-4.E1));
#666=DIRECTION('',(1.E0,0.E0,0.E0));
#667=DIRECTION('',(0.E0,-1.E0,0.E0));
#668=AXIS2_PLACEMENT_3D('',#665,#666,#667);
#670=CARTESIAN_POINT('',(-1.5E0,0.E0,4.E1));
#671=DIRECTION('',(1.E0,0.E0,0.E0));
#672=DIRECTION('',(0.E0,1.E0,0.E0));
#673=AXIS2_PLACEMENT_3D('',#670,#671,#672);
#675=CARTESIAN_POINT('',(-1.5E0,0.E0,4.E1));
#676=DIRECTION('',(1.E0,0.E0,0.E0));
#677=DIRECTION('',(0.E0,-1.E0,0.E0));
#678=AXIS2_PLACEMENT_3D('',#675,#676,#677);
#680=CARTESIAN_POINT('',(-1.5E0,0.E0,-2.1E1));
#681=DIRECTION('',(1.E0,0.E0,0.E0));
#682=DIRECTION('',(0.E0,1.E0,0.E0));
#683=AXIS2_PLACEMENT_3D('',#680,#681,#682);
#685=CARTESIAN_POINT('',(-1.5E0,0.E0,-2.1E1));
#686=DIRECTION('',(1.E0,0.E0,0.E0));
#687=DIRECTION('',(0.E0,-1.E0,0.E0));
#688=AXIS2_PLACEMENT_3D('',#685,#686,#687);
#690=CARTESIAN_POINT('',(0.E0,-9.E1,1.8E1));
#691=DIRECTION('',(1.E0,0.E0,0.E0));
#692=DIRECTION('',(0.E0,1.E0,0.E0));
#693=AXIS2_PLACEMENT_3D('',#690,#691,#692);
#695=DIRECTION('',(-1.E0,0.E0,-1.370224822494E-9));
#696=VECTOR('',#695,1.5E0);
#697=CARTESIAN_POINT('',(0.E0,-8.85E1,1.800000000206E1));
#698=LINE('',#697,#696);
#699=DIRECTION('',(-7.071067812296E-1,7.071067811435E-1,2.905737874231E-9));
#700=VECTOR('',#699,2.121320343431E0);
#701=CARTESIAN_POINT('',(1.5E0,-9.299999999982E1,1.799999999178E1));
#702=LINE('',#701,#700);
#703=DIRECTION('',(-7.071067812295E-1,-7.071067811435E-1,-2.905741223762E-9));
#704=VECTOR('',#703,2.121320343431E0);
#705=CARTESIAN_POINT('',(1.5E0,-8.700000000018E1,1.800000000822E1));
#706=LINE('',#705,#704);
#707=CARTESIAN_POINT('',(0.E0,-9.E1,1.8E1));
#708=DIRECTION('',(1.E0,0.E0,0.E0));
#709=DIRECTION('',(0.E0,-1.E0,0.E0));
#710=AXIS2_PLACEMENT_3D('',#707,#708,#709);
#712=DIRECTION('',(-1.E0,0.E0,1.370227190970E-9));
#713=VECTOR('',#712,1.5E0);
#714=CARTESIAN_POINT('',(0.E0,-9.15E1,1.799999999794E1));
#715=LINE('',#714,#713);
#716=CARTESIAN_POINT('',(0.E0,-8.E1,3.732050807569E1));
#717=DIRECTION('',(1.E0,0.E0,0.E0));
#718=DIRECTION('',(0.E0,1.E0,0.E0));
#719=AXIS2_PLACEMENT_3D('',#716,#717,#718);
#721=DIRECTION('',(-1.E0,0.E0,-1.370224822494E-9));
#722=VECTOR('',#721,1.5E0);
#723=CARTESIAN_POINT('',(0.E0,-7.85E1,3.732050807774E1));
#724=LINE('',#723,#722);
#725=DIRECTION('',(-7.071067812296E-1,7.071067811435E-1,2.905737874231E-9));
#726=VECTOR('',#725,2.121320343431E0);
#727=CARTESIAN_POINT('',(1.5E0,-8.299999999982E1,3.732050806747E1));
#728=LINE('',#727,#726);
#729=DIRECTION('',(-7.071067812296E-1,-7.071067811435E-1,-2.905741223762E-9));
#730=VECTOR('',#729,2.121320343431E0);
#731=CARTESIAN_POINT('',(1.5E0,-7.700000000018E1,3.732050808391E1));
#732=LINE('',#731,#730);
#733=CARTESIAN_POINT('',(0.E0,-8.E1,3.732050807569E1));
#734=DIRECTION('',(1.E0,0.E0,0.E0));
#735=DIRECTION('',(0.E0,-1.E0,0.E0));
#736=AXIS2_PLACEMENT_3D('',#733,#734,#735);
#738=DIRECTION('',(-1.E0,0.E0,1.370229559446E-9));
#739=VECTOR('',#738,1.5E0);
#740=CARTESIAN_POINT('',(0.E0,-8.15E1,3.732050807363E1));
#741=LINE('',#740,#739);
#742=CARTESIAN_POINT('',(0.E0,-9.E1,-1.8E1));
#743=DIRECTION('',(1.E0,0.E0,0.E0));
#744=DIRECTION('',(0.E0,1.E0,0.E0));
#745=AXIS2_PLACEMENT_3D('',#742,#743,#744);
#747=DIRECTION('',(-1.E0,0.E0,-1.370222454019E-9));
#748=VECTOR('',#747,1.5E0);
#749=CARTESIAN_POINT('',(0.E0,-8.85E1,-1.799999999794E1));
#750=LINE('',#749,#748);
#751=DIRECTION('',(-7.071067812296E-1,7.071067811435E-1,2.905736199466E-9));
#752=VECTOR('',#751,2.121320343431E0);
#753=CARTESIAN_POINT('',(1.5E0,-9.299999999982E1,-1.800000000822E1));
#754=LINE('',#753,#752);
#755=DIRECTION('',(-7.071067812295E-1,-7.071067811435E-1,-2.905742898527E-9));
#756=VECTOR('',#755,2.121320343431E0);
#757=CARTESIAN_POINT('',(1.5E0,-8.700000000018E1,-1.799999999178E1));
#758=LINE('',#757,#756);
#759=CARTESIAN_POINT('',(0.E0,-9.E1,-1.8E1));
#760=DIRECTION('',(1.E0,0.E0,0.E0));
#761=DIRECTION('',(0.E0,-1.E0,0.E0));
#762=AXIS2_PLACEMENT_3D('',#759,#760,#761);
#764=DIRECTION('',(-1.E0,0.E0,1.370227190970E-9));
#765=VECTOR('',#764,1.5E0);
#766=CARTESIAN_POINT('',(0.E0,-9.15E1,-1.800000000206E1));
#767=LINE('',#766,#765);
#768=CARTESIAN_POINT('',(0.E0,-8.E1,-3.732050807569E1));
#769=DIRECTION('',(1.E0,0.E0,0.E0));
#770=DIRECTION('',(0.E0,1.E0,0.E0));
#771=AXIS2_PLACEMENT_3D('',#768,#769,#770);
#773=DIRECTION('',(-1.E0,0.E0,-1.370220085543E-9));
#774=VECTOR('',#773,1.5E0);
#775=CARTESIAN_POINT('',(0.E0,-7.85E1,-3.732050807363E1));
#776=LINE('',#775,#774);
#777=DIRECTION('',(-7.071067812296E-1,7.071067811435E-1,2.905734524700E-9));
#778=VECTOR('',#777,2.121320343431E0);
#779=CARTESIAN_POINT('',(1.5E0,-8.299999999982E1,-3.732050808391E1));
#780=LINE('',#779,#778);
#781=DIRECTION('',(-7.071067812296E-1,-7.071067811435E-1,-2.905747922823E-9));
#782=VECTOR('',#781,2.121320343431E0);
#783=CARTESIAN_POINT('',(1.5E0,-7.700000000018E1,-3.732050806747E1));
#784=LINE('',#783,#782);
#785=CARTESIAN_POINT('',(0.E0,-8.E1,-3.732050807569E1));
#786=DIRECTION('',(1.E0,0.E0,0.E0));
#787=DIRECTION('',(0.E0,-1.E0,0.E0));
#788=AXIS2_PLACEMENT_3D('',#785,#786,#787);
#790=DIRECTION('',(-1.E0,0.E0,1.370234296398E-9));
#791=VECTOR('',#790,1.5E0);
#792=CARTESIAN_POINT('',(0.E0,-8.15E1,-3.732050807774E1));
#793=LINE('',#792,#791);
#794=CARTESIAN_POINT('',(0.E0,9.E1,-1.8E1));
#795=DIRECTION('',(1.E0,0.E0,0.E0));
#796=DIRECTION('',(0.E0,1.E0,0.E0));
#797=AXIS2_PLACEMENT_3D('',#794,#795,#796);
#799=DIRECTION('',(-1.E0,0.E0,-1.370224822494E-9));
#800=VECTOR('',#799,1.5E0);
#801=CARTESIAN_POINT('',(0.E0,9.15E1,-1.799999999794E1));
#802=LINE('',#801,#800);
#803=DIRECTION('',(-7.071067812295E-1,7.071067811435E-1,2.905736199466E-9));
#804=VECTOR('',#803,2.121320343431E0);
#805=CARTESIAN_POINT('',(1.5E0,8.700000000018E1,-1.800000000822E1));
#806=LINE('',#805,#804);
#807=DIRECTION('',(-7.071067812296E-1,-7.071067811435E-1,-2.905742898527E-9));
#808=VECTOR('',#807,2.121320343431E0);
#809=CARTESIAN_POINT('',(1.5E0,9.299999999982E1,-1.799999999178E1));
#810=LINE('',#809,#808);
#811=CARTESIAN_POINT('',(0.E0,9.E1,-1.8E1));
#812=DIRECTION('',(1.E0,0.E0,0.E0));
#813=DIRECTION('',(0.E0,-1.E0,0.E0));
#814=AXIS2_PLACEMENT_3D('',#811,#812,#813);
#816=DIRECTION('',(-1.E0,0.E0,1.370227190970E-9));
#817=VECTOR('',#816,1.5E0);
#818=CARTESIAN_POINT('',(0.E0,8.85E1,-1.800000000206E1));
#819=LINE('',#818,#817);
#820=CARTESIAN_POINT('',(0.E0,8.E1,-3.732050807569E1));
#821=DIRECTION('',(1.E0,0.E0,0.E0));
#822=DIRECTION('',(0.E0,1.E0,0.E0));
#823=AXIS2_PLACEMENT_3D('',#820,#821,#822);
#825=DIRECTION('',(-1.E0,0.E0,-1.370220085543E-9));
#826=VECTOR('',#825,1.5E0);
#827=CARTESIAN_POINT('',(0.E0,8.15E1,-3.732050807363E1));
#828=LINE('',#827,#826);
#829=DIRECTION('',(-7.071067812296E-1,7.071067811435E-1,2.905737874231E-9));
#830=VECTOR('',#829,2.121320343431E0);
#831=CARTESIAN_POINT('',(1.5E0,7.700000000018E1,-3.732050808391E1));
#832=LINE('',#831,#830);
#833=DIRECTION('',(-7.071067812296E-1,-7.071067811435E-1,-2.905744573292E-9));
#834=VECTOR('',#833,2.121320343431E0);
#835=CARTESIAN_POINT('',(1.5E0,8.299999999982E1,-3.732050806747E1));
#836=LINE('',#835,#834);
#837=CARTESIAN_POINT('',(0.E0,8.E1,-3.732050807569E1));
#838=DIRECTION('',(1.E0,0.E0,0.E0));
#839=DIRECTION('',(0.E0,-1.E0,0.E0));
#840=AXIS2_PLACEMENT_3D('',#837,#838,#839);
#842=DIRECTION('',(-1.E0,0.E0,1.370229559446E-9));
#843=VECTOR('',#842,1.5E0);
#844=CARTESIAN_POINT('',(0.E0,7.85E1,-3.732050807774E1));
#845=LINE('',#844,#843);
#846=CARTESIAN_POINT('',(0.E0,9.E1,1.8E1));
#847=DIRECTION('',(1.E0,0.E0,0.E0));
#848=DIRECTION('',(0.E0,1.E0,0.E0));
#849=AXIS2_PLACEMENT_3D('',#846,#847,#848);
#851=DIRECTION('',(-1.E0,0.E0,-1.370224822494E-9));
#852=VECTOR('',#851,1.5E0);
#853=CARTESIAN_POINT('',(0.E0,9.15E1,1.800000000206E1));
#854=LINE('',#853,#852);
#855=DIRECTION('',(-7.071067812295E-1,7.071067811435E-1,2.905737874231E-9));
#856=VECTOR('',#855,2.121320343431E0);
#857=CARTESIAN_POINT('',(1.5E0,8.700000000018E1,1.799999999178E1));
#858=LINE('',#857,#856);
#859=DIRECTION('',(-7.071067812296E-1,-7.071067811435E-1,-2.905741223762E-9));
#860=VECTOR('',#859,2.121320343431E0);
#861=CARTESIAN_POINT('',(1.5E0,9.299999999982E1,1.800000000822E1));
#862=LINE('',#861,#860);
#863=CARTESIAN_POINT('',(0.E0,9.E1,1.8E1));
#864=DIRECTION('',(1.E0,0.E0,0.E0));
#865=DIRECTION('',(0.E0,-1.E0,0.E0));
#866=AXIS2_PLACEMENT_3D('',#863,#864,#865);
#868=DIRECTION('',(-1.E0,0.E0,1.370227190970E-9));
#869=VECTOR('',#868,1.5E0);
#870=CARTESIAN_POINT('',(0.E0,8.85E1,1.799999999794E1));
#871=LINE('',#870,#869);
#872=CARTESIAN_POINT('',(0.E0,8.E1,3.732050807569E1));
#873=DIRECTION('',(1.E0,0.E0,0.E0));
#874=DIRECTION('',(0.E0,1.E0,0.E0));
#875=AXIS2_PLACEMENT_3D('',#872,#873,#874);
#877=DIRECTION('',(-1.E0,0.E0,-1.370229559446E-9));
#878=VECTOR('',#877,1.5E0);
#879=CARTESIAN_POINT('',(0.E0,8.15E1,3.732050807774E1));
#880=LINE('',#879,#878);
#881=DIRECTION('',(-7.071067812296E-1,7.071067811435E-1,2.905737874231E-9));
#882=VECTOR('',#881,2.121320343431E0);
#883=CARTESIAN_POINT('',(1.5E0,7.700000000018E1,3.732050806747E1));
#884=LINE('',#883,#882);
#885=DIRECTION('',(-7.071067812296E-1,-7.071067811435E-1,-2.905744573292E-9));
#886=VECTOR('',#885,2.121320343431E0);
#887=CARTESIAN_POINT('',(1.5E0,8.299999999982E1,3.732050808391E1));
#888=LINE('',#887,#886);
#889=CARTESIAN_POINT('',(0.E0,8.E1,3.732050807569E1));
#890=DIRECTION('',(1.E0,0.E0,0.E0));
#891=DIRECTION('',(0.E0,-1.E0,0.E0));
#892=AXIS2_PLACEMENT_3D('',#889,#890,#891);
#894=DIRECTION('',(-1.E0,0.E0,1.370220085543E-9));
#895=VECTOR('',#894,1.5E0);
#896=CARTESIAN_POINT('',(0.E0,7.85E1,3.732050807363E1));
#897=LINE('',#896,#895);
#898=DIRECTION('',(-1.E0,0.E0,0.E0));
#899=VECTOR('',#898,3.E0);
#900=CARTESIAN_POINT('',(1.5E0,6.3E1,0.E0));
#901=LINE('',#900,#899);
#902=DIRECTION('',(-1.E0,0.E0,0.E0));
#903=VECTOR('',#902,3.E0);
#904=CARTESIAN_POINT('',(1.5E0,2.5E1,0.E0));
#905=LINE('',#904,#903);
#906=CARTESIAN_POINT('',(0.E0,5.65E1,2.165063509461E1));
#907=DIRECTION('',(1.E0,0.E0,0.E0));
#908=DIRECTION('',(0.E0,1.E0,0.E0));
#909=AXIS2_PLACEMENT_3D('',#906,#907,#908);
#911=DIRECTION('',(-1.E0,0.E0,-1.370227190970E-9));
#912=VECTOR('',#911,1.5E0);
#913=CARTESIAN_POINT('',(0.E0,5.8E1,2.165063509667E1));
#914=LINE('',#913,#912);
#915=DIRECTION('',(-7.071067812296E-1,7.071067811435E-1,2.905736199466E-9));
#916=VECTOR('',#915,2.121320343431E0);
#917=CARTESIAN_POINT('',(1.5E0,5.350000000018E1,2.165063508639E1));
#918=LINE('',#917,#916);
#919=DIRECTION('',(-7.071067812296E-1,-7.071067811435E-1,-2.905739548996E-9));
#920=VECTOR('',#919,2.121320343431E0);
#921=CARTESIAN_POINT('',(1.5E0,5.949999999982E1,2.165063510283E1));
#922=LINE('',#921,#920);
#923=CARTESIAN_POINT('',(0.E0,5.65E1,2.165063509461E1));
#924=DIRECTION('',(1.E0,0.E0,0.E0));
#925=DIRECTION('',(0.E0,-1.E0,0.E0));
#926=AXIS2_PLACEMENT_3D('',#923,#924,#925);
#928=DIRECTION('',(-1.E0,0.E0,1.370224822494E-9));
#929=VECTOR('',#928,1.5E0);
#930=CARTESIAN_POINT('',(0.E0,5.5E1,2.165063509256E1));
#931=LINE('',#930,#929);
#932=CARTESIAN_POINT('',(0.E0,6.9E1,0.E0));
#933=DIRECTION('',(1.E0,0.E0,0.E0));
#934=DIRECTION('',(0.E0,1.E0,0.E0));
#935=AXIS2_PLACEMENT_3D('',#932,#933,#934);
#937=DIRECTION('',(-1.E0,0.E0,-1.370224522595E-9));
#938=VECTOR('',#937,1.5E0);
#939=CARTESIAN_POINT('',(0.E0,7.05E1,2.055336538963E-9));
#940=LINE('',#939,#938);
#941=DIRECTION('',(-7.071067812295E-1,7.071067811435E-1,2.905736630304E-9));
#942=VECTOR('',#941,2.121320343431E0);
#943=CARTESIAN_POINT('',(1.5E0,6.600000000018E1,-8.219336404952E-9));
#944=LINE('',#943,#942);
#945=DIRECTION('',(-7.071067812296E-1,-7.071067811435E-1,-2.905742493100E-9));
#946=VECTOR('',#945,2.121320343431E0);
#947=CARTESIAN_POINT('',(1.5E0,7.199999999982E1,8.219347202347E-9));
#948=LINE('',#947,#946);
#949=CARTESIAN_POINT('',(0.E0,6.9E1,0.E0));
#950=DIRECTION('',(1.E0,0.E0,0.E0));
#951=DIRECTION('',(0.E0,-1.E0,0.E0));
#952=AXIS2_PLACEMENT_3D('',#949,#950,#951);
#954=DIRECTION('',(-1.E0,0.E0,1.370225574756E-9));
#955=VECTOR('',#954,1.5E0);
#956=CARTESIAN_POINT('',(0.E0,6.75E1,-2.055338178436E-9));
#957=LINE('',#956,#955);
#958=CARTESIAN_POINT('',(0.E0,5.65E1,-2.165063509461E1));
#959=DIRECTION('',(1.E0,0.E0,0.E0));
#960=DIRECTION('',(0.E0,1.E0,0.E0));
#961=AXIS2_PLACEMENT_3D('',#958,#959,#960);
#963=DIRECTION('',(-1.E0,0.E0,-1.370227190970E-9));
#964=VECTOR('',#963,1.5E0);
#965=CARTESIAN_POINT('',(0.E0,5.8E1,-2.165063509256E1));
#966=LINE('',#965,#964);
#967=DIRECTION('',(-7.071067812296E-1,7.071067811435E-1,2.905734524700E-9));
#968=VECTOR('',#967,2.121320343431E0);
#969=CARTESIAN_POINT('',(1.5E0,5.350000000018E1,-2.165063510283E1));
#970=LINE('',#969,#968);
#971=DIRECTION('',(-7.071067812296E-1,-7.071067811435E-1,-2.905741223762E-9));
#972=VECTOR('',#971,2.121320343431E0);
#973=CARTESIAN_POINT('',(1.5E0,5.949999999982E1,-2.165063508639E1));
#974=LINE('',#973,#972);
#975=CARTESIAN_POINT('',(0.E0,5.65E1,-2.165063509461E1));
#976=DIRECTION('',(1.E0,0.E0,0.E0));
#977=DIRECTION('',(0.E0,-1.E0,0.E0));
#978=AXIS2_PLACEMENT_3D('',#975,#976,#977);
#980=DIRECTION('',(-1.E0,0.E0,1.370224822494E-9));
#981=VECTOR('',#980,1.5E0);
#982=CARTESIAN_POINT('',(0.E0,5.5E1,-2.165063509667E1));
#983=LINE('',#982,#981);
#984=CARTESIAN_POINT('',(0.E0,3.15E1,2.165063509461E1));
#985=DIRECTION('',(1.E0,0.E0,0.E0));
#986=DIRECTION('',(0.E0,1.E0,0.E0));
#987=AXIS2_PLACEMENT_3D('',#984,#985,#986);
#989=DIRECTION('',(-1.E0,0.E0,-1.370227190970E-9));
#990=VECTOR('',#989,1.5E0);
#991=CARTESIAN_POINT('',(0.E0,3.3E1,2.165063509667E1));
#992=LINE('',#991,#990);
#993=DIRECTION('',(-7.071067812296E-1,7.071067811435E-1,2.905736199466E-9));
#994=VECTOR('',#993,2.121320343431E0);
#995=CARTESIAN_POINT('',(1.5E0,2.850000000018E1,2.165063508639E1));
#996=LINE('',#995,#994);
#997=DIRECTION('',(-7.071067812296E-1,-7.071067811435E-1,-2.905739548996E-9));
#998=VECTOR('',#997,2.121320343431E0);
#999=CARTESIAN_POINT('',(1.5E0,3.449999999982E1,2.165063510283E1));
#1000=LINE('',#999,#998);
#1001=CARTESIAN_POINT('',(0.E0,3.15E1,2.165063509461E1));
#1002=DIRECTION('',(1.E0,0.E0,0.E0));
#1003=DIRECTION('',(0.E0,-1.E0,0.E0));
#1004=AXIS2_PLACEMENT_3D('',#1001,#1002,#1003);
#1006=DIRECTION('',(-1.E0,0.E0,1.370224822494E-9));
#1007=VECTOR('',#1006,1.5E0);
#1008=CARTESIAN_POINT('',(0.E0,3.E1,2.165063509256E1));
#1009=LINE('',#1008,#1007);
#1010=CARTESIAN_POINT('',(0.E0,1.9E1,0.E0));
#1011=DIRECTION('',(1.E0,0.E0,0.E0));
#1012=DIRECTION('',(0.E0,1.E0,0.E0));
#1013=AXIS2_PLACEMENT_3D('',#1010,#1011,#1012);
#1015=DIRECTION('',(-1.E0,0.E0,-1.370224522595E-9));
#1016=VECTOR('',#1015,1.5E0);
#1017=CARTESIAN_POINT('',(0.E0,2.05E1,2.055336538963E-9));
#1018=LINE('',#1017,#1016);
#1019=DIRECTION('',(-7.071067812296E-1,7.071067811435E-1,2.905735661179E-9));
#1020=VECTOR('',#1019,2.121320343431E0);
#1021=CARTESIAN_POINT('',(1.5E0,1.600000000018E1,-8.219334349127E-9));
#1022=LINE('',#1021,#1020);
#1023=DIRECTION('',(-7.071067812296E-1,-7.071067811435E-1,-2.905742488633E-9));
#1024=VECTOR('',#1023,2.121320343431E0);
#1025=CARTESIAN_POINT('',(1.5E0,2.199999999982E1,8.219347192871E-9));
#1026=LINE('',#1025,#1024);
#1027=CARTESIAN_POINT('',(0.E0,1.9E1,0.E0));
#1028=DIRECTION('',(1.E0,0.E0,0.E0));
#1029=DIRECTION('',(0.E0,-1.E0,0.E0));
#1030=AXIS2_PLACEMENT_3D('',#1027,#1028,#1029);
#1032=DIRECTION('',(-1.E0,0.E0,1.370225574756E-9));
#1033=VECTOR('',#1032,1.5E0);
#1034=CARTESIAN_POINT('',(0.E0,1.75E1,-2.055338178436E-9));
#1035=LINE('',#1034,#1033);
#1036=CARTESIAN_POINT('',(0.E0,3.15E1,-2.165063509461E1));
#1037=DIRECTION('',(1.E0,0.E0,0.E0));
#1038=DIRECTION('',(0.E0,1.E0,0.E0));
#1039=AXIS2_PLACEMENT_3D('',#1036,#1037,#1038);
#1041=DIRECTION('',(-1.E0,0.E0,-1.370227190970E-9));
#1042=VECTOR('',#1041,1.5E0);
#1043=CARTESIAN_POINT('',(0.E0,3.3E1,-2.165063509256E1));
#1044=LINE('',#1043,#1042);
#1045=DIRECTION('',(-7.071067812296E-1,7.071067811435E-1,2.905734524700E-9));
#1046=VECTOR('',#1045,2.121320343431E0);
#1047=CARTESIAN_POINT('',(1.5E0,2.850000000018E1,-2.165063510283E1));
#1048=LINE('',#1047,#1046);
#1049=DIRECTION('',(-7.071067812296E-1,-7.071067811435E-1,-2.905741223762E-9));
#1050=VECTOR('',#1049,2.121320343431E0);
#1051=CARTESIAN_POINT('',(1.5E0,3.449999999982E1,-2.165063508639E1));
#1052=LINE('',#1051,#1050);
#1053=CARTESIAN_POINT('',(0.E0,3.15E1,-2.165063509461E1));
#1054=DIRECTION('',(1.E0,0.E0,0.E0));
#1055=DIRECTION('',(0.E0,-1.E0,0.E0));
#1056=AXIS2_PLACEMENT_3D('',#1053,#1054,#1055);
#1058=DIRECTION('',(-1.E0,0.E0,1.370224822494E-9));
#1059=VECTOR('',#1058,1.5E0);
#1060=CARTESIAN_POINT('',(0.E0,3.E1,-2.165063509667E1));
#1061=LINE('',#1060,#1059);
#1062=DIRECTION('',(-1.E0,0.E0,0.E0));
#1063=VECTOR('',#1062,3.E0);
#1064=CARTESIAN_POINT('',(1.5E0,-2.5E1,0.E0));
#1065=LINE('',#1064,#1063);
#1066=DIRECTION('',(-1.E0,0.E0,0.E0));
#1067=VECTOR('',#1066,3.E0);
#1068=CARTESIAN_POINT('',(1.5E0,-6.3E1,0.E0));
#1069=LINE('',#1068,#1067);
#1070=CARTESIAN_POINT('',(0.E0,-5.65E1,2.165063509461E1));
#1071=DIRECTION('',(1.E0,0.E0,0.E0));
#1072=DIRECTION('',(0.E0,1.E0,0.E0));
#1073=AXIS2_PLACEMENT_3D('',#1070,#1071,#1072);
#1075=DIRECTION('',(-1.E0,0.E0,-1.370227190970E-9));
#1076=VECTOR('',#1075,1.5E0);
#1077=CARTESIAN_POINT('',(0.E0,-5.5E1,2.165063509667E1));
#1078=LINE('',#1077,#1076);
#1079=DIRECTION('',(-7.071067812296E-1,7.071067811435E-1,2.905736199466E-9));
#1080=VECTOR('',#1079,2.121320343431E0);
#1081=CARTESIAN_POINT('',(1.5E0,-5.949999999982E1,2.165063508639E1));
#1082=LINE('',#1081,#1080);
#1083=DIRECTION('',(-7.071067812296E-1,-7.071067811435E-1,-2.905739548996E-9));
#1084=VECTOR('',#1083,2.121320343431E0);
#1085=CARTESIAN_POINT('',(1.5E0,-5.350000000018E1,2.165063510283E1));
#1086=LINE('',#1085,#1084);
#1087=CARTESIAN_POINT('',(0.E0,-5.65E1,2.165063509461E1));
#1088=DIRECTION('',(1.E0,0.E0,0.E0));
#1089=DIRECTION('',(0.E0,-1.E0,0.E0));
#1090=AXIS2_PLACEMENT_3D('',#1087,#1088,#1089);
#1092=DIRECTION('',(-1.E0,0.E0,1.370224822494E-9));
#1093=VECTOR('',#1092,1.5E0);
#1094=CARTESIAN_POINT('',(0.E0,-5.8E1,2.165063509256E1));
#1095=LINE('',#1094,#1093);
#1096=CARTESIAN_POINT('',(0.E0,-6.9E1,0.E0));
#1097=DIRECTION('',(1.E0,0.E0,0.E0));
#1098=DIRECTION('',(0.E0,1.E0,0.E0));
#1099=AXIS2_PLACEMENT_3D('',#1096,#1097,#1098);
#1101=DIRECTION('',(-1.E0,0.E0,-1.370224522595E-9));
#1102=VECTOR('',#1101,1.5E0);
#1103=CARTESIAN_POINT('',(0.E0,-6.75E1,2.055336538963E-9));
#1104=LINE('',#1103,#1102);
#1105=DIRECTION('',(-7.071067812296E-1,7.071067811435E-1,2.905736630304E-9));
#1106=VECTOR('',#1105,2.121320343431E0);
#1107=CARTESIAN_POINT('',(1.5E0,-7.199999999982E1,-8.219336404952E-9));
#1108=LINE('',#1107,#1106);
#1109=DIRECTION('',(-7.071067812295E-1,-7.071067811435E-1,-2.905742493100E-9));
#1110=VECTOR('',#1109,2.121320343431E0);
#1111=CARTESIAN_POINT('',(1.5E0,-6.600000000018E1,8.219347202347E-9));
#1112=LINE('',#1111,#1110);
#1113=CARTESIAN_POINT('',(0.E0,-6.9E1,0.E0));
#1114=DIRECTION('',(1.E0,0.E0,0.E0));
#1115=DIRECTION('',(0.E0,-1.E0,0.E0));
#1116=AXIS2_PLACEMENT_3D('',#1113,#1114,#1115);
#1118=DIRECTION('',(-1.E0,0.E0,1.370225574756E-9));
#1119=VECTOR('',#1118,1.5E0);
#1120=CARTESIAN_POINT('',(0.E0,-7.05E1,-2.055338178436E-9));
#1121=LINE('',#1120,#1119);
#1122=CARTESIAN_POINT('',(0.E0,-5.65E1,-2.165063509461E1));
#1123=DIRECTION('',(1.E0,0.E0,0.E0));
#1124=DIRECTION('',(0.E0,1.E0,0.E0));
#1125=AXIS2_PLACEMENT_3D('',#1122,#1123,#1124);
#1127=DIRECTION('',(-1.E0,0.E0,-1.370227190970E-9));
#1128=VECTOR('',#1127,1.5E0);
#1129=CARTESIAN_POINT('',(0.E0,-5.5E1,-2.165063509256E1));
#1130=LINE('',#1129,#1128);
#1131=DIRECTION('',(-7.071067812296E-1,7.071067811435E-1,2.905734524700E-9));
#1132=VECTOR('',#1131,2.121320343431E0);
#1133=CARTESIAN_POINT('',(1.5E0,-5.949999999982E1,-2.165063510283E1));
#1134=LINE('',#1133,#1132);
#1135=DIRECTION('',(-7.071067812296E-1,-7.071067811435E-1,-2.905741223762E-9));
#1136=VECTOR('',#1135,2.121320343431E0);
#1137=CARTESIAN_POINT('',(1.5E0,-5.350000000018E1,-2.165063508639E1));
#1138=LINE('',#1137,#1136);
#1139=CARTESIAN_POINT('',(0.E0,-5.65E1,-2.165063509461E1));
#1140=DIRECTION('',(1.E0,0.E0,0.E0));
#1141=DIRECTION('',(0.E0,-1.E0,0.E0));
#1142=AXIS2_PLACEMENT_3D('',#1139,#1140,#1141);
#1144=DIRECTION('',(-1.E0,0.E0,1.370224822494E-9));
#1145=VECTOR('',#1144,1.5E0);
#1146=CARTESIAN_POINT('',(0.E0,-5.8E1,-2.165063509667E1));
#1147=LINE('',#1146,#1145);
#1148=CARTESIAN_POINT('',(0.E0,-3.15E1,2.165063509461E1));
#1149=DIRECTION('',(1.E0,0.E0,0.E0));
#1150=DIRECTION('',(0.E0,1.E0,0.E0));
#1151=AXIS2_PLACEMENT_3D('',#1148,#1149,#1150);
#1153=DIRECTION('',(-1.E0,0.E0,-1.370227190970E-9));
#1154=VECTOR('',#1153,1.5E0);
#1155=CARTESIAN_POINT('',(0.E0,-3.E1,2.165063509667E1));
#1156=LINE('',#1155,#1154);
#1157=DIRECTION('',(-7.071067812296E-1,7.071067811435E-1,2.905736199466E-9));
#1158=VECTOR('',#1157,2.121320343431E0);
#1159=CARTESIAN_POINT('',(1.5E0,-3.449999999982E1,2.165063508639E1));
#1160=LINE('',#1159,#1158);
#1161=CARTESIAN_POINT('',(0.E0,-3.15E1,2.165063509461E1));
#1162=DIRECTION('',(1.E0,0.E0,0.E0));
#1163=DIRECTION('',(0.E0,-1.E0,0.E0));
#1164=AXIS2_PLACEMENT_3D('',#1161,#1162,#1163);
#1166=DIRECTION('',(-1.E0,0.E0,1.370224822494E-9));
#1167=VECTOR('',#1166,1.5E0);
#1168=CARTESIAN_POINT('',(0.E0,-3.3E1,2.165063509256E1));
#1169=LINE('',#1168,#1167);
#1170=CARTESIAN_POINT('',(0.E0,-1.9E1,0.E0));
#1171=DIRECTION('',(1.E0,0.E0,0.E0));
#1172=DIRECTION('',(0.E0,1.E0,0.E0));
#1173=AXIS2_PLACEMENT_3D('',#1170,#1171,#1172);
#1175=DIRECTION('',(-1.E0,0.E0,-1.370224522595E-9));
#1176=VECTOR('',#1175,1.5E0);
#1177=CARTESIAN_POINT('',(0.E0,-1.75E1,2.055336538963E-9));
#1178=LINE('',#1177,#1176);
#1179=DIRECTION('',(-7.071067812296E-1,7.071067811435E-1,2.905736631866E-9));
#1180=VECTOR('',#1179,2.121320343431E0);
#1181=CARTESIAN_POINT('',(1.5E0,-2.199999999982E1,-8.219336408266E-9));
#1182=LINE('',#1181,#1180);
#1183=DIRECTION('',(-7.071067812296E-1,-7.071067811435E-1,-2.905741517945E-9));
#1184=VECTOR('',#1183,2.121320343431E0);
#1185=CARTESIAN_POINT('',(1.5E0,-1.600000000018E1,8.219345133732E-9));
#1186=LINE('',#1185,#1184);
#1187=CARTESIAN_POINT('',(0.E0,-1.9E1,0.E0));
#1188=DIRECTION('',(1.E0,0.E0,0.E0));
#1189=DIRECTION('',(0.E0,-1.E0,0.E0));
#1190=AXIS2_PLACEMENT_3D('',#1187,#1188,#1189);
#1192=DIRECTION('',(-1.E0,0.E0,1.370225574756E-9));
#1193=VECTOR('',#1192,1.5E0);
#1194=CARTESIAN_POINT('',(0.E0,-2.05E1,-2.055338178436E-9));
#1195=LINE('',#1194,#1193);
#1196=CARTESIAN_POINT('',(0.E0,-3.15E1,-2.165063509461E1));
#1197=DIRECTION('',(1.E0,0.E0,0.E0));
#1198=DIRECTION('',(0.E0,1.E0,0.E0));
#1199=AXIS2_PLACEMENT_3D('',#1196,#1197,#1198);
#1201=DIRECTION('',(-1.E0,0.E0,-1.370227190970E-9));
#1202=VECTOR('',#1201,1.5E0);
#1203=CARTESIAN_POINT('',(0.E0,-3.E1,-2.165063509256E1));
#1204=LINE('',#1203,#1202);
#1205=DIRECTION('',(-7.071067812296E-1,7.071067811435E-1,2.905734524700E-9));
#1206=VECTOR('',#1205,2.121320343431E0);
#1207=CARTESIAN_POINT('',(1.5E0,-3.449999999982E1,-2.165063510283E1));
#1208=LINE('',#1207,#1206);
#1209=DIRECTION('',(-7.071067812296E-1,-7.071067811435E-1,-2.905741223762E-9));
#1210=VECTOR('',#1209,2.121320343431E0);
#1211=CARTESIAN_POINT('',(1.5E0,-2.850000000018E1,-2.165063508639E1));
#1212=LINE('',#1211,#1210);
#1213=CARTESIAN_POINT('',(0.E0,-3.15E1,-2.165063509461E1));
#1214=DIRECTION('',(1.E0,0.E0,0.E0));
#1215=DIRECTION('',(0.E0,-1.E0,0.E0));
#1216=AXIS2_PLACEMENT_3D('',#1213,#1214,#1215);
#1218=DIRECTION('',(-1.E0,0.E0,1.370224822494E-9));
#1219=VECTOR('',#1218,1.5E0);
#1220=CARTESIAN_POINT('',(0.E0,-3.3E1,-2.165063509667E1));
#1221=LINE('',#1220,#1219);
#1222=CARTESIAN_POINT('',(0.E0,-4.4E1,4.E1));
#1223=DIRECTION('',(1.E0,0.E0,0.E0));
#1224=DIRECTION('',(0.E0,1.E0,0.E0));
#1225=AXIS2_PLACEMENT_3D('',#1222,#1223,#1224);
#1227=DIRECTION('',(-1.E0,0.E0,-1.370229559446E-9));
#1228=VECTOR('',#1227,1.5E0);
#1229=CARTESIAN_POINT('',(0.E0,-4.25E1,4.000000000206E1));
#1230=LINE('',#1229,#1228);
#1231=DIRECTION('',(-7.071067812296E-1,7.071067811435E-1,2.905741223762E-9));
#1232=VECTOR('',#1231,2.121320343431E0);
#1233=CARTESIAN_POINT('',(1.5E0,-4.699999999982E1,3.999999999178E1));
#1234=LINE('',#1233,#1232);
#1235=DIRECTION('',(-7.071067812296E-1,-7.071067811435E-1,-2.905741223762E-9));
#1236=VECTOR('',#1235,2.121320343431E0);
#1237=CARTESIAN_POINT('',(1.5E0,-4.100000000018E1,4.000000000822E1));
#1238=LINE('',#1237,#1236);
#1239=CARTESIAN_POINT('',(0.E0,-4.4E1,4.E1));
#1240=DIRECTION('',(1.E0,0.E0,0.E0));
#1241=DIRECTION('',(0.E0,-1.E0,0.E0));
#1242=AXIS2_PLACEMENT_3D('',#1239,#1240,#1241);
#1244=DIRECTION('',(-1.E0,0.E0,1.370224822494E-9));
#1245=VECTOR('',#1244,1.5E0);
#1246=CARTESIAN_POINT('',(0.E0,-4.55E1,3.999999999794E1));
#1247=LINE('',#1246,#1245);
#1248=CARTESIAN_POINT('',(0.E0,4.4E1,4.E1));
#1249=DIRECTION('',(-1.E0,0.E0,0.E0));
#1250=DIRECTION('',(0.E0,-1.E0,0.E0));
#1251=AXIS2_PLACEMENT_3D('',#1248,#1249,#1250);
#1253=DIRECTION('',(-1.E0,1.846984787676E-10,-1.370229559699E-9));
#1254=VECTOR('',#1253,1.499999999723E0);
#1255=CARTESIAN_POINT('',(-2.770420559628E-10,4.549999999972E1,
4.000000000206E1));
#1256=LINE('',#1255,#1254);
#1257=DIRECTION('',(-7.071067811865E-1,7.071067811865E-1,1.614822090526E-9));
#1258=VECTOR('',#1257,2.121320342907E0);
#1259=CARTESIAN_POINT('',(1.499999999261E0,4.100000000074E1,3.999999999452E1));
#1260=LINE('',#1259,#1258);
#1261=DIRECTION('',(-7.071067811865E-1,-7.071067811865E-1,-1.614825440057E-9));
#1262=VECTOR('',#1261,2.121320342907E0);
#1263=CARTESIAN_POINT('',(1.499999999261E0,4.699999999926E1,4.000000000548E1));
#1264=LINE('',#1263,#1262);
#1265=CARTESIAN_POINT('',(0.E0,4.4E1,4.E1));
#1266=DIRECTION('',(-1.E0,0.E0,0.E0));
#1267=DIRECTION('',(0.E0,1.E0,0.E0));
#1268=AXIS2_PLACEMENT_3D('',#1265,#1266,#1267);
#1270=DIRECTION('',(-1.E0,-1.846937418160E-10,1.370224822748E-9));
#1271=VECTOR('',#1270,1.499999999723E0);
#1272=CARTESIAN_POINT('',(-2.770410012509E-10,4.250000000028E1,
3.999999999794E1));
#1273=LINE('',#1272,#1271);
#1274=CARTESIAN_POINT('',(0.E0,4.4E1,-4.E1));
#1275=DIRECTION('',(1.E0,0.E0,0.E0));
#1276=DIRECTION('',(0.E0,1.E0,0.E0));
#1277=AXIS2_PLACEMENT_3D('',#1274,#1275,#1276);
#1279=DIRECTION('',(-1.E0,0.E0,-1.370224822494E-9));
#1280=VECTOR('',#1279,1.5E0);
#1281=CARTESIAN_POINT('',(0.E0,4.55E1,-3.999999999794E1));
#1282=LINE('',#1281,#1280);
#1283=DIRECTION('',(-7.071067812296E-1,7.071067811435E-1,2.905737874231E-9));
#1284=VECTOR('',#1283,2.121320343431E0);
#1285=CARTESIAN_POINT('',(1.5E0,4.100000000018E1,-4.000000000822E1));
#1286=LINE('',#1285,#1284);
#1287=DIRECTION('',(-7.071067812296E-1,-7.071067811435E-1,-2.905744573292E-9));
#1288=VECTOR('',#1287,2.121320343431E0);
#1289=CARTESIAN_POINT('',(1.5E0,4.699999999982E1,-3.999999999178E1));
#1290=LINE('',#1289,#1288);
#1291=CARTESIAN_POINT('',(0.E0,4.4E1,-4.E1));
#1292=DIRECTION('',(1.E0,0.E0,0.E0));
#1293=DIRECTION('',(0.E0,-1.E0,0.E0));
#1294=AXIS2_PLACEMENT_3D('',#1291,#1292,#1293);
#1296=DIRECTION('',(-1.E0,0.E0,1.370224822494E-9));
#1297=VECTOR('',#1296,1.5E0);
#1298=CARTESIAN_POINT('',(0.E0,4.25E1,-4.000000000206E1));
#1299=LINE('',#1298,#1297);
#1300=CARTESIAN_POINT('',(0.E0,-4.4E1,-4.E1));
#1301=DIRECTION('',(1.E0,0.E0,0.E0));
#1302=DIRECTION('',(0.E0,1.E0,0.E0));
#1303=AXIS2_PLACEMENT_3D('',#1300,#1301,#1302);
#1305=DIRECTION('',(-1.E0,0.E0,-1.370224822494E-9));
#1306=VECTOR('',#1305,1.5E0);
#1307=CARTESIAN_POINT('',(0.E0,-4.25E1,-3.999999999794E1));
#1308=LINE('',#1307,#1306);
#1309=DIRECTION('',(-7.071067812296E-1,7.071067811435E-1,2.905737874231E-9));
#1310=VECTOR('',#1309,2.121320343431E0);
#1311=CARTESIAN_POINT('',(1.5E0,-4.699999999982E1,-4.000000000822E1));
#1312=LINE('',#1311,#1310);
#1313=DIRECTION('',(-7.071067812296E-1,-7.071067811435E-1,-2.905744573292E-9));
#1314=VECTOR('',#1313,2.121320343431E0);
#1315=CARTESIAN_POINT('',(1.5E0,-4.100000000018E1,-3.999999999178E1));
#1316=LINE('',#1315,#1314);
#1317=CARTESIAN_POINT('',(0.E0,-4.4E1,-4.E1));
#1318=DIRECTION('',(1.E0,0.E0,0.E0));
#1319=DIRECTION('',(0.E0,-1.E0,0.E0));
#1320=AXIS2_PLACEMENT_3D('',#1317,#1318,#1319);
#1322=DIRECTION('',(-1.E0,0.E0,1.370224822494E-9));
#1323=VECTOR('',#1322,1.5E0);
#1324=CARTESIAN_POINT('',(0.E0,-4.55E1,-4.000000000206E1));
#1325=LINE('',#1324,#1323);
#1326=CARTESIAN_POINT('',(0.E0,0.E0,-4.E1));
#1327=DIRECTION('',(1.E0,0.E0,0.E0));
#1328=DIRECTION('',(0.E0,1.E0,0.E0));
#1329=AXIS2_PLACEMENT_3D('',#1326,#1327,#1328);
#1331=DIRECTION('',(-1.E0,0.E0,-1.370224822494E-9));
#1332=VECTOR('',#1331,1.5E0);
#1333=CARTESIAN_POINT('',(0.E0,1.5E0,-3.999999999794E1));
#1334=LINE('',#1333,#1332);
#1335=DIRECTION('',(-7.071067812296E-1,7.071067811435E-1,2.905737874231E-9));
#1336=VECTOR('',#1335,2.121320343431E0);
#1337=CARTESIAN_POINT('',(1.5E0,-2.999999999818E0,-4.000000000822E1));
#1338=LINE('',#1337,#1336);
#1339=DIRECTION('',(-7.071067812296E-1,-7.071067811435E-1,-2.905744573292E-9));
#1340=VECTOR('',#1339,2.121320343431E0);
#1341=CARTESIAN_POINT('',(1.5E0,2.999999999818E0,-3.999999999178E1));
#1342=LINE('',#1341,#1340);
#1343=CARTESIAN_POINT('',(0.E0,0.E0,-4.E1));
#1344=DIRECTION('',(1.E0,0.E0,0.E0));
#1345=DIRECTION('',(0.E0,-1.E0,0.E0));
#1346=AXIS2_PLACEMENT_3D('',#1343,#1344,#1345);
#1348=DIRECTION('',(-1.E0,0.E0,1.370224822494E-9));
#1349=VECTOR('',#1348,1.5E0);
#1350=CARTESIAN_POINT('',(0.E0,-1.5E0,-4.000000000206E1));
#1351=LINE('',#1350,#1349);
#1352=CARTESIAN_POINT('',(0.E0,0.E0,4.E1));
#1353=DIRECTION('',(1.E0,0.E0,0.E0));
#1354=DIRECTION('',(0.E0,1.E0,0.E0));
#1355=AXIS2_PLACEMENT_3D('',#1352,#1353,#1354);
#1357=DIRECTION('',(-1.E0,0.E0,-1.370229559446E-9));
#1358=VECTOR('',#1357,1.5E0);
#1359=CARTESIAN_POINT('',(0.E0,1.5E0,4.000000000206E1));
#1360=LINE('',#1359,#1358);
#1361=DIRECTION('',(-7.071067812296E-1,7.071067811435E-1,2.905741223762E-9));
#1362=VECTOR('',#1361,2.121320343431E0);
#1363=CARTESIAN_POINT('',(1.5E0,-2.999999999818E0,3.999999999178E1));
#1364=LINE('',#1363,#1362);
#1365=DIRECTION('',(-7.071067812296E-1,-7.071067811435E-1,-2.905741223762E-9));
#1366=VECTOR('',#1365,2.121320343431E0);
#1367=CARTESIAN_POINT('',(1.5E0,2.999999999818E0,4.000000000822E1));
#1368=LINE('',#1367,#1366);
#1369=CARTESIAN_POINT('',(0.E0,0.E0,4.E1));
#1370=DIRECTION('',(1.E0,0.E0,0.E0));
#1371=DIRECTION('',(0.E0,-1.E0,0.E0));
#1372=AXIS2_PLACEMENT_3D('',#1369,#1370,#1371);
#1374=DIRECTION('',(-1.E0,0.E0,1.370224822494E-9));
#1375=VECTOR('',#1374,1.5E0);
#1376=CARTESIAN_POINT('',(0.E0,-1.5E0,3.999999999794E1));
#1377=LINE('',#1376,#1375);
#1378=DIRECTION('',(-1.E0,0.E0,0.E0));
#1379=VECTOR('',#1378,3.E0);
#1380=CARTESIAN_POINT('',(1.5E0,5.5E0,-2.1E1));
#1381=LINE('',#1380,#1379);
#1382=DIRECTION('',(-1.E0,0.E0,0.E0));
#1383=VECTOR('',#1382,3.E0);
#1384=CARTESIAN_POINT('',(1.5E0,-5.5E0,-2.1E1));
#1385=LINE('',#1384,#1383);
#1386=CARTESIAN_POINT('',(-1.5E0,6.3E1,0.E0));
#1387=CARTESIAN_POINT('',(-1.5E0,2.5E1,0.E0));
#1388=VERTEX_POINT('',#1386);
#1389=VERTEX_POINT('',#1387);
#1390=CARTESIAN_POINT('',(-1.5E0,5.8E1,2.165063509461E1));
#1391=CARTESIAN_POINT('',(-1.5E0,5.5E1,2.165063509461E1));
#1392=VERTEX_POINT('',#1390);
#1393=VERTEX_POINT('',#1391);
#1394=CARTESIAN_POINT('',(-1.5E0,7.05E1,0.E0));
#1395=CARTESIAN_POINT('',(-1.5E0,6.75E1,0.E0));
#1396=VERTEX_POINT('',#1394);
#1397=VERTEX_POINT('',#1395);
#1398=CARTESIAN_POINT('',(-1.5E0,5.8E1,-2.165063509461E1));
#1399=CARTESIAN_POINT('',(-1.5E0,5.5E1,-2.165063509461E1));
#1400=VERTEX_POINT('',#1398);
#1401=VERTEX_POINT('',#1399);
#1402=CARTESIAN_POINT('',(-1.5E0,3.3E1,2.165063509461E1));
#1403=CARTESIAN_POINT('',(-1.5E0,3.E1,2.165063509461E1));
#1404=VERTEX_POINT('',#1402);
#1405=VERTEX_POINT('',#1403);
#1406=CARTESIAN_POINT('',(-1.5E0,2.05E1,0.E0));
#1407=CARTESIAN_POINT('',(-1.5E0,1.75E1,0.E0));
#1408=VERTEX_POINT('',#1406);
#1409=VERTEX_POINT('',#1407);
#1410=CARTESIAN_POINT('',(-1.5E0,3.3E1,-2.165063509461E1));
#1411=CARTESIAN_POINT('',(-1.5E0,3.E1,-2.165063509461E1));
#1412=VERTEX_POINT('',#1410);
#1413=VERTEX_POINT('',#1411);
#1414=CARTESIAN_POINT('',(1.5E0,6.3E1,0.E0));
#1415=CARTESIAN_POINT('',(1.5E0,2.5E1,0.E0));
#1416=VERTEX_POINT('',#1414);
#1417=VERTEX_POINT('',#1415);
#1418=CARTESIAN_POINT('',(-1.5E0,-2.5E1,0.E0));
#1419=CARTESIAN_POINT('',(-1.5E0,-6.3E1,0.E0));
#1420=VERTEX_POINT('',#1418);
#1421=VERTEX_POINT('',#1419);
#1422=CARTESIAN_POINT('',(-1.5E0,-5.5E1,2.165063509461E1));
#1423=CARTESIAN_POINT('',(-1.5E0,-5.8E1,2.165063509461E1));
#1424=VERTEX_POINT('',#1422);
#1425=VERTEX_POINT('',#1423);
#1426=CARTESIAN_POINT('',(-1.5E0,-6.75E1,0.E0));
#1427=CARTESIAN_POINT('',(-1.5E0,-7.05E1,0.E0));
#1428=VERTEX_POINT('',#1426);
#1429=VERTEX_POINT('',#1427);
#1430=CARTESIAN_POINT('',(-1.5E0,-5.5E1,-2.165063509461E1));
#1431=CARTESIAN_POINT('',(-1.5E0,-5.8E1,-2.165063509461E1));
#1432=VERTEX_POINT('',#1430);
#1433=VERTEX_POINT('',#1431);
#1434=CARTESIAN_POINT('',(-1.5E0,-3.E1,2.165063509461E1));
#1435=CARTESIAN_POINT('',(-1.5E0,-3.3E1,2.165063509461E1));
#1436=VERTEX_POINT('',#1434);
#1437=VERTEX_POINT('',#1435);
#1438=CARTESIAN_POINT('',(-1.5E0,-1.75E1,0.E0));
#1439=CARTESIAN_POINT('',(-1.5E0,-2.05E1,0.E0));
#1440=VERTEX_POINT('',#1438);
#1441=VERTEX_POINT('',#1439);
#1442=CARTESIAN_POINT('',(-1.5E0,-3.E1,-2.165063509461E1));
#1443=CARTESIAN_POINT('',(-1.5E0,-3.3E1,-2.165063509461E1));
#1444=VERTEX_POINT('',#1442);
#1445=VERTEX_POINT('',#1443);
#1446=CARTESIAN_POINT('',(1.5E0,-2.5E1,0.E0));
#1447=CARTESIAN_POINT('',(1.5E0,-6.3E1,0.E0));
#1448=VERTEX_POINT('',#1446);
#1449=VERTEX_POINT('',#1447);
#1450=CARTESIAN_POINT('',(-1.5E0,-4.25E1,4.E1));
#1451=CARTESIAN_POINT('',(-1.5E0,-4.55E1,4.E1));
#1452=VERTEX_POINT('',#1450);
#1453=VERTEX_POINT('',#1451);
#1454=CARTESIAN_POINT('',(-1.5E0,4.55E1,4.E1));
#1455=CARTESIAN_POINT('',(-1.5E0,4.25E1,4.E1));
#1456=VERTEX_POINT('',#1454);
#1457=VERTEX_POINT('',#1455);
#1458=CARTESIAN_POINT('',(-1.5E0,4.55E1,-4.E1));
#1459=CARTESIAN_POINT('',(-1.5E0,4.25E1,-4.E1));
#1460=VERTEX_POINT('',#1458);
#1461=VERTEX_POINT('',#1459);
#1462=CARTESIAN_POINT('',(-1.5E0,-4.25E1,-4.E1));
#1463=CARTESIAN_POINT('',(-1.5E0,-4.55E1,-4.E1));
#1464=VERTEX_POINT('',#1462);
#1465=VERTEX_POINT('',#1463);
#1466=CARTESIAN_POINT('',(1.5E0,4.1E1,4.E1));
#1467=CARTESIAN_POINT('',(1.5E0,4.7E1,4.E1));
#1468=VERTEX_POINT('',#1466);
#1469=VERTEX_POINT('',#1467);
#1470=CARTESIAN_POINT('',(0.E0,4.25E1,4.E1));
#1471=CARTESIAN_POINT('',(0.E0,4.55E1,4.E1));
#1472=VERTEX_POINT('',#1470);
#1473=VERTEX_POINT('',#1471);
#1474=CARTESIAN_POINT('',(1.5E0,-6.600000000018E1,8.219347202347E-9));
#1475=CARTESIAN_POINT('',(0.E0,-6.75E1,2.055336538963E-9));
#1476=VERTEX_POINT('',#1474);
#1477=VERTEX_POINT('',#1475);
#1478=CARTESIAN_POINT('',(1.5E0,-7.199999999982E1,-8.219336404952E-9));
#1479=CARTESIAN_POINT('',(0.E0,-7.05E1,-2.055338178436E-9));
#1480=VERTEX_POINT('',#1478);
#1481=VERTEX_POINT('',#1479);
#1482=CARTESIAN_POINT('',(1.5E0,-5.350000000018E1,-2.165063508639E1));
#1483=CARTESIAN_POINT('',(0.E0,-5.5E1,-2.165063509256E1));
#1484=VERTEX_POINT('',#1482);
#1485=VERTEX_POINT('',#1483);
#1486=CARTESIAN_POINT('',(1.5E0,-5.949999999982E1,-2.165063510283E1));
#1487=CARTESIAN_POINT('',(0.E0,-5.8E1,-2.165063509667E1));
#1488=VERTEX_POINT('',#1486);
#1489=VERTEX_POINT('',#1487);
#1490=CARTESIAN_POINT('',(1.5E0,-2.850000000018E1,-2.165063508639E1));
#1491=CARTESIAN_POINT('',(0.E0,-3.E1,-2.165063509256E1));
#1492=VERTEX_POINT('',#1490);
#1493=VERTEX_POINT('',#1491);
#1494=CARTESIAN_POINT('',(1.5E0,-3.449999999982E1,-2.165063510283E1));
#1495=CARTESIAN_POINT('',(0.E0,-3.3E1,-2.165063509667E1));
#1496=VERTEX_POINT('',#1494);
#1497=VERTEX_POINT('',#1495);
#1498=CARTESIAN_POINT('',(1.5E0,-4.100000000018E1,4.000000000822E1));
#1499=CARTESIAN_POINT('',(0.E0,-4.25E1,4.000000000206E1));
#1500=VERTEX_POINT('',#1498);
#1501=VERTEX_POINT('',#1499);
#1502=CARTESIAN_POINT('',(1.5E0,-4.699999999982E1,3.999999999178E1));
#1503=CARTESIAN_POINT('',(0.E0,-4.55E1,3.999999999794E1));
#1504=VERTEX_POINT('',#1502);
#1505=VERTEX_POINT('',#1503);
#1506=CARTESIAN_POINT('',(1.5E0,-4.100000000018E1,-3.999999999178E1));
#1507=CARTESIAN_POINT('',(0.E0,-4.25E1,-3.999999999794E1));
#1508=VERTEX_POINT('',#1506);
#1509=VERTEX_POINT('',#1507);
#1510=CARTESIAN_POINT('',(1.5E0,-4.699999999982E1,-4.000000000822E1));
#1511=CARTESIAN_POINT('',(0.E0,-4.55E1,-4.000000000206E1));
#1512=VERTEX_POINT('',#1510);
#1513=VERTEX_POINT('',#1511);
#1514=CARTESIAN_POINT('',(1.5E0,2.999999999818E0,-3.999999999178E1));
#1515=CARTESIAN_POINT('',(0.E0,1.5E0,-3.999999999794E1));
#1516=VERTEX_POINT('',#1514);
#1517=VERTEX_POINT('',#1515);
#1518=CARTESIAN_POINT('',(1.5E0,-2.999999999818E0,-4.000000000822E1));
#1519=CARTESIAN_POINT('',(0.E0,-1.5E0,-4.000000000206E1));
#1520=VERTEX_POINT('',#1518);
#1521=VERTEX_POINT('',#1519);
#1522=CARTESIAN_POINT('',(1.5E0,2.199999999982E1,8.219347192871E-9));
#1523=CARTESIAN_POINT('',(0.E0,2.05E1,2.055336538963E-9));
#1524=VERTEX_POINT('',#1522);
#1525=VERTEX_POINT('',#1523);
#1526=CARTESIAN_POINT('',(1.5E0,1.600000000018E1,-8.219334349127E-9));
#1527=CARTESIAN_POINT('',(0.E0,1.75E1,-2.055338178436E-9));
#1528=VERTEX_POINT('',#1526);
#1529=VERTEX_POINT('',#1527);
#1530=CARTESIAN_POINT('',(1.5E0,3.449999999982E1,-2.165063508639E1));
#1531=CARTESIAN_POINT('',(0.E0,3.3E1,-2.165063509256E1));
#1532=VERTEX_POINT('',#1530);
#1533=VERTEX_POINT('',#1531);
#1534=CARTESIAN_POINT('',(1.5E0,2.850000000018E1,-2.165063510283E1));
#1535=CARTESIAN_POINT('',(0.E0,3.E1,-2.165063509667E1));
#1536=VERTEX_POINT('',#1534);
#1537=VERTEX_POINT('',#1535);
#1538=CARTESIAN_POINT('',(1.5E0,3.449999999982E1,2.165063510283E1));
#1539=CARTESIAN_POINT('',(0.E0,3.3E1,2.165063509667E1));
#1540=VERTEX_POINT('',#1538);
#1541=VERTEX_POINT('',#1539);
#1542=CARTESIAN_POINT('',(1.5E0,2.850000000018E1,2.165063508639E1));
#1543=CARTESIAN_POINT('',(0.E0,3.E1,2.165063509256E1));
#1544=VERTEX_POINT('',#1542);
#1545=VERTEX_POINT('',#1543);
#1546=CARTESIAN_POINT('',(1.5E0,7.199999999982E1,8.219347202347E-9));
#1547=CARTESIAN_POINT('',(0.E0,7.05E1,2.055336538963E-9));
#1548=VERTEX_POINT('',#1546);
#1549=VERTEX_POINT('',#1547);
#1550=CARTESIAN_POINT('',(1.5E0,6.600000000018E1,-8.219336404952E-9));
#1551=CARTESIAN_POINT('',(0.E0,6.75E1,-2.055338178436E-9));
#1552=VERTEX_POINT('',#1550);
#1553=VERTEX_POINT('',#1551);
#1554=CARTESIAN_POINT('',(1.5E0,5.949999999982E1,-2.165063508639E1));
#1555=CARTESIAN_POINT('',(0.E0,5.8E1,-2.165063509256E1));
#1556=VERTEX_POINT('',#1554);
#1557=VERTEX_POINT('',#1555);
#1558=CARTESIAN_POINT('',(1.5E0,5.350000000018E1,-2.165063510283E1));
#1559=CARTESIAN_POINT('',(0.E0,5.5E1,-2.165063509667E1));
#1560=VERTEX_POINT('',#1558);
#1561=VERTEX_POINT('',#1559);
#1562=CARTESIAN_POINT('',(1.5E0,4.699999999982E1,-3.999999999178E1));
#1563=CARTESIAN_POINT('',(0.E0,4.55E1,-3.999999999794E1));
#1564=VERTEX_POINT('',#1562);
#1565=VERTEX_POINT('',#1563);
#1566=CARTESIAN_POINT('',(1.5E0,4.100000000018E1,-4.000000000822E1));
#1567=CARTESIAN_POINT('',(0.E0,4.25E1,-4.000000000206E1));
#1568=VERTEX_POINT('',#1566);
#1569=VERTEX_POINT('',#1567);
#1570=CARTESIAN_POINT('',(-1.5E0,1.5E0,-4.E1));
#1571=CARTESIAN_POINT('',(-1.5E0,-1.5E0,-4.E1));
#1572=VERTEX_POINT('',#1570);
#1573=VERTEX_POINT('',#1571);
#1574=CARTESIAN_POINT('',(-1.5E0,1.5E0,4.E1));
#1575=CARTESIAN_POINT('',(-1.5E0,-1.5E0,4.E1));
#1576=VERTEX_POINT('',#1574);
#1577=VERTEX_POINT('',#1575);
#1578=CARTESIAN_POINT('',(1.5E0,2.999999999818E0,4.000000000822E1));
#1579=CARTESIAN_POINT('',(0.E0,1.5E0,4.000000000206E1));
#1580=VERTEX_POINT('',#1578);
#1581=VERTEX_POINT('',#1579);
#1582=CARTESIAN_POINT('',(1.5E0,-2.999999999818E0,3.999999999178E1));
#1583=CARTESIAN_POINT('',(0.E0,-1.5E0,3.999999999794E1));
#1584=VERTEX_POINT('',#1582);
#1585=VERTEX_POINT('',#1583);
#1586=CARTESIAN_POINT('',(1.5E0,-7.E1,-5.3E1));
#1587=CARTESIAN_POINT('',(1.5E0,7.E1,-5.3E1));
#1588=VERTEX_POINT('',#1586);
#1589=VERTEX_POINT('',#1587);
#1590=CARTESIAN_POINT('',(1.5E0,1.03E2,-2.E1));
#1591=VERTEX_POINT('',#1590);
#1592=CARTESIAN_POINT('',(1.5E0,1.03E2,2.E1));
#1593=VERTEX_POINT('',#1592);
#1594=CARTESIAN_POINT('',(1.5E0,7.E1,5.3E1));
#1595=VERTEX_POINT('',#1594);
#1596=CARTESIAN_POINT('',(1.5E0,-7.E1,5.3E1));
#1597=VERTEX_POINT('',#1596);
#1598=CARTESIAN_POINT('',(1.5E0,-1.03E2,2.E1));
#1599=VERTEX_POINT('',#1598);
#1600=CARTESIAN_POINT('',(1.5E0,-1.03E2,-2.E1));
#1601=VERTEX_POINT('',#1600);
#1602=CARTESIAN_POINT('',(-1.5E0,-7.E1,-5.3E1));
#1603=CARTESIAN_POINT('',(-1.5E0,7.E1,-5.3E1));
#1604=VERTEX_POINT('',#1602);
#1605=VERTEX_POINT('',#1603);
#1606=CARTESIAN_POINT('',(-1.5E0,1.03E2,-2.E1));
#1607=VERTEX_POINT('',#1606);
#1608=CARTESIAN_POINT('',(-1.5E0,1.03E2,2.E1));
#1609=VERTEX_POINT('',#1608);
#1610=CARTESIAN_POINT('',(-1.5E0,7.E1,5.3E1));
#1611=VERTEX_POINT('',#1610);
#1612=CARTESIAN_POINT('',(-1.5E0,-7.E1,5.3E1));
#1613=VERTEX_POINT('',#1612);
#1614=CARTESIAN_POINT('',(-1.5E0,-1.03E2,2.E1));
#1615=VERTEX_POINT('',#1614);
#1616=CARTESIAN_POINT('',(-1.5E0,-1.03E2,-2.E1));
#1617=VERTEX_POINT('',#1616);
#1618=CARTESIAN_POINT('',(-1.5E0,8.15E1,3.732050807569E1));
#1619=CARTESIAN_POINT('',(-1.5E0,7.85E1,3.732050807569E1));
#1620=VERTEX_POINT('',#1618);
#1621=VERTEX_POINT('',#1619);
#1622=CARTESIAN_POINT('',(-1.5E0,9.15E1,1.8E1));
#1623=CARTESIAN_POINT('',(-1.5E0,8.85E1,1.8E1));
#1624=VERTEX_POINT('',#1622);
#1625=VERTEX_POINT('',#1623);
#1626=CARTESIAN_POINT('',(-1.5E0,8.15E1,-3.732050807569E1));
#1627=CARTESIAN_POINT('',(-1.5E0,7.85E1,-3.732050807569E1));
#1628=VERTEX_POINT('',#1626);
#1629=VERTEX_POINT('',#1627);
#1630=CARTESIAN_POINT('',(-1.5E0,9.15E1,-1.8E1));
#1631=CARTESIAN_POINT('',(-1.5E0,8.85E1,-1.8E1));
#1632=VERTEX_POINT('',#1630);
#1633=VERTEX_POINT('',#1631);
#1634=CARTESIAN_POINT('',(-1.5E0,-7.85E1,-3.732050807569E1));
#1635=CARTESIAN_POINT('',(-1.5E0,-8.15E1,-3.732050807569E1));
#1636=VERTEX_POINT('',#1634);
#1637=VERTEX_POINT('',#1635);
#1638=CARTESIAN_POINT('',(-1.5E0,-8.85E1,-1.8E1));
#1639=CARTESIAN_POINT('',(-1.5E0,-9.15E1,-1.8E1));
#1640=VERTEX_POINT('',#1638);
#1641=VERTEX_POINT('',#1639);
#1642=CARTESIAN_POINT('',(-1.5E0,-7.85E1,3.732050807569E1));
#1643=CARTESIAN_POINT('',(-1.5E0,-8.15E1,3.732050807569E1));
#1644=VERTEX_POINT('',#1642);
#1645=VERTEX_POINT('',#1643);
#1646=CARTESIAN_POINT('',(-1.5E0,-8.85E1,1.8E1));
#1647=CARTESIAN_POINT('',(-1.5E0,-9.15E1,1.8E1));
#1648=VERTEX_POINT('',#1646);
#1649=VERTEX_POINT('',#1647);
#1650=CARTESIAN_POINT('',(1.5E0,8.299999999982E1,3.732050808391E1));
#1651=CARTESIAN_POINT('',(0.E0,8.15E1,3.732050807774E1));
#1652=VERTEX_POINT('',#1650);
#1653=VERTEX_POINT('',#1651);
#1654=CARTESIAN_POINT('',(1.5E0,7.700000000018E1,3.732050806747E1));
#1655=CARTESIAN_POINT('',(0.E0,7.85E1,3.732050807363E1));
#1656=VERTEX_POINT('',#1654);
#1657=VERTEX_POINT('',#1655);
#1658=CARTESIAN_POINT('',(1.5E0,9.299999999982E1,1.800000000822E1));
#1659=CARTESIAN_POINT('',(0.E0,9.15E1,1.800000000206E1));
#1660=VERTEX_POINT('',#1658);
#1661=VERTEX_POINT('',#1659);
#1662=CARTESIAN_POINT('',(1.5E0,8.700000000018E1,1.799999999178E1));
#1663=CARTESIAN_POINT('',(0.E0,8.85E1,1.799999999794E1));
#1664=VERTEX_POINT('',#1662);
#1665=VERTEX_POINT('',#1663);
#1666=CARTESIAN_POINT('',(1.5E0,9.299999999982E1,-1.799999999178E1));
#1667=CARTESIAN_POINT('',(0.E0,9.15E1,-1.799999999794E1));
#1668=VERTEX_POINT('',#1666);
#1669=VERTEX_POINT('',#1667);
#1670=CARTESIAN_POINT('',(1.5E0,8.700000000018E1,-1.800000000822E1));
#1671=CARTESIAN_POINT('',(0.E0,8.85E1,-1.800000000206E1));
#1672=VERTEX_POINT('',#1670);
#1673=VERTEX_POINT('',#1671);
#1674=CARTESIAN_POINT('',(1.5E0,8.299999999982E1,-3.732050806747E1));
#1675=CARTESIAN_POINT('',(0.E0,8.15E1,-3.732050807363E1));
#1676=VERTEX_POINT('',#1674);
#1677=VERTEX_POINT('',#1675);
#1678=CARTESIAN_POINT('',(1.5E0,7.700000000018E1,-3.732050808391E1));
#1679=CARTESIAN_POINT('',(0.E0,7.85E1,-3.732050807774E1));
#1680=VERTEX_POINT('',#1678);
#1681=VERTEX_POINT('',#1679);
#1682=CARTESIAN_POINT('',(1.5E0,-7.700000000018E1,-3.732050806747E1));
#1683=CARTESIAN_POINT('',(0.E0,-7.85E1,-3.732050807363E1));
#1684=VERTEX_POINT('',#1682);
#1685=VERTEX_POINT('',#1683);
#1686=CARTESIAN_POINT('',(1.5E0,-8.299999999982E1,-3.732050808391E1));
#1687=CARTESIAN_POINT('',(0.E0,-8.15E1,-3.732050807774E1));
#1688=VERTEX_POINT('',#1686);
#1689=VERTEX_POINT('',#1687);
#1690=CARTESIAN_POINT('',(1.5E0,-8.700000000018E1,-1.799999999178E1));
#1691=CARTESIAN_POINT('',(0.E0,-8.85E1,-1.799999999794E1));
#1692=VERTEX_POINT('',#1690);
#1693=VERTEX_POINT('',#1691);
#1694=CARTESIAN_POINT('',(1.5E0,-9.299999999982E1,-1.800000000822E1));
#1695=CARTESIAN_POINT('',(0.E0,-9.15E1,-1.800000000206E1));
#1696=VERTEX_POINT('',#1694);
#1697=VERTEX_POINT('',#1695);
#1698=CARTESIAN_POINT('',(1.5E0,-8.700000000018E1,1.800000000822E1));
#1699=CARTESIAN_POINT('',(0.E0,-8.85E1,1.800000000206E1));
#1700=VERTEX_POINT('',#1698);
#1701=VERTEX_POINT('',#1699);
#1702=CARTESIAN_POINT('',(1.5E0,-9.299999999982E1,1.799999999178E1));
#1703=CARTESIAN_POINT('',(0.E0,-9.15E1,1.799999999794E1));
#1704=VERTEX_POINT('',#1702);
#1705=VERTEX_POINT('',#1703);
#1706=CARTESIAN_POINT('',(1.5E0,-7.700000000018E1,3.732050808391E1));
#1707=CARTESIAN_POINT('',(0.E0,-7.85E1,3.732050807774E1));
#1708=VERTEX_POINT('',#1706);
#1709=VERTEX_POINT('',#1707);
#1710=CARTESIAN_POINT('',(1.5E0,-8.299999999982E1,3.732050806747E1));
#1711=CARTESIAN_POINT('',(0.E0,-8.15E1,3.732050807363E1));
#1712=VERTEX_POINT('',#1710);
#1713=VERTEX_POINT('',#1711);
#1714=CARTESIAN_POINT('',(-1.5E0,5.5E0,-2.1E1));
#1715=CARTESIAN_POINT('',(-1.5E0,-5.5E0,-2.1E1));
#1716=VERTEX_POINT('',#1714);
#1717=VERTEX_POINT('',#1715);
#1718=CARTESIAN_POINT('',(1.5E0,5.5E0,-2.1E1));
#1719=CARTESIAN_POINT('',(1.5E0,-5.5E0,-2.1E1));
#1720=VERTEX_POINT('',#1718);
#1721=VERTEX_POINT('',#1719);
#1722=CARTESIAN_POINT('',(1.5E0,-5.350000000018E1,2.165063510283E1));
#1723=CARTESIAN_POINT('',(0.E0,-5.5E1,2.165063509667E1));
#1724=VERTEX_POINT('',#1722);
#1725=VERTEX_POINT('',#1723);
#1726=CARTESIAN_POINT('',(1.5E0,-5.949999999982E1,2.165063508639E1));
#1727=CARTESIAN_POINT('',(0.E0,-5.8E1,2.165063509256E1));
#1728=VERTEX_POINT('',#1726);
#1729=VERTEX_POINT('',#1727);
#1730=CARTESIAN_POINT('',(1.5E0,5.949999999982E1,2.165063510283E1));
#1731=CARTESIAN_POINT('',(0.E0,5.8E1,2.165063509667E1));
#1732=VERTEX_POINT('',#1730);
#1733=VERTEX_POINT('',#1731);
#1734=CARTESIAN_POINT('',(1.5E0,5.350000000018E1,2.165063508639E1));
#1735=CARTESIAN_POINT('',(0.E0,5.5E1,2.165063509256E1));
#1736=VERTEX_POINT('',#1734);
#1737=VERTEX_POINT('',#1735);
#1738=CARTESIAN_POINT('',(1.5E0,-2.850000000018E1,2.165063510283E1));
#1739=CARTESIAN_POINT('',(0.E0,-3.E1,2.165063509667E1));
#1740=VERTEX_POINT('',#1738);
#1741=VERTEX_POINT('',#1739);
#1742=CARTESIAN_POINT('',(1.5E0,-3.449999999982E1,2.165063508639E1));
#1743=CARTESIAN_POINT('',(0.E0,-3.3E1,2.165063509256E1));
#1744=VERTEX_POINT('',#1742);
#1745=VERTEX_POINT('',#1743);
#1746=CARTESIAN_POINT('',(1.5E0,-1.600000000018E1,8.219345133732E-9));
#1747=CARTESIAN_POINT('',(0.E0,-1.75E1,2.055336538963E-9));
#1748=VERTEX_POINT('',#1746);
#1749=VERTEX_POINT('',#1747);
#1750=CARTESIAN_POINT('',(1.5E0,-2.199999999982E1,-8.219336408266E-9));
#1751=CARTESIAN_POINT('',(0.E0,-2.05E1,-2.055338178436E-9));
#1752=VERTEX_POINT('',#1750);
#1753=VERTEX_POINT('',#1751);
#1754=CARTESIAN_POINT('',(7.5E-1,-3.15E1,2.165063509461E1));
#1755=DIRECTION('',(1.E0,0.E0,0.E0));
#1756=DIRECTION('',(0.E0,0.E0,-1.E0));
#1757=AXIS2_PLACEMENT_3D('',#1754,#1755,#1756);
#1758=CONICAL_SURFACE('',#1757,2.25E0,4.5E1);
#1760=ORIENTED_EDGE('',*,*,#1759,.F.);
#1762=ORIENTED_EDGE('',*,*,#1761,.T.);
#1764=ORIENTED_EDGE('',*,*,#1763,.T.);
#1766=ORIENTED_EDGE('',*,*,#1765,.F.);
#1767=EDGE_LOOP('',(#1760,#1762,#1764,#1766));
#1768=FACE_OUTER_BOUND('',#1767,.F.);
#1769=ADVANCED_FACE('',(#1768),#1758,.F.);
#1770=CARTESIAN_POINT('',(1.5E0,0.E0,0.E0));
#1771=DIRECTION('',(1.E0,0.E0,0.E0));
#1772=DIRECTION('',(0.E0,1.E0,0.E0));
#1773=AXIS2_PLACEMENT_3D('',#1770,#1771,#1772);
#1774=PLANE('',#1773);
#1776=ORIENTED_EDGE('',*,*,#1775,.F.);
#1778=ORIENTED_EDGE('',*,*,#1777,.F.);
#1780=ORIENTED_EDGE('',*,*,#1779,.F.);
#1782=ORIENTED_EDGE('',*,*,#1781,.F.);
#1784=ORIENTED_EDGE('',*,*,#1783,.F.);
#1786=ORIENTED_EDGE('',*,*,#1785,.F.);
#1788=ORIENTED_EDGE('',*,*,#1787,.F.);
#1790=ORIENTED_EDGE('',*,*,#1789,.F.);
#1791=EDGE_LOOP('',(#1776,#1778,#1780,#1782,#1784,#1786,#1788,#1790));
#1792=FACE_OUTER_BOUND('',#1791,.F.);
#1794=ORIENTED_EDGE('',*,*,#1793,.T.);
#1796=ORIENTED_EDGE('',*,*,#1795,.T.);
#1797=EDGE_LOOP('',(#1794,#1796));
#1798=FACE_BOUND('',#1797,.F.);
#1800=ORIENTED_EDGE('',*,*,#1799,.T.);
#1802=ORIENTED_EDGE('',*,*,#1801,.T.);
#1803=EDGE_LOOP('',(#1800,#1802));
#1804=FACE_BOUND('',#1803,.F.);
#1806=ORIENTED_EDGE('',*,*,#1805,.T.);
#1808=ORIENTED_EDGE('',*,*,#1807,.T.);
#1809=EDGE_LOOP('',(#1806,#1808));
#1810=FACE_BOUND('',#1809,.F.);
#1812=ORIENTED_EDGE('',*,*,#1811,.T.);
#1814=ORIENTED_EDGE('',*,*,#1813,.T.);
#1815=EDGE_LOOP('',(#1812,#1814));
#1816=FACE_BOUND('',#1815,.F.);
#1818=ORIENTED_EDGE('',*,*,#1817,.T.);
#1820=ORIENTED_EDGE('',*,*,#1819,.T.);
#1821=EDGE_LOOP('',(#1818,#1820));
#1822=FACE_BOUND('',#1821,.F.);
#1824=ORIENTED_EDGE('',*,*,#1823,.T.);
#1826=ORIENTED_EDGE('',*,*,#1825,.T.);
#1827=EDGE_LOOP('',(#1824,#1826));
#1828=FACE_BOUND('',#1827,.F.);
#1830=ORIENTED_EDGE('',*,*,#1829,.T.);
#1832=ORIENTED_EDGE('',*,*,#1831,.T.);
#1833=EDGE_LOOP('',(#1830,#1832));
#1834=FACE_BOUND('',#1833,.F.);
#1836=ORIENTED_EDGE('',*,*,#1835,.T.);
#1838=ORIENTED_EDGE('',*,*,#1837,.T.);
#1839=EDGE_LOOP('',(#1836,#1838));
#1840=FACE_BOUND('',#1839,.F.);
#1842=ORIENTED_EDGE('',*,*,#1841,.T.);
#1844=ORIENTED_EDGE('',*,*,#1843,.T.);
#1845=EDGE_LOOP('',(#1842,#1844));
#1846=FACE_BOUND('',#1845,.F.);
#1848=ORIENTED_EDGE('',*,*,#1847,.T.);
#1850=ORIENTED_EDGE('',*,*,#1849,.T.);
#1851=EDGE_LOOP('',(#1848,#1850));
#1852=FACE_BOUND('',#1851,.F.);
#1854=ORIENTED_EDGE('',*,*,#1853,.T.);
#1856=ORIENTED_EDGE('',*,*,#1855,.T.);
#1857=EDGE_LOOP('',(#1854,#1856));
#1858=FACE_BOUND('',#1857,.F.);
#1860=ORIENTED_EDGE('',*,*,#1859,.T.);
#1862=ORIENTED_EDGE('',*,*,#1861,.T.);
#1863=EDGE_LOOP('',(#1860,#1862));
#1864=FACE_BOUND('',#1863,.F.);
#1866=ORIENTED_EDGE('',*,*,#1865,.T.);
#1868=ORIENTED_EDGE('',*,*,#1867,.T.);
#1869=EDGE_LOOP('',(#1866,#1868));
#1870=FACE_BOUND('',#1869,.F.);
#1872=ORIENTED_EDGE('',*,*,#1871,.F.);
#1874=ORIENTED_EDGE('',*,*,#1873,.F.);
#1875=EDGE_LOOP('',(#1872,#1874));
#1876=FACE_BOUND('',#1875,.F.);
#1878=ORIENTED_EDGE('',*,*,#1877,.T.);
#1880=ORIENTED_EDGE('',*,*,#1879,.T.);
#1881=EDGE_LOOP('',(#1878,#1880));
#1882=FACE_BOUND('',#1881,.F.);
#1884=ORIENTED_EDGE('',*,*,#1883,.T.);
#1886=ORIENTED_EDGE('',*,*,#1885,.T.);
#1887=EDGE_LOOP('',(#1884,#1886));
#1888=FACE_BOUND('',#1887,.F.);
#1890=ORIENTED_EDGE('',*,*,#1889,.T.);
#1892=ORIENTED_EDGE('',*,*,#1891,.T.);
#1893=EDGE_LOOP('',(#1890,#1892));
#1894=FACE_BOUND('',#1893,.F.);
#1896=ORIENTED_EDGE('',*,*,#1895,.T.);
#1898=ORIENTED_EDGE('',*,*,#1897,.T.);
#1899=EDGE_LOOP('',(#1896,#1898));
#1900=FACE_BOUND('',#1899,.F.);
#1902=ORIENTED_EDGE('',*,*,#1901,.T.);
#1904=ORIENTED_EDGE('',*,*,#1903,.T.);
#1905=EDGE_LOOP('',(#1902,#1904));
#1906=FACE_BOUND('',#1905,.F.);
#1908=ORIENTED_EDGE('',*,*,#1907,.T.);
#1910=ORIENTED_EDGE('',*,*,#1909,.T.);
#1911=EDGE_LOOP('',(#1908,#1910));
#1912=FACE_BOUND('',#1911,.F.);
#1914=ORIENTED_EDGE('',*,*,#1913,.T.);
#1916=ORIENTED_EDGE('',*,*,#1915,.T.);
#1917=EDGE_LOOP('',(#1914,#1916));
#1918=FACE_BOUND('',#1917,.F.);
#1920=ORIENTED_EDGE('',*,*,#1919,.T.);
#1922=ORIENTED_EDGE('',*,*,#1921,.T.);
#1923=EDGE_LOOP('',(#1920,#1922));
#1924=FACE_BOUND('',#1923,.F.);
#1926=ORIENTED_EDGE('',*,*,#1925,.T.);
#1928=ORIENTED_EDGE('',*,*,#1927,.T.);
#1929=EDGE_LOOP('',(#1926,#1928));
#1930=FACE_BOUND('',#1929,.F.);
#1932=ORIENTED_EDGE('',*,*,#1931,.T.);
#1934=ORIENTED_EDGE('',*,*,#1933,.T.);
#1935=EDGE_LOOP('',(#1932,#1934));
#1936=FACE_BOUND('',#1935,.F.);
#1938=ORIENTED_EDGE('',*,*,#1937,.T.);
#1940=ORIENTED_EDGE('',*,*,#1939,.T.);
#1941=EDGE_LOOP('',(#1938,#1940));
#1942=FACE_BOUND('',#1941,.F.);
#1944=ORIENTED_EDGE('',*,*,#1943,.T.);
#1946=ORIENTED_EDGE('',*,*,#1945,.T.);
#1947=EDGE_LOOP('',(#1944,#1946));
#1948=FACE_BOUND('',#1947,.F.);
#1950=ORIENTED_EDGE('',*,*,#1949,.T.);
#1952=ORIENTED_EDGE('',*,*,#1951,.T.);
#1953=EDGE_LOOP('',(#1950,#1952));
#1954=FACE_BOUND('',#1953,.F.);
#1955=ORIENTED_EDGE('',*,*,#1759,.T.);
#1957=ORIENTED_EDGE('',*,*,#1956,.T.);
#1958=EDGE_LOOP('',(#1955,#1957));
#1959=FACE_BOUND('',#1958,.F.);
#1961=ORIENTED_EDGE('',*,*,#1960,.T.);
#1963=ORIENTED_EDGE('',*,*,#1962,.T.);
#1964=EDGE_LOOP('',(#1961,#1963));
#1965=FACE_BOUND('',#1964,.F.);
#1966=ADVANCED_FACE('',(#1792,#1798,#1804,#1810,#1816,#1822,#1828,#1834,#1840,
#1846,#1852,#1858,#1864,#1870,#1876,#1882,#1888,#1894,#1900,#1906,#1912,#1918,
#1924,#1930,#1936,#1942,#1948,#1954,#1959,#1965),#1774,.T.);
#1967=CARTESIAN_POINT('',(1.5E0,-7.E1,-5.3E1));
#1968=DIRECTION('',(0.E0,0.E0,-1.E0));
#1969=DIRECTION('',(0.E0,1.E0,0.E0));
#1970=AXIS2_PLACEMENT_3D('',#1967,#1968,#1969);
#1971=PLANE('',#1970);
#1972=ORIENTED_EDGE('',*,*,#1775,.T.);
#1974=ORIENTED_EDGE('',*,*,#1973,.T.);
#1976=ORIENTED_EDGE('',*,*,#1975,.F.);
#1978=ORIENTED_EDGE('',*,*,#1977,.F.);
#1979=EDGE_LOOP('',(#1972,#1974,#1976,#1978));
#1980=FACE_OUTER_BOUND('',#1979,.F.);
#1981=ADVANCED_FACE('',(#1980),#1971,.T.);
#1982=CARTESIAN_POINT('',(1.5E0,7.E1,-2.E1));
#1983=DIRECTION('',(1.E0,0.E0,0.E0));
#1984=DIRECTION('',(0.E0,1.E0,0.E0));
#1985=AXIS2_PLACEMENT_3D('',#1982,#1983,#1984);
#1986=CYLINDRICAL_SURFACE('',#1985,3.3E1);
#1987=ORIENTED_EDGE('',*,*,#1789,.T.);
#1989=ORIENTED_EDGE('',*,*,#1988,.T.);
#1991=ORIENTED_EDGE('',*,*,#1990,.F.);
#1992=ORIENTED_EDGE('',*,*,#1973,.F.);
#1993=EDGE_LOOP('',(#1987,#1989,#1991,#1992));
#1994=FACE_OUTER_BOUND('',#1993,.F.);
#1995=ADVANCED_FACE('',(#1994),#1986,.T.);
#1996=CARTESIAN_POINT('',(1.5E0,1.03E2,-2.E1));
#1997=DIRECTION('',(0.E0,1.E0,0.E0));
#1998=DIRECTION('',(0.E0,0.E0,1.E0));
#1999=AXIS2_PLACEMENT_3D('',#1996,#1997,#1998);
#2000=PLANE('',#1999);
#2001=ORIENTED_EDGE('',*,*,#1787,.T.);
#2003=ORIENTED_EDGE('',*,*,#2002,.T.);
#2005=ORIENTED_EDGE('',*,*,#2004,.F.);
#2006=ORIENTED_EDGE('',*,*,#1988,.F.);
#2007=EDGE_LOOP('',(#2001,#2003,#2005,#2006));
#2008=FACE_OUTER_BOUND('',#2007,.F.);
#2009=ADVANCED_FACE('',(#2008),#2000,.T.);
#2010=CARTESIAN_POINT('',(1.5E0,7.E1,2.E1));
#2011=DIRECTION('',(1.E0,0.E0,0.E0));
#2012=DIRECTION('',(0.E0,1.E0,0.E0));
#2013=AXIS2_PLACEMENT_3D('',#2010,#2011,#2012);
#2014=CYLINDRICAL_SURFACE('',#2013,3.3E1);
#2015=ORIENTED_EDGE('',*,*,#1785,.T.);
#2017=ORIENTED_EDGE('',*,*,#2016,.T.);
#2019=ORIENTED_EDGE('',*,*,#2018,.F.);
#2020=ORIENTED_EDGE('',*,*,#2002,.F.);
#2021=EDGE_LOOP('',(#2015,#2017,#2019,#2020));
#2022=FACE_OUTER_BOUND('',#2021,.F.);
#2023=ADVANCED_FACE('',(#2022),#2014,.T.);
#2024=CARTESIAN_POINT('',(1.5E0,7.E1,5.3E1));
#2025=DIRECTION('',(0.E0,0.E0,1.E0));
#2026=DIRECTION('',(0.E0,-1.E0,0.E0));
#2027=AXIS2_PLACEMENT_3D('',#2024,#2025,#2026);
#2028=PLANE('',#2027);
#2029=ORIENTED_EDGE('',*,*,#1783,.T.);
#2031=ORIENTED_EDGE('',*,*,#2030,.T.);
#2033=ORIENTED_EDGE('',*,*,#2032,.F.);
#2034=ORIENTED_EDGE('',*,*,#2016,.F.);
#2035=EDGE_LOOP('',(#2029,#2031,#2033,#2034));
#2036=FACE_OUTER_BOUND('',#2035,.F.);
#2037=ADVANCED_FACE('',(#2036),#2028,.T.);
#2038=CARTESIAN_POINT('',(1.5E0,-7.E1,2.E1));
#2039=DIRECTION('',(1.E0,0.E0,0.E0));
#2040=DIRECTION('',(0.E0,1.E0,0.E0));
#2041=AXIS2_PLACEMENT_3D('',#2038,#2039,#2040);
#2042=CYLINDRICAL_SURFACE('',#2041,3.3E1);
#2043=ORIENTED_EDGE('',*,*,#1781,.T.);
#2045=ORIENTED_EDGE('',*,*,#2044,.T.);
#2047=ORIENTED_EDGE('',*,*,#2046,.F.);
#2048=ORIENTED_EDGE('',*,*,#2030,.F.);
#2049=EDGE_LOOP('',(#2043,#2045,#2047,#2048));
#2050=FACE_OUTER_BOUND('',#2049,.F.);
#2051=ADVANCED_FACE('',(#2050),#2042,.T.);
#2052=CARTESIAN_POINT('',(1.5E0,-1.03E2,2.E1));
#2053=DIRECTION('',(0.E0,-1.E0,0.E0));
#2054=DIRECTION('',(0.E0,0.E0,-1.E0));
#2055=AXIS2_PLACEMENT_3D('',#2052,#2053,#2054);
#2056=PLANE('',#2055);
#2057=ORIENTED_EDGE('',*,*,#1779,.T.);
#2059=ORIENTED_EDGE('',*,*,#2058,.T.);
#2061=ORIENTED_EDGE('',*,*,#2060,.F.);
#2062=ORIENTED_EDGE('',*,*,#2044,.F.);
#2063=EDGE_LOOP('',(#2057,#2059,#2061,#2062));
#2064=FACE_OUTER_BOUND('',#2063,.F.);
#2065=ADVANCED_FACE('',(#2064),#2056,.T.);
#2066=CARTESIAN_POINT('',(1.5E0,-7.E1,-2.E1));
#2067=DIRECTION('',(1.E0,0.E0,0.E0));
#2068=DIRECTION('',(0.E0,1.E0,0.E0));
#2069=AXIS2_PLACEMENT_3D('',#2066,#2067,#2068);
#2070=CYLINDRICAL_SURFACE('',#2069,3.3E1);
#2071=ORIENTED_EDGE('',*,*,#1777,.T.);
#2072=ORIENTED_EDGE('',*,*,#1977,.T.);
#2074=ORIENTED_EDGE('',*,*,#2073,.F.);
#2075=ORIENTED_EDGE('',*,*,#2058,.F.);
#2076=EDGE_LOOP('',(#2071,#2072,#2074,#2075));
#2077=FACE_OUTER_BOUND('',#2076,.F.);
#2078=ADVANCED_FACE('',(#2077),#2070,.T.);
#2079=CARTESIAN_POINT('',(-1.5E0,0.E0,0.E0));
#2080=DIRECTION('',(1.E0,0.E0,0.E0));
#2081=DIRECTION('',(0.E0,1.E0,0.E0));
#2082=AXIS2_PLACEMENT_3D('',#2079,#2080,#2081);
#2083=PLANE('',#2082);
#2084=ORIENTED_EDGE('',*,*,#1975,.T.);
#2085=ORIENTED_EDGE('',*,*,#1990,.T.);
#2086=ORIENTED_EDGE('',*,*,#2004,.T.);
#2087=ORIENTED_EDGE('',*,*,#2018,.T.);
#2088=ORIENTED_EDGE('',*,*,#2032,.T.);
#2089=ORIENTED_EDGE('',*,*,#2046,.T.);
#2090=ORIENTED_EDGE('',*,*,#2060,.T.);
#2091=ORIENTED_EDGE('',*,*,#2073,.T.);
#2092=EDGE_LOOP('',(#2084,#2085,#2086,#2087,#2088,#2089,#2090,#2091));
#2093=FACE_OUTER_BOUND('',#2092,.F.);
#2095=ORIENTED_EDGE('',*,*,#2094,.F.);
#2097=ORIENTED_EDGE('',*,*,#2096,.F.);
#2098=EDGE_LOOP('',(#2095,#2097));
#2099=FACE_BOUND('',#2098,.F.);
#2101=ORIENTED_EDGE('',*,*,#2100,.F.);
#2103=ORIENTED_EDGE('',*,*,#2102,.F.);
#2104=EDGE_LOOP('',(#2101,#2103));
#2105=FACE_BOUND('',#2104,.F.);
#2107=ORIENTED_EDGE('',*,*,#2106,.F.);
#2109=ORIENTED_EDGE('',*,*,#2108,.F.);
#2110=EDGE_LOOP('',(#2107,#2109));
#2111=FACE_BOUND('',#2110,.F.);
#2113=ORIENTED_EDGE('',*,*,#2112,.F.);
#2115=ORIENTED_EDGE('',*,*,#2114,.F.);
#2116=EDGE_LOOP('',(#2113,#2115));
#2117=FACE_BOUND('',#2116,.F.);
#2119=ORIENTED_EDGE('',*,*,#2118,.F.);
#2121=ORIENTED_EDGE('',*,*,#2120,.F.);
#2122=EDGE_LOOP('',(#2119,#2121));
#2123=FACE_BOUND('',#2122,.F.);
#2125=ORIENTED_EDGE('',*,*,#2124,.F.);
#2127=ORIENTED_EDGE('',*,*,#2126,.F.);
#2128=EDGE_LOOP('',(#2125,#2127));
#2129=FACE_BOUND('',#2128,.F.);
#2131=ORIENTED_EDGE('',*,*,#2130,.F.);
#2133=ORIENTED_EDGE('',*,*,#2132,.F.);
#2134=EDGE_LOOP('',(#2131,#2133));
#2135=FACE_BOUND('',#2134,.F.);
#2137=ORIENTED_EDGE('',*,*,#2136,.F.);
#2139=ORIENTED_EDGE('',*,*,#2138,.F.);
#2140=EDGE_LOOP('',(#2137,#2139));
#2141=FACE_BOUND('',#2140,.F.);
#2143=ORIENTED_EDGE('',*,*,#2142,.F.);
#2145=ORIENTED_EDGE('',*,*,#2144,.F.);
#2146=EDGE_LOOP('',(#2143,#2145));
#2147=FACE_BOUND('',#2146,.F.);
#2149=ORIENTED_EDGE('',*,*,#2148,.F.);
#2151=ORIENTED_EDGE('',*,*,#2150,.F.);
#2152=EDGE_LOOP('',(#2149,#2151));
#2153=FACE_BOUND('',#2152,.F.);
#2155=ORIENTED_EDGE('',*,*,#2154,.F.);
#2157=ORIENTED_EDGE('',*,*,#2156,.F.);
#2158=EDGE_LOOP('',(#2155,#2157));
#2159=FACE_BOUND('',#2158,.F.);
#2161=ORIENTED_EDGE('',*,*,#2160,.F.);
#2163=ORIENTED_EDGE('',*,*,#2162,.F.);
#2164=EDGE_LOOP('',(#2161,#2163));
#2165=FACE_BOUND('',#2164,.F.);
#2167=ORIENTED_EDGE('',*,*,#2166,.F.);
#2169=ORIENTED_EDGE('',*,*,#2168,.F.);
#2170=EDGE_LOOP('',(#2167,#2169));
#2171=FACE_BOUND('',#2170,.F.);
#2173=ORIENTED_EDGE('',*,*,#2172,.F.);
#2175=ORIENTED_EDGE('',*,*,#2174,.F.);
#2176=EDGE_LOOP('',(#2173,#2175));
#2177=FACE_BOUND('',#2176,.F.);
#2179=ORIENTED_EDGE('',*,*,#2178,.F.);
#2181=ORIENTED_EDGE('',*,*,#2180,.F.);
#2182=EDGE_LOOP('',(#2179,#2181));
#2183=FACE_BOUND('',#2182,.F.);
#2185=ORIENTED_EDGE('',*,*,#2184,.F.);
#2187=ORIENTED_EDGE('',*,*,#2186,.F.);
#2188=EDGE_LOOP('',(#2185,#2187));
#2189=FACE_BOUND('',#2188,.F.);
#2191=ORIENTED_EDGE('',*,*,#2190,.F.);
#2193=ORIENTED_EDGE('',*,*,#2192,.F.);
#2194=EDGE_LOOP('',(#2191,#2193));
#2195=FACE_BOUND('',#2194,.F.);
#2197=ORIENTED_EDGE('',*,*,#2196,.F.);
#2199=ORIENTED_EDGE('',*,*,#2198,.F.);
#2200=EDGE_LOOP('',(#2197,#2199));
#2201=FACE_BOUND('',#2200,.F.);
#2203=ORIENTED_EDGE('',*,*,#2202,.F.);
#2205=ORIENTED_EDGE('',*,*,#2204,.F.);
#2206=EDGE_LOOP('',(#2203,#2205));
#2207=FACE_BOUND('',#2206,.F.);
#2209=ORIENTED_EDGE('',*,*,#2208,.F.);
#2211=ORIENTED_EDGE('',*,*,#2210,.F.);
#2212=EDGE_LOOP('',(#2209,#2211));
#2213=FACE_BOUND('',#2212,.F.);
#2215=ORIENTED_EDGE('',*,*,#2214,.F.);
#2217=ORIENTED_EDGE('',*,*,#2216,.F.);
#2218=EDGE_LOOP('',(#2215,#2217));
#2219=FACE_BOUND('',#2218,.F.);
#2221=ORIENTED_EDGE('',*,*,#2220,.F.);
#2223=ORIENTED_EDGE('',*,*,#2222,.F.);
#2224=EDGE_LOOP('',(#2221,#2223));
#2225=FACE_BOUND('',#2224,.F.);
#2227=ORIENTED_EDGE('',*,*,#2226,.F.);
#2229=ORIENTED_EDGE('',*,*,#2228,.F.);
#2230=EDGE_LOOP('',(#2227,#2229));
#2231=FACE_BOUND('',#2230,.F.);
#2233=ORIENTED_EDGE('',*,*,#2232,.F.);
#2235=ORIENTED_EDGE('',*,*,#2234,.F.);
#2236=EDGE_LOOP('',(#2233,#2235));
#2237=FACE_BOUND('',#2236,.F.);
#2239=ORIENTED_EDGE('',*,*,#2238,.F.);
#2241=ORIENTED_EDGE('',*,*,#2240,.F.);
#2242=EDGE_LOOP('',(#2239,#2241));
#2243=FACE_BOUND('',#2242,.F.);
#2245=ORIENTED_EDGE('',*,*,#2244,.F.);
#2247=ORIENTED_EDGE('',*,*,#2246,.F.);
#2248=EDGE_LOOP('',(#2245,#2247));
#2249=FACE_BOUND('',#2248,.F.);
#2251=ORIENTED_EDGE('',*,*,#2250,.F.);
#2253=ORIENTED_EDGE('',*,*,#2252,.F.);
#2254=EDGE_LOOP('',(#2251,#2253));
#2255=FACE_BOUND('',#2254,.F.);
#2257=ORIENTED_EDGE('',*,*,#2256,.F.);
#2259=ORIENTED_EDGE('',*,*,#2258,.F.);
#2260=EDGE_LOOP('',(#2257,#2259));
#2261=FACE_BOUND('',#2260,.F.);
#2263=ORIENTED_EDGE('',*,*,#2262,.F.);
#2265=ORIENTED_EDGE('',*,*,#2264,.F.);
#2266=EDGE_LOOP('',(#2263,#2265));
#2267=FACE_BOUND('',#2266,.F.);
#2268=ADVANCED_FACE('',(#2093,#2099,#2105,#2111,#2117,#2123,#2129,#2135,#2141,
#2147,#2153,#2159,#2165,#2171,#2177,#2183,#2189,#2195,#2201,#2207,#2213,#2219,
#2225,#2231,#2237,#2243,#2249,#2255,#2261,#2267),#2083,.F.);
#2269=CARTESIAN_POINT('',(1.5E0,-9.E1,1.8E1));
#2270=DIRECTION('',(1.E0,0.E0,0.E0));
#2271=DIRECTION('',(0.E0,1.E0,0.E0));
#2272=AXIS2_PLACEMENT_3D('',#2269,#2270,#2271);
#2273=CYLINDRICAL_SURFACE('',#2272,1.5E0);
#2275=ORIENTED_EDGE('',*,*,#2274,.F.);
#2277=ORIENTED_EDGE('',*,*,#2276,.T.);
#2278=ORIENTED_EDGE('',*,*,#2094,.T.);
#2280=ORIENTED_EDGE('',*,*,#2279,.F.);
#2281=EDGE_LOOP('',(#2275,#2277,#2278,#2280));
#2282=FACE_OUTER_BOUND('',#2281,.F.);
#2283=ADVANCED_FACE('',(#2282),#2273,.F.);
#2284=CARTESIAN_POINT('',(7.5E-1,-9.E1,1.8E1));
#2285=DIRECTION('',(1.E0,0.E0,0.E0));
#2286=DIRECTION('',(0.E0,0.E0,-1.E0));
#2287=AXIS2_PLACEMENT_3D('',#2284,#2285,#2286);
#2288=CONICAL_SURFACE('',#2287,2.25E0,4.5E1);
#2289=ORIENTED_EDGE('',*,*,#1945,.F.);
#2291=ORIENTED_EDGE('',*,*,#2290,.T.);
#2292=ORIENTED_EDGE('',*,*,#2274,.T.);
#2294=ORIENTED_EDGE('',*,*,#2293,.F.);
#2295=EDGE_LOOP('',(#2289,#2291,#2292,#2294));
#2296=FACE_OUTER_BOUND('',#2295,.F.);
#2297=ADVANCED_FACE('',(#2296),#2288,.F.);
#2298=CARTESIAN_POINT('',(7.5E-1,-9.E1,1.8E1));
#2299=DIRECTION('',(1.E0,0.E0,0.E0));
#2300=DIRECTION('',(0.E0,0.E0,-1.E0));
#2301=AXIS2_PLACEMENT_3D('',#2298,#2299,#2300);
#2302=CONICAL_SURFACE('',#2301,2.25E0,4.5E1);
#2303=ORIENTED_EDGE('',*,*,#1943,.F.);
#2304=ORIENTED_EDGE('',*,*,#2293,.T.);
#2306=ORIENTED_EDGE('',*,*,#2305,.T.);
#2307=ORIENTED_EDGE('',*,*,#2290,.F.);
#2308=EDGE_LOOP('',(#2303,#2304,#2306,#2307));
#2309=FACE_OUTER_BOUND('',#2308,.F.);
#2310=ADVANCED_FACE('',(#2309),#2302,.F.);
#2311=CARTESIAN_POINT('',(1.5E0,-9.E1,1.8E1));
#2312=DIRECTION('',(1.E0,0.E0,0.E0));
#2313=DIRECTION('',(0.E0,1.E0,0.E0));
#2314=AXIS2_PLACEMENT_3D('',#2311,#2312,#2313);
#2315=CYLINDRICAL_SURFACE('',#2314,1.5E0);
#2316=ORIENTED_EDGE('',*,*,#2305,.F.);
#2317=ORIENTED_EDGE('',*,*,#2279,.T.);
#2318=ORIENTED_EDGE('',*,*,#2096,.T.);
#2319=ORIENTED_EDGE('',*,*,#2276,.F.);
#2320=EDGE_LOOP('',(#2316,#2317,#2318,#2319));
#2321=FACE_OUTER_BOUND('',#2320,.F.);
#2322=ADVANCED_FACE('',(#2321),#2315,.F.);
#2323=CARTESIAN_POINT('',(1.5E0,-8.E1,3.732050807569E1));
#2324=DIRECTION('',(1.E0,0.E0,0.E0));
#2325=DIRECTION('',(0.E0,1.E0,0.E0));
#2326=AXIS2_PLACEMENT_3D('',#2323,#2324,#2325);
#2327=CYLINDRICAL_SURFACE('',#2326,1.5E0);
#2329=ORIENTED_EDGE('',*,*,#2328,.F.);
#2331=ORIENTED_EDGE('',*,*,#2330,.T.);
#2332=ORIENTED_EDGE('',*,*,#2100,.T.);
#2334=ORIENTED_EDGE('',*,*,#2333,.F.);
#2335=EDGE_LOOP('',(#2329,#2331,#2332,#2334));
#2336=FACE_OUTER_BOUND('',#2335,.F.);
#2337=ADVANCED_FACE('',(#2336),#2327,.F.);
#2338=CARTESIAN_POINT('',(7.5E-1,-8.E1,3.732050807569E1));
#2339=DIRECTION('',(1.E0,0.E0,0.E0));
#2340=DIRECTION('',(0.E0,0.E0,-1.E0));
#2341=AXIS2_PLACEMENT_3D('',#2338,#2339,#2340);
#2342=CONICAL_SURFACE('',#2341,2.25E0,4.5E1);
#2343=ORIENTED_EDGE('',*,*,#1807,.F.);
#2345=ORIENTED_EDGE('',*,*,#2344,.T.);
#2346=ORIENTED_EDGE('',*,*,#2328,.T.);
#2348=ORIENTED_EDGE('',*,*,#2347,.F.);
#2349=EDGE_LOOP('',(#2343,#2345,#2346,#2348));
#2350=FACE_OUTER_BOUND('',#2349,.F.);
#2351=ADVANCED_FACE('',(#2350),#2342,.F.);
#2352=CARTESIAN_POINT('',(7.5E-1,-8.E1,3.732050807569E1));
#2353=DIRECTION('',(1.E0,0.E0,0.E0));
#2354=DIRECTION('',(0.E0,0.E0,-1.E0));
#2355=AXIS2_PLACEMENT_3D('',#2352,#2353,#2354);
#2356=CONICAL_SURFACE('',#2355,2.25E0,4.5E1);
#2357=ORIENTED_EDGE('',*,*,#1805,.F.);
#2358=ORIENTED_EDGE('',*,*,#2347,.T.);
#2360=ORIENTED_EDGE('',*,*,#2359,.T.);
#2361=ORIENTED_EDGE('',*,*,#2344,.F.);
#2362=EDGE_LOOP('',(#2357,#2358,#2360,#2361));
#2363=FACE_OUTER_BOUND('',#2362,.F.);
#2364=ADVANCED_FACE('',(#2363),#2356,.F.);
#2365=CARTESIAN_POINT('',(1.5E0,-8.E1,3.732050807569E1));
#2366=DIRECTION('',(1.E0,0.E0,0.E0));
#2367=DIRECTION('',(0.E0,1.E0,0.E0));
#2368=AXIS2_PLACEMENT_3D('',#2365,#2366,#2367);
#2369=CYLINDRICAL_SURFACE('',#2368,1.5E0);
#2370=ORIENTED_EDGE('',*,*,#2359,.F.);
#2371=ORIENTED_EDGE('',*,*,#2333,.T.);
#2372=ORIENTED_EDGE('',*,*,#2102,.T.);
#2373=ORIENTED_EDGE('',*,*,#2330,.F.);
#2374=EDGE_LOOP('',(#2370,#2371,#2372,#2373));
#2375=FACE_OUTER_BOUND('',#2374,.F.);
#2376=ADVANCED_FACE('',(#2375),#2369,.F.);
#2377=CARTESIAN_POINT('',(1.5E0,-9.E1,-1.8E1));
#2378=DIRECTION('',(1.E0,0.E0,0.E0));
#2379=DIRECTION('',(0.E0,1.E0,0.E0));
#2380=AXIS2_PLACEMENT_3D('',#2377,#2378,#2379);
#2381=CYLINDRICAL_SURFACE('',#2380,1.5E0);
#2383=ORIENTED_EDGE('',*,*,#2382,.F.);
#2385=ORIENTED_EDGE('',*,*,#2384,.T.);
#2386=ORIENTED_EDGE('',*,*,#2106,.T.);
#2388=ORIENTED_EDGE('',*,*,#2387,.F.);
#2389=EDGE_LOOP('',(#2383,#2385,#2386,#2388));
#2390=FACE_OUTER_BOUND('',#2389,.F.);
#2391=ADVANCED_FACE('',(#2390),#2381,.F.);
#2392=CARTESIAN_POINT('',(7.5E-1,-9.E1,-1.8E1));
#2393=DIRECTION('',(1.E0,0.E0,0.E0));
#2394=DIRECTION('',(0.E0,0.E0,-1.E0));
#2395=AXIS2_PLACEMENT_3D('',#2392,#2393,#2394);
#2396=CONICAL_SURFACE('',#2395,2.25E0,4.5E1);
#2397=ORIENTED_EDGE('',*,*,#1813,.F.);
#2399=ORIENTED_EDGE('',*,*,#2398,.T.);
#2400=ORIENTED_EDGE('',*,*,#2382,.T.);
#2402=ORIENTED_EDGE('',*,*,#2401,.F.);
#2403=EDGE_LOOP('',(#2397,#2399,#2400,#2402));
#2404=FACE_OUTER_BOUND('',#2403,.F.);
#2405=ADVANCED_FACE('',(#2404),#2396,.F.);
#2406=CARTESIAN_POINT('',(7.5E-1,-9.E1,-1.8E1));
#2407=DIRECTION('',(1.E0,0.E0,0.E0));
#2408=DIRECTION('',(0.E0,0.E0,-1.E0));
#2409=AXIS2_PLACEMENT_3D('',#2406,#2407,#2408);
#2410=CONICAL_SURFACE('',#2409,2.25E0,4.5E1);
#2411=ORIENTED_EDGE('',*,*,#1811,.F.);
#2412=ORIENTED_EDGE('',*,*,#2401,.T.);
#2414=ORIENTED_EDGE('',*,*,#2413,.T.);
#2415=ORIENTED_EDGE('',*,*,#2398,.F.);
#2416=EDGE_LOOP('',(#2411,#2412,#2414,#2415));
#2417=FACE_OUTER_BOUND('',#2416,.F.);
#2418=ADVANCED_FACE('',(#2417),#2410,.F.);
#2419=CARTESIAN_POINT('',(1.5E0,-9.E1,-1.8E1));
#2420=DIRECTION('',(1.E0,0.E0,0.E0));
#2421=DIRECTION('',(0.E0,1.E0,0.E0));
#2422=AXIS2_PLACEMENT_3D('',#2419,#2420,#2421);
#2423=CYLINDRICAL_SURFACE('',#2422,1.5E0);
#2424=ORIENTED_EDGE('',*,*,#2413,.F.);
#2425=ORIENTED_EDGE('',*,*,#2387,.T.);
#2426=ORIENTED_EDGE('',*,*,#2108,.T.);
#2427=ORIENTED_EDGE('',*,*,#2384,.F.);
#2428=EDGE_LOOP('',(#2424,#2425,#2426,#2427));
#2429=FACE_OUTER_BOUND('',#2428,.F.);
#2430=ADVANCED_FACE('',(#2429),#2423,.F.);
#2431=CARTESIAN_POINT('',(1.5E0,-8.E1,-3.732050807569E1));
#2432=DIRECTION('',(1.E0,0.E0,0.E0));
#2433=DIRECTION('',(0.E0,1.E0,0.E0));
#2434=AXIS2_PLACEMENT_3D('',#2431,#2432,#2433);
#2435=CYLINDRICAL_SURFACE('',#2434,1.5E0);
#2437=ORIENTED_EDGE('',*,*,#2436,.F.);
#2439=ORIENTED_EDGE('',*,*,#2438,.T.);
#2440=ORIENTED_EDGE('',*,*,#2112,.T.);
#2442=ORIENTED_EDGE('',*,*,#2441,.F.);
#2443=EDGE_LOOP('',(#2437,#2439,#2440,#2442));
#2444=FACE_OUTER_BOUND('',#2443,.F.);
#2445=ADVANCED_FACE('',(#2444),#2435,.F.);
#2446=CARTESIAN_POINT('',(7.5E-1,-8.E1,-3.732050807569E1));
#2447=DIRECTION('',(1.E0,0.E0,0.E0));
#2448=DIRECTION('',(0.E0,0.E0,-1.E0));
#2449=AXIS2_PLACEMENT_3D('',#2446,#2447,#2448);
#2450=CONICAL_SURFACE('',#2449,2.25E0,4.5E1);
#2451=ORIENTED_EDGE('',*,*,#1939,.F.);
#2453=ORIENTED_EDGE('',*,*,#2452,.T.);
#2454=ORIENTED_EDGE('',*,*,#2436,.T.);
#2456=ORIENTED_EDGE('',*,*,#2455,.F.);
#2457=EDGE_LOOP('',(#2451,#2453,#2454,#2456));
#2458=FACE_OUTER_BOUND('',#2457,.F.);
#2459=ADVANCED_FACE('',(#2458),#2450,.F.);
#2460=CARTESIAN_POINT('',(7.5E-1,-8.E1,-3.732050807569E1));
#2461=DIRECTION('',(1.E0,0.E0,0.E0));
#2462=DIRECTION('',(0.E0,0.E0,-1.E0));
#2463=AXIS2_PLACEMENT_3D('',#2460,#2461,#2462);
#2464=CONICAL_SURFACE('',#2463,2.25E0,4.5E1);
#2465=ORIENTED_EDGE('',*,*,#1937,.F.);
#2466=ORIENTED_EDGE('',*,*,#2455,.T.);
#2468=ORIENTED_EDGE('',*,*,#2467,.T.);
#2469=ORIENTED_EDGE('',*,*,#2452,.F.);
#2470=EDGE_LOOP('',(#2465,#2466,#2468,#2469));
#2471=FACE_OUTER_BOUND('',#2470,.F.);
#2472=ADVANCED_FACE('',(#2471),#2464,.F.);
#2473=CARTESIAN_POINT('',(1.5E0,-8.E1,-3.732050807569E1));
#2474=DIRECTION('',(1.E0,0.E0,0.E0));
#2475=DIRECTION('',(0.E0,1.E0,0.E0));
#2476=AXIS2_PLACEMENT_3D('',#2473,#2474,#2475);
#2477=CYLINDRICAL_SURFACE('',#2476,1.5E0);
#2478=ORIENTED_EDGE('',*,*,#2467,.F.);
#2479=ORIENTED_EDGE('',*,*,#2441,.T.);
#2480=ORIENTED_EDGE('',*,*,#2114,.T.);
#2481=ORIENTED_EDGE('',*,*,#2438,.F.);
#2482=EDGE_LOOP('',(#2478,#2479,#2480,#2481));
#2483=FACE_OUTER_BOUND('',#2482,.F.);
#2484=ADVANCED_FACE('',(#2483),#2477,.F.);
#2485=CARTESIAN_POINT('',(1.5E0,9.E1,-1.8E1));
#2486=DIRECTION('',(1.E0,0.E0,0.E0));
#2487=DIRECTION('',(0.E0,1.E0,0.E0));
#2488=AXIS2_PLACEMENT_3D('',#2485,#2486,#2487);
#2489=CYLINDRICAL_SURFACE('',#2488,1.5E0);
#2491=ORIENTED_EDGE('',*,*,#2490,.F.);
#2493=ORIENTED_EDGE('',*,*,#2492,.T.);
#2494=ORIENTED_EDGE('',*,*,#2118,.T.);
#2496=ORIENTED_EDGE('',*,*,#2495,.F.);
#2497=EDGE_LOOP('',(#2491,#2493,#2494,#2496));
#2498=FACE_OUTER_BOUND('',#2497,.F.);
#2499=ADVANCED_FACE('',(#2498),#2489,.F.);
#2500=CARTESIAN_POINT('',(7.5E-1,9.E1,-1.8E1));
#2501=DIRECTION('',(1.E0,0.E0,0.E0));
#2502=DIRECTION('',(0.E0,0.E0,-1.E0));
#2503=AXIS2_PLACEMENT_3D('',#2500,#2501,#2502);
#2504=CONICAL_SURFACE('',#2503,2.25E0,4.5E1);
#2505=ORIENTED_EDGE('',*,*,#1933,.F.);
#2507=ORIENTED_EDGE('',*,*,#2506,.T.);
#2508=ORIENTED_EDGE('',*,*,#2490,.T.);
#2510=ORIENTED_EDGE('',*,*,#2509,.F.);
#2511=EDGE_LOOP('',(#2505,#2507,#2508,#2510));
#2512=FACE_OUTER_BOUND('',#2511,.F.);
#2513=ADVANCED_FACE('',(#2512),#2504,.F.);
#2514=CARTESIAN_POINT('',(7.5E-1,9.E1,-1.8E1));
#2515=DIRECTION('',(1.E0,0.E0,0.E0));
#2516=DIRECTION('',(0.E0,0.E0,-1.E0));
#2517=AXIS2_PLACEMENT_3D('',#2514,#2515,#2516);
#2518=CONICAL_SURFACE('',#2517,2.25E0,4.5E1);
#2519=ORIENTED_EDGE('',*,*,#1931,.F.);
#2520=ORIENTED_EDGE('',*,*,#2509,.T.);
#2522=ORIENTED_EDGE('',*,*,#2521,.T.);
#2523=ORIENTED_EDGE('',*,*,#2506,.F.);
#2524=EDGE_LOOP('',(#2519,#2520,#2522,#2523));
#2525=FACE_OUTER_BOUND('',#2524,.F.);
#2526=ADVANCED_FACE('',(#2525),#2518,.F.);
#2527=CARTESIAN_POINT('',(1.5E0,9.E1,-1.8E1));
#2528=DIRECTION('',(1.E0,0.E0,0.E0));
#2529=DIRECTION('',(0.E0,1.E0,0.E0));
#2530=AXIS2_PLACEMENT_3D('',#2527,#2528,#2529);
#2531=CYLINDRICAL_SURFACE('',#2530,1.5E0);
#2532=ORIENTED_EDGE('',*,*,#2521,.F.);
#2533=ORIENTED_EDGE('',*,*,#2495,.T.);
#2534=ORIENTED_EDGE('',*,*,#2120,.T.);
#2535=ORIENTED_EDGE('',*,*,#2492,.F.);
#2536=EDGE_LOOP('',(#2532,#2533,#2534,#2535));
#2537=FACE_OUTER_BOUND('',#2536,.F.);
#2538=ADVANCED_FACE('',(#2537),#2531,.F.);
#2539=CARTESIAN_POINT('',(1.5E0,8.E1,-3.732050807569E1));
#2540=DIRECTION('',(1.E0,0.E0,0.E0));
#2541=DIRECTION('',(0.E0,1.E0,0.E0));
#2542=AXIS2_PLACEMENT_3D('',#2539,#2540,#2541);
#2543=CYLINDRICAL_SURFACE('',#2542,1.5E0);
#2545=ORIENTED_EDGE('',*,*,#2544,.F.);
#2547=ORIENTED_EDGE('',*,*,#2546,.T.);
#2548=ORIENTED_EDGE('',*,*,#2124,.T.);
#2550=ORIENTED_EDGE('',*,*,#2549,.F.);
#2551=EDGE_LOOP('',(#2545,#2547,#2548,#2550));
#2552=FACE_OUTER_BOUND('',#2551,.F.);
#2553=ADVANCED_FACE('',(#2552),#2543,.F.);
#2554=CARTESIAN_POINT('',(7.5E-1,8.E1,-3.732050807569E1));
#2555=DIRECTION('',(1.E0,0.E0,0.E0));
#2556=DIRECTION('',(0.E0,0.E0,-1.E0));
#2557=AXIS2_PLACEMENT_3D('',#2554,#2555,#2556);
#2558=CONICAL_SURFACE('',#2557,2.25E0,4.5E1);
#2559=ORIENTED_EDGE('',*,*,#1819,.F.);
#2561=ORIENTED_EDGE('',*,*,#2560,.T.);
#2562=ORIENTED_EDGE('',*,*,#2544,.T.);
#2564=ORIENTED_EDGE('',*,*,#2563,.F.);
#2565=EDGE_LOOP('',(#2559,#2561,#2562,#2564));
#2566=FACE_OUTER_BOUND('',#2565,.F.);
#2567=ADVANCED_FACE('',(#2566),#2558,.F.);
#2568=CARTESIAN_POINT('',(7.5E-1,8.E1,-3.732050807569E1));
#2569=DIRECTION('',(1.E0,0.E0,0.E0));
#2570=DIRECTION('',(0.E0,0.E0,-1.E0));
#2571=AXIS2_PLACEMENT_3D('',#2568,#2569,#2570);
#2572=CONICAL_SURFACE('',#2571,2.25E0,4.5E1);
#2573=ORIENTED_EDGE('',*,*,#1817,.F.);
#2574=ORIENTED_EDGE('',*,*,#2563,.T.);
#2576=ORIENTED_EDGE('',*,*,#2575,.T.);
#2577=ORIENTED_EDGE('',*,*,#2560,.F.);
#2578=EDGE_LOOP('',(#2573,#2574,#2576,#2577));
#2579=FACE_OUTER_BOUND('',#2578,.F.);
#2580=ADVANCED_FACE('',(#2579),#2572,.F.);
#2581=CARTESIAN_POINT('',(1.5E0,8.E1,-3.732050807569E1));
#2582=DIRECTION('',(1.E0,0.E0,0.E0));
#2583=DIRECTION('',(0.E0,1.E0,0.E0));
#2584=AXIS2_PLACEMENT_3D('',#2581,#2582,#2583);
#2585=CYLINDRICAL_SURFACE('',#2584,1.5E0);
#2586=ORIENTED_EDGE('',*,*,#2575,.F.);
#2587=ORIENTED_EDGE('',*,*,#2549,.T.);
#2588=ORIENTED_EDGE('',*,*,#2126,.T.);
#2589=ORIENTED_EDGE('',*,*,#2546,.F.);
#2590=EDGE_LOOP('',(#2586,#2587,#2588,#2589));
#2591=FACE_OUTER_BOUND('',#2590,.F.);
#2592=ADVANCED_FACE('',(#2591),#2585,.F.);
#2593=CARTESIAN_POINT('',(1.5E0,9.E1,1.8E1));
#2594=DIRECTION('',(1.E0,0.E0,0.E0));
#2595=DIRECTION('',(0.E0,1.E0,0.E0));
#2596=AXIS2_PLACEMENT_3D('',#2593,#2594,#2595);
#2597=CYLINDRICAL_SURFACE('',#2596,1.5E0);
#2599=ORIENTED_EDGE('',*,*,#2598,.F.);
#2601=ORIENTED_EDGE('',*,*,#2600,.T.);
#2602=ORIENTED_EDGE('',*,*,#2130,.T.);
#2604=ORIENTED_EDGE('',*,*,#2603,.F.);
#2605=EDGE_LOOP('',(#2599,#2601,#2602,#2604));
#2606=FACE_OUTER_BOUND('',#2605,.F.);
#2607=ADVANCED_FACE('',(#2606),#2597,.F.);
#2608=CARTESIAN_POINT('',(7.5E-1,9.E1,1.8E1));
#2609=DIRECTION('',(1.E0,0.E0,0.E0));
#2610=DIRECTION('',(0.E0,0.E0,-1.E0));
#2611=AXIS2_PLACEMENT_3D('',#2608,#2609,#2610);
#2612=CONICAL_SURFACE('',#2611,2.25E0,4.5E1);
#2613=ORIENTED_EDGE('',*,*,#1825,.F.);
#2615=ORIENTED_EDGE('',*,*,#2614,.T.);
#2616=ORIENTED_EDGE('',*,*,#2598,.T.);
#2618=ORIENTED_EDGE('',*,*,#2617,.F.);
#2619=EDGE_LOOP('',(#2613,#2615,#2616,#2618));
#2620=FACE_OUTER_BOUND('',#2619,.F.);
#2621=ADVANCED_FACE('',(#2620),#2612,.F.);
#2622=CARTESIAN_POINT('',(7.5E-1,9.E1,1.8E1));
#2623=DIRECTION('',(1.E0,0.E0,0.E0));
#2624=DIRECTION('',(0.E0,0.E0,-1.E0));
#2625=AXIS2_PLACEMENT_3D('',#2622,#2623,#2624);
#2626=CONICAL_SURFACE('',#2625,2.25E0,4.5E1);
#2627=ORIENTED_EDGE('',*,*,#1823,.F.);
#2628=ORIENTED_EDGE('',*,*,#2617,.T.);
#2630=ORIENTED_EDGE('',*,*,#2629,.T.);
#2631=ORIENTED_EDGE('',*,*,#2614,.F.);
#2632=EDGE_LOOP('',(#2627,#2628,#2630,#2631));
#2633=FACE_OUTER_BOUND('',#2632,.F.);
#2634=ADVANCED_FACE('',(#2633),#2626,.F.);
#2635=CARTESIAN_POINT('',(1.5E0,9.E1,1.8E1));
#2636=DIRECTION('',(1.E0,0.E0,0.E0));
#2637=DIRECTION('',(0.E0,1.E0,0.E0));
#2638=AXIS2_PLACEMENT_3D('',#2635,#2636,#2637);
#2639=CYLINDRICAL_SURFACE('',#2638,1.5E0);
#2640=ORIENTED_EDGE('',*,*,#2629,.F.);
#2641=ORIENTED_EDGE('',*,*,#2603,.T.);
#2642=ORIENTED_EDGE('',*,*,#2132,.T.);
#2643=ORIENTED_EDGE('',*,*,#2600,.F.);
#2644=EDGE_LOOP('',(#2640,#2641,#2642,#2643));
#2645=FACE_OUTER_BOUND('',#2644,.F.);
#2646=ADVANCED_FACE('',(#2645),#2639,.F.);
#2647=CARTESIAN_POINT('',(1.5E0,8.E1,3.732050807569E1));
#2648=DIRECTION('',(1.E0,0.E0,0.E0));
#2649=DIRECTION('',(0.E0,1.E0,0.E0));
#2650=AXIS2_PLACEMENT_3D('',#2647,#2648,#2649);
#2651=CYLINDRICAL_SURFACE('',#2650,1.5E0);
#2653=ORIENTED_EDGE('',*,*,#2652,.F.);
#2655=ORIENTED_EDGE('',*,*,#2654,.T.);
#2656=ORIENTED_EDGE('',*,*,#2136,.T.);
#2658=ORIENTED_EDGE('',*,*,#2657,.F.);
#2659=EDGE_LOOP('',(#2653,#2655,#2656,#2658));
#2660=FACE_OUTER_BOUND('',#2659,.F.);
#2661=ADVANCED_FACE('',(#2660),#2651,.F.);
#2662=CARTESIAN_POINT('',(7.5E-1,8.E1,3.732050807569E1));
#2663=DIRECTION('',(1.E0,0.E0,0.E0));
#2664=DIRECTION('',(0.E0,0.E0,-1.E0));
#2665=AXIS2_PLACEMENT_3D('',#2662,#2663,#2664);
#2666=CONICAL_SURFACE('',#2665,2.25E0,4.5E1);
#2667=ORIENTED_EDGE('',*,*,#1927,.F.);
#2669=ORIENTED_EDGE('',*,*,#2668,.T.);
#2670=ORIENTED_EDGE('',*,*,#2652,.T.);
#2672=ORIENTED_EDGE('',*,*,#2671,.F.);
#2673=EDGE_LOOP('',(#2667,#2669,#2670,#2672));
#2674=FACE_OUTER_BOUND('',#2673,.F.);
#2675=ADVANCED_FACE('',(#2674),#2666,.F.);
#2676=CARTESIAN_POINT('',(7.5E-1,8.E1,3.732050807569E1));
#2677=DIRECTION('',(1.E0,0.E0,0.E0));
#2678=DIRECTION('',(0.E0,0.E0,-1.E0));
#2679=AXIS2_PLACEMENT_3D('',#2676,#2677,#2678);
#2680=CONICAL_SURFACE('',#2679,2.25E0,4.5E1);
#2681=ORIENTED_EDGE('',*,*,#1925,.F.);
#2682=ORIENTED_EDGE('',*,*,#2671,.T.);
#2684=ORIENTED_EDGE('',*,*,#2683,.T.);
#2685=ORIENTED_EDGE('',*,*,#2668,.F.);
#2686=EDGE_LOOP('',(#2681,#2682,#2684,#2685));
#2687=FACE_OUTER_BOUND('',#2686,.F.);
#2688=ADVANCED_FACE('',(#2687),#2680,.F.);
#2689=CARTESIAN_POINT('',(1.5E0,8.E1,3.732050807569E1));
#2690=DIRECTION('',(1.E0,0.E0,0.E0));
#2691=DIRECTION('',(0.E0,1.E0,0.E0));
#2692=AXIS2_PLACEMENT_3D('',#2689,#2690,#2691);
#2693=CYLINDRICAL_SURFACE('',#2692,1.5E0);
#2694=ORIENTED_EDGE('',*,*,#2683,.F.);
#2695=ORIENTED_EDGE('',*,*,#2657,.T.);
#2696=ORIENTED_EDGE('',*,*,#2138,.T.);
#2697=ORIENTED_EDGE('',*,*,#2654,.F.);
#2698=EDGE_LOOP('',(#2694,#2695,#2696,#2697));
#2699=FACE_OUTER_BOUND('',#2698,.F.);
#2700=ADVANCED_FACE('',(#2699),#2693,.F.);
#2701=CARTESIAN_POINT('',(1.5E0,4.4E1,0.E0));
#2702=DIRECTION('',(1.E0,0.E0,0.E0));
#2703=DIRECTION('',(0.E0,1.E0,0.E0));
#2704=AXIS2_PLACEMENT_3D('',#2701,#2702,#2703);
#2705=CYLINDRICAL_SURFACE('',#2704,1.9E1);
#2706=ORIENTED_EDGE('',*,*,#2142,.T.);
#2708=ORIENTED_EDGE('',*,*,#2707,.F.);
#2709=ORIENTED_EDGE('',*,*,#1877,.F.);
#2711=ORIENTED_EDGE('',*,*,#2710,.T.);
#2712=EDGE_LOOP('',(#2706,#2708,#2709,#2711));
#2713=FACE_OUTER_BOUND('',#2712,.F.);
#2714=ADVANCED_FACE('',(#2713),#2705,.F.);
#2715=CARTESIAN_POINT('',(1.5E0,4.4E1,0.E0));
#2716=DIRECTION('',(1.E0,0.E0,0.E0));
#2717=DIRECTION('',(0.E0,1.E0,0.E0));
#2718=AXIS2_PLACEMENT_3D('',#2715,#2716,#2717);
#2719=CYLINDRICAL_SURFACE('',#2718,1.9E1);
#2720=ORIENTED_EDGE('',*,*,#2144,.T.);
#2721=ORIENTED_EDGE('',*,*,#2710,.F.);
#2722=ORIENTED_EDGE('',*,*,#1879,.F.);
#2723=ORIENTED_EDGE('',*,*,#2707,.T.);
#2724=EDGE_LOOP('',(#2720,#2721,#2722,#2723));
#2725=FACE_OUTER_BOUND('',#2724,.F.);
#2726=ADVANCED_FACE('',(#2725),#2719,.F.);
#2727=CARTESIAN_POINT('',(1.5E0,5.65E1,2.165063509461E1));
#2728=DIRECTION('',(1.E0,0.E0,0.E0));
#2729=DIRECTION('',(0.E0,1.E0,0.E0));
#2730=AXIS2_PLACEMENT_3D('',#2727,#2728,#2729);
#2731=CYLINDRICAL_SURFACE('',#2730,1.5E0);
#2733=ORIENTED_EDGE('',*,*,#2732,.F.);
#2735=ORIENTED_EDGE('',*,*,#2734,.T.);
#2736=ORIENTED_EDGE('',*,*,#2148,.T.);
#2738=ORIENTED_EDGE('',*,*,#2737,.F.);
#2739=EDGE_LOOP('',(#2733,#2735,#2736,#2738));
#2740=FACE_OUTER_BOUND('',#2739,.F.);
#2741=ADVANCED_FACE('',(#2740),#2731,.F.);
#2742=CARTESIAN_POINT('',(7.5E-1,5.65E1,2.165063509461E1));
#2743=DIRECTION('',(1.E0,0.E0,0.E0));
#2744=DIRECTION('',(0.E0,0.E0,-1.E0));
#2745=AXIS2_PLACEMENT_3D('',#2742,#2743,#2744);
#2746=CONICAL_SURFACE('',#2745,2.25E0,4.5E1);
#2747=ORIENTED_EDGE('',*,*,#1801,.F.);
#2749=ORIENTED_EDGE('',*,*,#2748,.T.);
#2750=ORIENTED_EDGE('',*,*,#2732,.T.);
#2752=ORIENTED_EDGE('',*,*,#2751,.F.);
#2753=EDGE_LOOP('',(#2747,#2749,#2750,#2752));
#2754=FACE_OUTER_BOUND('',#2753,.F.);
#2755=ADVANCED_FACE('',(#2754),#2746,.F.);
#2756=CARTESIAN_POINT('',(7.5E-1,5.65E1,2.165063509461E1));
#2757=DIRECTION('',(1.E0,0.E0,0.E0));
#2758=DIRECTION('',(0.E0,0.E0,-1.E0));
#2759=AXIS2_PLACEMENT_3D('',#2756,#2757,#2758);
#2760=CONICAL_SURFACE('',#2759,2.25E0,4.5E1);
#2761=ORIENTED_EDGE('',*,*,#1799,.F.);
#2762=ORIENTED_EDGE('',*,*,#2751,.T.);
#2764=ORIENTED_EDGE('',*,*,#2763,.T.);
#2765=ORIENTED_EDGE('',*,*,#2748,.F.);
#2766=EDGE_LOOP('',(#2761,#2762,#2764,#2765));
#2767=FACE_OUTER_BOUND('',#2766,.F.);
#2768=ADVANCED_FACE('',(#2767),#2760,.F.);
#2769=CARTESIAN_POINT('',(1.5E0,5.65E1,2.165063509461E1));
#2770=DIRECTION('',(1.E0,0.E0,0.E0));
#2771=DIRECTION('',(0.E0,1.E0,0.E0));
#2772=AXIS2_PLACEMENT_3D('',#2769,#2770,#2771);
#2773=CYLINDRICAL_SURFACE('',#2772,1.5E0);
#2774=ORIENTED_EDGE('',*,*,#2763,.F.);
#2775=ORIENTED_EDGE('',*,*,#2737,.T.);
#2776=ORIENTED_EDGE('',*,*,#2150,.T.);
#2777=ORIENTED_EDGE('',*,*,#2734,.F.);
#2778=EDGE_LOOP('',(#2774,#2775,#2776,#2777));
#2779=FACE_OUTER_BOUND('',#2778,.F.);
#2780=ADVANCED_FACE('',(#2779),#2773,.F.);
#2781=CARTESIAN_POINT('',(1.5E0,6.9E1,0.E0));
#2782=DIRECTION('',(1.E0,0.E0,0.E0));
#2783=DIRECTION('',(0.E0,1.E0,0.E0));
#2784=AXIS2_PLACEMENT_3D('',#2781,#2782,#2783);
#2785=CYLINDRICAL_SURFACE('',#2784,1.5E0);
#2787=ORIENTED_EDGE('',*,*,#2786,.F.);
#2789=ORIENTED_EDGE('',*,*,#2788,.T.);
#2790=ORIENTED_EDGE('',*,*,#2154,.T.);
#2792=ORIENTED_EDGE('',*,*,#2791,.F.);
#2793=EDGE_LOOP('',(#2787,#2789,#2790,#2792));
#2794=FACE_OUTER_BOUND('',#2793,.F.);
#2795=ADVANCED_FACE('',(#2794),#2785,.F.);
#2796=CARTESIAN_POINT('',(7.5E-1,6.9E1,0.E0));
#2797=DIRECTION('',(1.E0,0.E0,0.E0));
#2798=DIRECTION('',(0.E0,0.E0,-1.E0));
#2799=AXIS2_PLACEMENT_3D('',#2796,#2797,#2798);
#2800=CONICAL_SURFACE('',#2799,2.25E0,4.5E1);
#2801=ORIENTED_EDGE('',*,*,#1915,.F.);
#2803=ORIENTED_EDGE('',*,*,#2802,.T.);
#2804=ORIENTED_EDGE('',*,*,#2786,.T.);
#2806=ORIENTED_EDGE('',*,*,#2805,.F.);
#2807=EDGE_LOOP('',(#2801,#2803,#2804,#2806));
#2808=FACE_OUTER_BOUND('',#2807,.F.);
#2809=ADVANCED_FACE('',(#2808),#2800,.F.);
#2810=CARTESIAN_POINT('',(7.5E-1,6.9E1,0.E0));
#2811=DIRECTION('',(1.E0,0.E0,0.E0));
#2812=DIRECTION('',(0.E0,0.E0,-1.E0));
#2813=AXIS2_PLACEMENT_3D('',#2810,#2811,#2812);
#2814=CONICAL_SURFACE('',#2813,2.25E0,4.5E1);
#2815=ORIENTED_EDGE('',*,*,#1913,.F.);
#2816=ORIENTED_EDGE('',*,*,#2805,.T.);
#2818=ORIENTED_EDGE('',*,*,#2817,.T.);
#2819=ORIENTED_EDGE('',*,*,#2802,.F.);
#2820=EDGE_LOOP('',(#2815,#2816,#2818,#2819));
#2821=FACE_OUTER_BOUND('',#2820,.F.);
#2822=ADVANCED_FACE('',(#2821),#2814,.F.);
#2823=CARTESIAN_POINT('',(1.5E0,6.9E1,0.E0));
#2824=DIRECTION('',(1.E0,0.E0,0.E0));
#2825=DIRECTION('',(0.E0,1.E0,0.E0));
#2826=AXIS2_PLACEMENT_3D('',#2823,#2824,#2825);
#2827=CYLINDRICAL_SURFACE('',#2826,1.5E0);
#2828=ORIENTED_EDGE('',*,*,#2817,.F.);
#2829=ORIENTED_EDGE('',*,*,#2791,.T.);
#2830=ORIENTED_EDGE('',*,*,#2156,.T.);
#2831=ORIENTED_EDGE('',*,*,#2788,.F.);
#2832=EDGE_LOOP('',(#2828,#2829,#2830,#2831));
#2833=FACE_OUTER_BOUND('',#2832,.F.);
#2834=ADVANCED_FACE('',(#2833),#2827,.F.);
#2835=CARTESIAN_POINT('',(1.5E0,5.65E1,-2.165063509461E1));
#2836=DIRECTION('',(1.E0,0.E0,0.E0));
#2837=DIRECTION('',(0.E0,1.E0,0.E0));
#2838=AXIS2_PLACEMENT_3D('',#2835,#2836,#2837);
#2839=CYLINDRICAL_SURFACE('',#2838,1.5E0);
#2841=ORIENTED_EDGE('',*,*,#2840,.F.);
#2843=ORIENTED_EDGE('',*,*,#2842,.T.);
#2844=ORIENTED_EDGE('',*,*,#2160,.T.);
#2846=ORIENTED_EDGE('',*,*,#2845,.F.);
#2847=EDGE_LOOP('',(#2841,#2843,#2844,#2846));
#2848=FACE_OUTER_BOUND('',#2847,.F.);
#2849=ADVANCED_FACE('',(#2848),#2839,.F.);
#2850=CARTESIAN_POINT('',(7.5E-1,5.65E1,-2.165063509461E1));
#2851=DIRECTION('',(1.E0,0.E0,0.E0));
#2852=DIRECTION('',(0.E0,0.E0,-1.E0));
#2853=AXIS2_PLACEMENT_3D('',#2850,#2851,#2852);
#2854=CONICAL_SURFACE('',#2853,2.25E0,4.5E1);
#2855=ORIENTED_EDGE('',*,*,#1837,.F.);
#2857=ORIENTED_EDGE('',*,*,#2856,.T.);
#2858=ORIENTED_EDGE('',*,*,#2840,.T.);
#2860=ORIENTED_EDGE('',*,*,#2859,.F.);
#2861=EDGE_LOOP('',(#2855,#2857,#2858,#2860));
#2862=FACE_OUTER_BOUND('',#2861,.F.);
#2863=ADVANCED_FACE('',(#2862),#2854,.F.);
#2864=CARTESIAN_POINT('',(7.5E-1,5.65E1,-2.165063509461E1));
#2865=DIRECTION('',(1.E0,0.E0,0.E0));
#2866=DIRECTION('',(0.E0,0.E0,-1.E0));
#2867=AXIS2_PLACEMENT_3D('',#2864,#2865,#2866);
#2868=CONICAL_SURFACE('',#2867,2.25E0,4.5E1);
#2869=ORIENTED_EDGE('',*,*,#1835,.F.);
#2870=ORIENTED_EDGE('',*,*,#2859,.T.);
#2872=ORIENTED_EDGE('',*,*,#2871,.T.);
#2873=ORIENTED_EDGE('',*,*,#2856,.F.);
#2874=EDGE_LOOP('',(#2869,#2870,#2872,#2873));
#2875=FACE_OUTER_BOUND('',#2874,.F.);
#2876=ADVANCED_FACE('',(#2875),#2868,.F.);
#2877=CARTESIAN_POINT('',(1.5E0,5.65E1,-2.165063509461E1));
#2878=DIRECTION('',(1.E0,0.E0,0.E0));
#2879=DIRECTION('',(0.E0,1.E0,0.E0));
#2880=AXIS2_PLACEMENT_3D('',#2877,#2878,#2879);
#2881=CYLINDRICAL_SURFACE('',#2880,1.5E0);
#2882=ORIENTED_EDGE('',*,*,#2871,.F.);
#2883=ORIENTED_EDGE('',*,*,#2845,.T.);
#2884=ORIENTED_EDGE('',*,*,#2162,.T.);
#2885=ORIENTED_EDGE('',*,*,#2842,.F.);
#2886=EDGE_LOOP('',(#2882,#2883,#2884,#2885));
#2887=FACE_OUTER_BOUND('',#2886,.F.);
#2888=ADVANCED_FACE('',(#2887),#2881,.F.);
#2889=CARTESIAN_POINT('',(1.5E0,3.15E1,2.165063509461E1));
#2890=DIRECTION('',(1.E0,0.E0,0.E0));
#2891=DIRECTION('',(0.E0,1.E0,0.E0));
#2892=AXIS2_PLACEMENT_3D('',#2889,#2890,#2891);
#2893=CYLINDRICAL_SURFACE('',#2892,1.5E0);
#2895=ORIENTED_EDGE('',*,*,#2894,.F.);
#2897=ORIENTED_EDGE('',*,*,#2896,.T.);
#2898=ORIENTED_EDGE('',*,*,#2166,.T.);
#2900=ORIENTED_EDGE('',*,*,#2899,.F.);
#2901=EDGE_LOOP('',(#2895,#2897,#2898,#2900));
#2902=FACE_OUTER_BOUND('',#2901,.F.);
#2903=ADVANCED_FACE('',(#2902),#2893,.F.);
#2904=CARTESIAN_POINT('',(7.5E-1,3.15E1,2.165063509461E1));
#2905=DIRECTION('',(1.E0,0.E0,0.E0));
#2906=DIRECTION('',(0.E0,0.E0,-1.E0));
#2907=AXIS2_PLACEMENT_3D('',#2904,#2905,#2906);
#2908=CONICAL_SURFACE('',#2907,2.25E0,4.5E1);
#2909=ORIENTED_EDGE('',*,*,#1843,.F.);
#2911=ORIENTED_EDGE('',*,*,#2910,.T.);
#2912=ORIENTED_EDGE('',*,*,#2894,.T.);
#2914=ORIENTED_EDGE('',*,*,#2913,.F.);
#2915=EDGE_LOOP('',(#2909,#2911,#2912,#2914));
#2916=FACE_OUTER_BOUND('',#2915,.F.);
#2917=ADVANCED_FACE('',(#2916),#2908,.F.);
#2918=CARTESIAN_POINT('',(7.5E-1,3.15E1,2.165063509461E1));
#2919=DIRECTION('',(1.E0,0.E0,0.E0));
#2920=DIRECTION('',(0.E0,0.E0,-1.E0));
#2921=AXIS2_PLACEMENT_3D('',#2918,#2919,#2920);
#2922=CONICAL_SURFACE('',#2921,2.25E0,4.5E1);
#2923=ORIENTED_EDGE('',*,*,#1841,.F.);
#2924=ORIENTED_EDGE('',*,*,#2913,.T.);
#2926=ORIENTED_EDGE('',*,*,#2925,.T.);
#2927=ORIENTED_EDGE('',*,*,#2910,.F.);
#2928=EDGE_LOOP('',(#2923,#2924,#2926,#2927));
#2929=FACE_OUTER_BOUND('',#2928,.F.);
#2930=ADVANCED_FACE('',(#2929),#2922,.F.);
#2931=CARTESIAN_POINT('',(1.5E0,3.15E1,2.165063509461E1));
#2932=DIRECTION('',(1.E0,0.E0,0.E0));
#2933=DIRECTION('',(0.E0,1.E0,0.E0));
#2934=AXIS2_PLACEMENT_3D('',#2931,#2932,#2933);
#2935=CYLINDRICAL_SURFACE('',#2934,1.5E0);
#2936=ORIENTED_EDGE('',*,*,#2925,.F.);
#2937=ORIENTED_EDGE('',*,*,#2899,.T.);
#2938=ORIENTED_EDGE('',*,*,#2168,.T.);
#2939=ORIENTED_EDGE('',*,*,#2896,.F.);
#2940=EDGE_LOOP('',(#2936,#2937,#2938,#2939));
#2941=FACE_OUTER_BOUND('',#2940,.F.);
#2942=ADVANCED_FACE('',(#2941),#2935,.F.);
#2943=CARTESIAN_POINT('',(1.5E0,1.9E1,0.E0));
#2944=DIRECTION('',(1.E0,0.E0,0.E0));
#2945=DIRECTION('',(0.E0,1.E0,0.E0));
#2946=AXIS2_PLACEMENT_3D('',#2943,#2944,#2945);
#2947=CYLINDRICAL_SURFACE('',#2946,1.5E0);
#2949=ORIENTED_EDGE('',*,*,#2948,.F.);
#2951=ORIENTED_EDGE('',*,*,#2950,.T.);
#2952=ORIENTED_EDGE('',*,*,#2172,.T.);
#2954=ORIENTED_EDGE('',*,*,#2953,.F.);
#2955=EDGE_LOOP('',(#2949,#2951,#2952,#2954));
#2956=FACE_OUTER_BOUND('',#2955,.F.);
#2957=ADVANCED_FACE('',(#2956),#2947,.F.);
#2958=CARTESIAN_POINT('',(7.5E-1,1.9E1,0.E0));
#2959=DIRECTION('',(1.E0,0.E0,0.E0));
#2960=DIRECTION('',(0.E0,0.E0,-1.E0));
#2961=AXIS2_PLACEMENT_3D('',#2958,#2959,#2960);
#2962=CONICAL_SURFACE('',#2961,2.25E0,4.5E1);
#2963=ORIENTED_EDGE('',*,*,#1849,.F.);
#2965=ORIENTED_EDGE('',*,*,#2964,.T.);
#2966=ORIENTED_EDGE('',*,*,#2948,.T.);
#2968=ORIENTED_EDGE('',*,*,#2967,.F.);
#2969=EDGE_LOOP('',(#2963,#2965,#2966,#2968));
#2970=FACE_OUTER_BOUND('',#2969,.F.);
#2971=ADVANCED_FACE('',(#2970),#2962,.F.);
#2972=CARTESIAN_POINT('',(7.5E-1,1.9E1,0.E0));
#2973=DIRECTION('',(1.E0,0.E0,0.E0));
#2974=DIRECTION('',(0.E0,0.E0,-1.E0));
#2975=AXIS2_PLACEMENT_3D('',#2972,#2973,#2974);
#2976=CONICAL_SURFACE('',#2975,2.25E0,4.5E1);
#2977=ORIENTED_EDGE('',*,*,#1847,.F.);
#2978=ORIENTED_EDGE('',*,*,#2967,.T.);
#2980=ORIENTED_EDGE('',*,*,#2979,.T.);
#2981=ORIENTED_EDGE('',*,*,#2964,.F.);
#2982=EDGE_LOOP('',(#2977,#2978,#2980,#2981));
#2983=FACE_OUTER_BOUND('',#2982,.F.);
#2984=ADVANCED_FACE('',(#2983),#2976,.F.);
#2985=CARTESIAN_POINT('',(1.5E0,1.9E1,0.E0));
#2986=DIRECTION('',(1.E0,0.E0,0.E0));
#2987=DIRECTION('',(0.E0,1.E0,0.E0));
#2988=AXIS2_PLACEMENT_3D('',#2985,#2986,#2987);
#2989=CYLINDRICAL_SURFACE('',#2988,1.5E0);
#2990=ORIENTED_EDGE('',*,*,#2979,.F.);
#2991=ORIENTED_EDGE('',*,*,#2953,.T.);
#2992=ORIENTED_EDGE('',*,*,#2174,.T.);
#2993=ORIENTED_EDGE('',*,*,#2950,.F.);
#2994=EDGE_LOOP('',(#2990,#2991,#2992,#2993));
#2995=FACE_OUTER_BOUND('',#2994,.F.);
#2996=ADVANCED_FACE('',(#2995),#2989,.F.);
#2997=CARTESIAN_POINT('',(1.5E0,3.15E1,-2.165063509461E1));
#2998=DIRECTION('',(1.E0,0.E0,0.E0));
#2999=DIRECTION('',(0.E0,1.E0,0.E0));
#3000=AXIS2_PLACEMENT_3D('',#2997,#2998,#2999);
#3001=CYLINDRICAL_SURFACE('',#3000,1.5E0);
#3003=ORIENTED_EDGE('',*,*,#3002,.F.);
#3005=ORIENTED_EDGE('',*,*,#3004,.T.);
#3006=ORIENTED_EDGE('',*,*,#2178,.T.);
#3008=ORIENTED_EDGE('',*,*,#3007,.F.);
#3009=EDGE_LOOP('',(#3003,#3005,#3006,#3008));
#3010=FACE_OUTER_BOUND('',#3009,.F.);
#3011=ADVANCED_FACE('',(#3010),#3001,.F.);
#3012=CARTESIAN_POINT('',(7.5E-1,3.15E1,-2.165063509461E1));
#3013=DIRECTION('',(1.E0,0.E0,0.E0));
#3014=DIRECTION('',(0.E0,0.E0,-1.E0));
#3015=AXIS2_PLACEMENT_3D('',#3012,#3013,#3014);
#3016=CONICAL_SURFACE('',#3015,2.25E0,4.5E1);
#3017=ORIENTED_EDGE('',*,*,#1909,.F.);
#3019=ORIENTED_EDGE('',*,*,#3018,.T.);
#3020=ORIENTED_EDGE('',*,*,#3002,.T.);
#3022=ORIENTED_EDGE('',*,*,#3021,.F.);
#3023=EDGE_LOOP('',(#3017,#3019,#3020,#3022));
#3024=FACE_OUTER_BOUND('',#3023,.F.);
#3025=ADVANCED_FACE('',(#3024),#3016,.F.);
#3026=CARTESIAN_POINT('',(7.5E-1,3.15E1,-2.165063509461E1));
#3027=DIRECTION('',(1.E0,0.E0,0.E0));
#3028=DIRECTION('',(0.E0,0.E0,-1.E0));
#3029=AXIS2_PLACEMENT_3D('',#3026,#3027,#3028);
#3030=CONICAL_SURFACE('',#3029,2.25E0,4.5E1);
#3031=ORIENTED_EDGE('',*,*,#1907,.F.);
#3032=ORIENTED_EDGE('',*,*,#3021,.T.);
#3034=ORIENTED_EDGE('',*,*,#3033,.T.);
#3035=ORIENTED_EDGE('',*,*,#3018,.F.);
#3036=EDGE_LOOP('',(#3031,#3032,#3034,#3035));
#3037=FACE_OUTER_BOUND('',#3036,.F.);
#3038=ADVANCED_FACE('',(#3037),#3030,.F.);
#3039=CARTESIAN_POINT('',(1.5E0,3.15E1,-2.165063509461E1));
#3040=DIRECTION('',(1.E0,0.E0,0.E0));
#3041=DIRECTION('',(0.E0,1.E0,0.E0));
#3042=AXIS2_PLACEMENT_3D('',#3039,#3040,#3041);
#3043=CYLINDRICAL_SURFACE('',#3042,1.5E0);
#3044=ORIENTED_EDGE('',*,*,#3033,.F.);
#3045=ORIENTED_EDGE('',*,*,#3007,.T.);
#3046=ORIENTED_EDGE('',*,*,#2180,.T.);
#3047=ORIENTED_EDGE('',*,*,#3004,.F.);
#3048=EDGE_LOOP('',(#3044,#3045,#3046,#3047));
#3049=FACE_OUTER_BOUND('',#3048,.F.);
#3050=ADVANCED_FACE('',(#3049),#3043,.F.);
#3051=CARTESIAN_POINT('',(1.5E0,-4.4E1,0.E0));
#3052=DIRECTION('',(1.E0,0.E0,0.E0));
#3053=DIRECTION('',(0.E0,1.E0,0.E0));
#3054=AXIS2_PLACEMENT_3D('',#3051,#3052,#3053);
#3055=CYLINDRICAL_SURFACE('',#3054,1.9E1);
#3056=ORIENTED_EDGE('',*,*,#2184,.T.);
#3058=ORIENTED_EDGE('',*,*,#3057,.F.);
#3059=ORIENTED_EDGE('',*,*,#1883,.F.);
#3061=ORIENTED_EDGE('',*,*,#3060,.T.);
#3062=EDGE_LOOP('',(#3056,#3058,#3059,#3061));
#3063=FACE_OUTER_BOUND('',#3062,.F.);
#3064=ADVANCED_FACE('',(#3063),#3055,.F.);
#3065=CARTESIAN_POINT('',(1.5E0,-4.4E1,0.E0));
#3066=DIRECTION('',(1.E0,0.E0,0.E0));
#3067=DIRECTION('',(0.E0,1.E0,0.E0));
#3068=AXIS2_PLACEMENT_3D('',#3065,#3066,#3067);
#3069=CYLINDRICAL_SURFACE('',#3068,1.9E1);
#3070=ORIENTED_EDGE('',*,*,#2186,.T.);
#3071=ORIENTED_EDGE('',*,*,#3060,.F.);
#3072=ORIENTED_EDGE('',*,*,#1885,.F.);
#3073=ORIENTED_EDGE('',*,*,#3057,.T.);
#3074=EDGE_LOOP('',(#3070,#3071,#3072,#3073));
#3075=FACE_OUTER_BOUND('',#3074,.F.);
#3076=ADVANCED_FACE('',(#3075),#3069,.F.);
#3077=CARTESIAN_POINT('',(1.5E0,-5.65E1,2.165063509461E1));
#3078=DIRECTION('',(1.E0,0.E0,0.E0));
#3079=DIRECTION('',(0.E0,1.E0,0.E0));
#3080=AXIS2_PLACEMENT_3D('',#3077,#3078,#3079);
#3081=CYLINDRICAL_SURFACE('',#3080,1.5E0);
#3083=ORIENTED_EDGE('',*,*,#3082,.F.);
#3085=ORIENTED_EDGE('',*,*,#3084,.T.);
#3086=ORIENTED_EDGE('',*,*,#2190,.T.);
#3088=ORIENTED_EDGE('',*,*,#3087,.F.);
#3089=EDGE_LOOP('',(#3083,#3085,#3086,#3088));
#3090=FACE_OUTER_BOUND('',#3089,.F.);
#3091=ADVANCED_FACE('',(#3090),#3081,.F.);
#3092=CARTESIAN_POINT('',(7.5E-1,-5.65E1,2.165063509461E1));
#3093=DIRECTION('',(1.E0,0.E0,0.E0));
#3094=DIRECTION('',(0.E0,0.E0,-1.E0));
#3095=AXIS2_PLACEMENT_3D('',#3092,#3093,#3094);
#3096=CONICAL_SURFACE('',#3095,2.25E0,4.5E1);
#3097=ORIENTED_EDGE('',*,*,#1951,.F.);
#3099=ORIENTED_EDGE('',*,*,#3098,.T.);
#3100=ORIENTED_EDGE('',*,*,#3082,.T.);
#3102=ORIENTED_EDGE('',*,*,#3101,.F.);
#3103=EDGE_LOOP('',(#3097,#3099,#3100,#3102));
#3104=FACE_OUTER_BOUND('',#3103,.F.);
#3105=ADVANCED_FACE('',(#3104),#3096,.F.);
#3106=CARTESIAN_POINT('',(7.5E-1,-5.65E1,2.165063509461E1));
#3107=DIRECTION('',(1.E0,0.E0,0.E0));
#3108=DIRECTION('',(0.E0,0.E0,-1.E0));
#3109=AXIS2_PLACEMENT_3D('',#3106,#3107,#3108);
#3110=CONICAL_SURFACE('',#3109,2.25E0,4.5E1);
#3111=ORIENTED_EDGE('',*,*,#1949,.F.);
#3112=ORIENTED_EDGE('',*,*,#3101,.T.);
#3114=ORIENTED_EDGE('',*,*,#3113,.T.);
#3115=ORIENTED_EDGE('',*,*,#3098,.F.);
#3116=EDGE_LOOP('',(#3111,#3112,#3114,#3115));
#3117=FACE_OUTER_BOUND('',#3116,.F.);
#3118=ADVANCED_FACE('',(#3117),#3110,.F.);
#3119=CARTESIAN_POINT('',(1.5E0,-5.65E1,2.165063509461E1));
#3120=DIRECTION('',(1.E0,0.E0,0.E0));
#3121=DIRECTION('',(0.E0,1.E0,0.E0));
#3122=AXIS2_PLACEMENT_3D('',#3119,#3120,#3121);
#3123=CYLINDRICAL_SURFACE('',#3122,1.5E0);
#3124=ORIENTED_EDGE('',*,*,#3113,.F.);
#3125=ORIENTED_EDGE('',*,*,#3087,.T.);
#3126=ORIENTED_EDGE('',*,*,#2192,.T.);
#3127=ORIENTED_EDGE('',*,*,#3084,.F.);
#3128=EDGE_LOOP('',(#3124,#3125,#3126,#3127));
#3129=FACE_OUTER_BOUND('',#3128,.F.);
#3130=ADVANCED_FACE('',(#3129),#3123,.F.);
#3131=CARTESIAN_POINT('',(1.5E0,-6.9E1,0.E0));
#3132=DIRECTION('',(1.E0,0.E0,0.E0));
#3133=DIRECTION('',(0.E0,1.E0,0.E0));
#3134=AXIS2_PLACEMENT_3D('',#3131,#3132,#3133);
#3135=CYLINDRICAL_SURFACE('',#3134,1.5E0);
#3137=ORIENTED_EDGE('',*,*,#3136,.F.);
#3139=ORIENTED_EDGE('',*,*,#3138,.T.);
#3140=ORIENTED_EDGE('',*,*,#2196,.T.);
#3142=ORIENTED_EDGE('',*,*,#3141,.F.);
#3143=EDGE_LOOP('',(#3137,#3139,#3140,#3142));
#3144=FACE_OUTER_BOUND('',#3143,.F.);
#3145=ADVANCED_FACE('',(#3144),#3135,.F.);
#3146=CARTESIAN_POINT('',(7.5E-1,-6.9E1,0.E0));
#3147=DIRECTION('',(1.E0,0.E0,0.E0));
#3148=DIRECTION('',(0.E0,0.E0,-1.E0));
#3149=AXIS2_PLACEMENT_3D('',#3146,#3147,#3148);
#3150=CONICAL_SURFACE('',#3149,2.25E0,4.5E1);
#3151=ORIENTED_EDGE('',*,*,#1867,.F.);
#3153=ORIENTED_EDGE('',*,*,#3152,.T.);
#3154=ORIENTED_EDGE('',*,*,#3136,.T.);
#3156=ORIENTED_EDGE('',*,*,#3155,.F.);
#3157=EDGE_LOOP('',(#3151,#3153,#3154,#3156));
#3158=FACE_OUTER_BOUND('',#3157,.F.);
#3159=ADVANCED_FACE('',(#3158),#3150,.F.);
#3160=CARTESIAN_POINT('',(7.5E-1,-6.9E1,0.E0));
#3161=DIRECTION('',(1.E0,0.E0,0.E0));
#3162=DIRECTION('',(0.E0,0.E0,-1.E0));
#3163=AXIS2_PLACEMENT_3D('',#3160,#3161,#3162);
#3164=CONICAL_SURFACE('',#3163,2.25E0,4.5E1);
#3165=ORIENTED_EDGE('',*,*,#1865,.F.);
#3166=ORIENTED_EDGE('',*,*,#3155,.T.);
#3168=ORIENTED_EDGE('',*,*,#3167,.T.);
#3169=ORIENTED_EDGE('',*,*,#3152,.F.);
#3170=EDGE_LOOP('',(#3165,#3166,#3168,#3169));
#3171=FACE_OUTER_BOUND('',#3170,.F.);
#3172=ADVANCED_FACE('',(#3171),#3164,.F.);
#3173=CARTESIAN_POINT('',(1.5E0,-6.9E1,0.E0));
#3174=DIRECTION('',(1.E0,0.E0,0.E0));
#3175=DIRECTION('',(0.E0,1.E0,0.E0));
#3176=AXIS2_PLACEMENT_3D('',#3173,#3174,#3175);
#3177=CYLINDRICAL_SURFACE('',#3176,1.5E0);
#3178=ORIENTED_EDGE('',*,*,#3167,.F.);
#3179=ORIENTED_EDGE('',*,*,#3141,.T.);
#3180=ORIENTED_EDGE('',*,*,#2198,.T.);
#3181=ORIENTED_EDGE('',*,*,#3138,.F.);
#3182=EDGE_LOOP('',(#3178,#3179,#3180,#3181));
#3183=FACE_OUTER_BOUND('',#3182,.F.);
#3184=ADVANCED_FACE('',(#3183),#3177,.F.);
#3185=CARTESIAN_POINT('',(1.5E0,-5.65E1,-2.165063509461E1));
#3186=DIRECTION('',(1.E0,0.E0,0.E0));
#3187=DIRECTION('',(0.E0,1.E0,0.E0));
#3188=AXIS2_PLACEMENT_3D('',#3185,#3186,#3187);
#3189=CYLINDRICAL_SURFACE('',#3188,1.5E0);
#3191=ORIENTED_EDGE('',*,*,#3190,.F.);
#3193=ORIENTED_EDGE('',*,*,#3192,.T.);
#3194=ORIENTED_EDGE('',*,*,#2202,.T.);
#3196=ORIENTED_EDGE('',*,*,#3195,.F.);
#3197=EDGE_LOOP('',(#3191,#3193,#3194,#3196));
#3198=FACE_OUTER_BOUND('',#3197,.F.);
#3199=ADVANCED_FACE('',(#3198),#3189,.F.);
#3200=CARTESIAN_POINT('',(7.5E-1,-5.65E1,-2.165063509461E1));
#3201=DIRECTION('',(1.E0,0.E0,0.E0));
#3202=DIRECTION('',(0.E0,0.E0,-1.E0));
#3203=AXIS2_PLACEMENT_3D('',#3200,#3201,#3202);
#3204=CONICAL_SURFACE('',#3203,2.25E0,4.5E1);
#3205=ORIENTED_EDGE('',*,*,#1891,.F.);
#3207=ORIENTED_EDGE('',*,*,#3206,.T.);
#3208=ORIENTED_EDGE('',*,*,#3190,.T.);
#3210=ORIENTED_EDGE('',*,*,#3209,.F.);
#3211=EDGE_LOOP('',(#3205,#3207,#3208,#3210));
#3212=FACE_OUTER_BOUND('',#3211,.F.);
#3213=ADVANCED_FACE('',(#3212),#3204,.F.);
#3214=CARTESIAN_POINT('',(7.5E-1,-5.65E1,-2.165063509461E1));
#3215=DIRECTION('',(1.E0,0.E0,0.E0));
#3216=DIRECTION('',(0.E0,0.E0,-1.E0));
#3217=AXIS2_PLACEMENT_3D('',#3214,#3215,#3216);
#3218=CONICAL_SURFACE('',#3217,2.25E0,4.5E1);
#3219=ORIENTED_EDGE('',*,*,#1889,.F.);
#3220=ORIENTED_EDGE('',*,*,#3209,.T.);
#3222=ORIENTED_EDGE('',*,*,#3221,.T.);
#3223=ORIENTED_EDGE('',*,*,#3206,.F.);
#3224=EDGE_LOOP('',(#3219,#3220,#3222,#3223));
#3225=FACE_OUTER_BOUND('',#3224,.F.);
#3226=ADVANCED_FACE('',(#3225),#3218,.F.);
#3227=CARTESIAN_POINT('',(1.5E0,-5.65E1,-2.165063509461E1));
#3228=DIRECTION('',(1.E0,0.E0,0.E0));
#3229=DIRECTION('',(0.E0,1.E0,0.E0));
#3230=AXIS2_PLACEMENT_3D('',#3227,#3228,#3229);
#3231=CYLINDRICAL_SURFACE('',#3230,1.5E0);
#3232=ORIENTED_EDGE('',*,*,#3221,.F.);
#3233=ORIENTED_EDGE('',*,*,#3195,.T.);
#3234=ORIENTED_EDGE('',*,*,#2204,.T.);
#3235=ORIENTED_EDGE('',*,*,#3192,.F.);
#3236=EDGE_LOOP('',(#3232,#3233,#3234,#3235));
#3237=FACE_OUTER_BOUND('',#3236,.F.);
#3238=ADVANCED_FACE('',(#3237),#3231,.F.);
#3239=CARTESIAN_POINT('',(1.5E0,-3.15E1,2.165063509461E1));
#3240=DIRECTION('',(1.E0,0.E0,0.E0));
#3241=DIRECTION('',(0.E0,1.E0,0.E0));
#3242=AXIS2_PLACEMENT_3D('',#3239,#3240,#3241);
#3243=CYLINDRICAL_SURFACE('',#3242,1.5E0);
#3245=ORIENTED_EDGE('',*,*,#3244,.F.);
#3247=ORIENTED_EDGE('',*,*,#3246,.T.);
#3248=ORIENTED_EDGE('',*,*,#2208,.T.);
#3250=ORIENTED_EDGE('',*,*,#3249,.F.);
#3251=EDGE_LOOP('',(#3245,#3247,#3248,#3250));
#3252=FACE_OUTER_BOUND('',#3251,.F.);
#3253=ADVANCED_FACE('',(#3252),#3243,.F.);
#3254=CARTESIAN_POINT('',(7.5E-1,-3.15E1,2.165063509461E1));
#3255=DIRECTION('',(1.E0,0.E0,0.E0));
#3256=DIRECTION('',(0.E0,0.E0,-1.E0));
#3257=AXIS2_PLACEMENT_3D('',#3254,#3255,#3256);
#3258=CONICAL_SURFACE('',#3257,2.25E0,4.5E1);
#3259=ORIENTED_EDGE('',*,*,#1956,.F.);
#3260=ORIENTED_EDGE('',*,*,#1765,.T.);
#3261=ORIENTED_EDGE('',*,*,#3244,.T.);
#3262=ORIENTED_EDGE('',*,*,#1761,.F.);
#3263=EDGE_LOOP('',(#3259,#3260,#3261,#3262));
#3264=FACE_OUTER_BOUND('',#3263,.F.);
#3265=ADVANCED_FACE('',(#3264),#3258,.F.);
#3266=CARTESIAN_POINT('',(1.5E0,-3.15E1,2.165063509461E1));
#3267=DIRECTION('',(1.E0,0.E0,0.E0));
#3268=DIRECTION('',(0.E0,1.E0,0.E0));
#3269=AXIS2_PLACEMENT_3D('',#3266,#3267,#3268);
#3270=CYLINDRICAL_SURFACE('',#3269,1.5E0);
#3271=ORIENTED_EDGE('',*,*,#1763,.F.);
#3272=ORIENTED_EDGE('',*,*,#3249,.T.);
#3273=ORIENTED_EDGE('',*,*,#2210,.T.);
#3274=ORIENTED_EDGE('',*,*,#3246,.F.);
#3275=EDGE_LOOP('',(#3271,#3272,#3273,#3274));
#3276=FACE_OUTER_BOUND('',#3275,.F.);
#3277=ADVANCED_FACE('',(#3276),#3270,.F.);
#3278=CARTESIAN_POINT('',(1.5E0,-1.9E1,0.E0));
#3279=DIRECTION('',(1.E0,0.E0,0.E0));
#3280=DIRECTION('',(0.E0,1.E0,0.E0));
#3281=AXIS2_PLACEMENT_3D('',#3278,#3279,#3280);
#3282=CYLINDRICAL_SURFACE('',#3281,1.5E0);
#3284=ORIENTED_EDGE('',*,*,#3283,.F.);
#3286=ORIENTED_EDGE('',*,*,#3285,.T.);
#3287=ORIENTED_EDGE('',*,*,#2214,.T.);
#3289=ORIENTED_EDGE('',*,*,#3288,.F.);
#3290=EDGE_LOOP('',(#3284,#3286,#3287,#3289));
#3291=FACE_OUTER_BOUND('',#3290,.F.);
#3292=ADVANCED_FACE('',(#3291),#3282,.F.);
#3293=CARTESIAN_POINT('',(7.5E-1,-1.9E1,0.E0));
#3294=DIRECTION('',(1.E0,0.E0,0.E0));
#3295=DIRECTION('',(0.E0,0.E0,-1.E0));
#3296=AXIS2_PLACEMENT_3D('',#3293,#3294,#3295);
#3297=CONICAL_SURFACE('',#3296,2.25E0,4.5E1);
#3298=ORIENTED_EDGE('',*,*,#1795,.F.);
#3300=ORIENTED_EDGE('',*,*,#3299,.T.);
#3301=ORIENTED_EDGE('',*,*,#3283,.T.);
#3303=ORIENTED_EDGE('',*,*,#3302,.F.);
#3304=EDGE_LOOP('',(#3298,#3300,#3301,#3303));
#3305=FACE_OUTER_BOUND('',#3304,.F.);
#3306=ADVANCED_FACE('',(#3305),#3297,.F.);
#3307=CARTESIAN_POINT('',(7.5E-1,-1.9E1,0.E0));
#3308=DIRECTION('',(1.E0,0.E0,0.E0));
#3309=DIRECTION('',(0.E0,0.E0,-1.E0));
#3310=AXIS2_PLACEMENT_3D('',#3307,#3308,#3309);
#3311=CONICAL_SURFACE('',#3310,2.25E0,4.5E1);
#3312=ORIENTED_EDGE('',*,*,#1793,.F.);
#3313=ORIENTED_EDGE('',*,*,#3302,.T.);
#3315=ORIENTED_EDGE('',*,*,#3314,.T.);
#3316=ORIENTED_EDGE('',*,*,#3299,.F.);
#3317=EDGE_LOOP('',(#3312,#3313,#3315,#3316));
#3318=FACE_OUTER_BOUND('',#3317,.F.);
#3319=ADVANCED_FACE('',(#3318),#3311,.F.);
#3320=CARTESIAN_POINT('',(1.5E0,-1.9E1,0.E0));
#3321=DIRECTION('',(1.E0,0.E0,0.E0));
#3322=DIRECTION('',(0.E0,1.E0,0.E0));
#3323=AXIS2_PLACEMENT_3D('',#3320,#3321,#3322);
#3324=CYLINDRICAL_SURFACE('',#3323,1.5E0);
#3325=ORIENTED_EDGE('',*,*,#3314,.F.);
#3326=ORIENTED_EDGE('',*,*,#3288,.T.);
#3327=ORIENTED_EDGE('',*,*,#2216,.T.);
#3328=ORIENTED_EDGE('',*,*,#3285,.F.);
#3329=EDGE_LOOP('',(#3325,#3326,#3327,#3328));
#3330=FACE_OUTER_BOUND('',#3329,.F.);
#3331=ADVANCED_FACE('',(#3330),#3324,.F.);
#3332=CARTESIAN_POINT('',(1.5E0,-3.15E1,-2.165063509461E1));
#3333=DIRECTION('',(1.E0,0.E0,0.E0));
#3334=DIRECTION('',(0.E0,1.E0,0.E0));
#3335=AXIS2_PLACEMENT_3D('',#3332,#3333,#3334);
#3336=CYLINDRICAL_SURFACE('',#3335,1.5E0);
#3338=ORIENTED_EDGE('',*,*,#3337,.F.);
#3340=ORIENTED_EDGE('',*,*,#3339,.T.);
#3341=ORIENTED_EDGE('',*,*,#2220,.T.);
#3343=ORIENTED_EDGE('',*,*,#3342,.F.);
#3344=EDGE_LOOP('',(#3338,#3340,#3341,#3343));
#3345=FACE_OUTER_BOUND('',#3344,.F.);
#3346=ADVANCED_FACE('',(#3345),#3336,.F.);
#3347=CARTESIAN_POINT('',(7.5E-1,-3.15E1,-2.165063509461E1));
#3348=DIRECTION('',(1.E0,0.E0,0.E0));
#3349=DIRECTION('',(0.E0,0.E0,-1.E0));
#3350=AXIS2_PLACEMENT_3D('',#3347,#3348,#3349);
#3351=CONICAL_SURFACE('',#3350,2.25E0,4.5E1);
#3352=ORIENTED_EDGE('',*,*,#1861,.F.);
#3354=ORIENTED_EDGE('',*,*,#3353,.T.);
#3355=ORIENTED_EDGE('',*,*,#3337,.T.);
#3357=ORIENTED_EDGE('',*,*,#3356,.F.);
#3358=EDGE_LOOP('',(#3352,#3354,#3355,#3357));
#3359=FACE_OUTER_BOUND('',#3358,.F.);
#3360=ADVANCED_FACE('',(#3359),#3351,.F.);
#3361=CARTESIAN_POINT('',(7.5E-1,-3.15E1,-2.165063509461E1));
#3362=DIRECTION('',(1.E0,0.E0,0.E0));
#3363=DIRECTION('',(0.E0,0.E0,-1.E0));
#3364=AXIS2_PLACEMENT_3D('',#3361,#3362,#3363);
#3365=CONICAL_SURFACE('',#3364,2.25E0,4.5E1);
#3366=ORIENTED_EDGE('',*,*,#1859,.F.);
#3367=ORIENTED_EDGE('',*,*,#3356,.T.);
#3369=ORIENTED_EDGE('',*,*,#3368,.T.);
#3370=ORIENTED_EDGE('',*,*,#3353,.F.);
#3371=EDGE_LOOP('',(#3366,#3367,#3369,#3370));
#3372=FACE_OUTER_BOUND('',#3371,.F.);
#3373=ADVANCED_FACE('',(#3372),#3365,.F.);
#3374=CARTESIAN_POINT('',(1.5E0,-3.15E1,-2.165063509461E1));
#3375=DIRECTION('',(1.E0,0.E0,0.E0));
#3376=DIRECTION('',(0.E0,1.E0,0.E0));
#3377=AXIS2_PLACEMENT_3D('',#3374,#3375,#3376);
#3378=CYLINDRICAL_SURFACE('',#3377,1.5E0);
#3379=ORIENTED_EDGE('',*,*,#3368,.F.);
#3380=ORIENTED_EDGE('',*,*,#3342,.T.);
#3381=ORIENTED_EDGE('',*,*,#2222,.T.);
#3382=ORIENTED_EDGE('',*,*,#3339,.F.);
#3383=EDGE_LOOP('',(#3379,#3380,#3381,#3382));
#3384=FACE_OUTER_BOUND('',#3383,.F.);
#3385=ADVANCED_FACE('',(#3384),#3378,.F.);
#3386=CARTESIAN_POINT('',(1.5E0,-4.4E1,4.E1));
#3387=DIRECTION('',(1.E0,0.E0,0.E0));
#3388=DIRECTION('',(0.E0,1.E0,0.E0));
#3389=AXIS2_PLACEMENT_3D('',#3386,#3387,#3388);
#3390=CYLINDRICAL_SURFACE('',#3389,1.5E0);
#3392=ORIENTED_EDGE('',*,*,#3391,.F.);
#3394=ORIENTED_EDGE('',*,*,#3393,.T.);
#3395=ORIENTED_EDGE('',*,*,#2226,.T.);
#3397=ORIENTED_EDGE('',*,*,#3396,.F.);
#3398=EDGE_LOOP('',(#3392,#3394,#3395,#3397));
#3399=FACE_OUTER_BOUND('',#3398,.F.);
#3400=ADVANCED_FACE('',(#3399),#3390,.F.);
#3401=CARTESIAN_POINT('',(7.5E-1,-4.4E1,4.E1));
#3402=DIRECTION('',(1.E0,0.E0,0.E0));
#3403=DIRECTION('',(0.E0,0.E0,-1.E0));
#3404=AXIS2_PLACEMENT_3D('',#3401,#3402,#3403);
#3405=CONICAL_SURFACE('',#3404,2.25E0,4.5E1);
#3406=ORIENTED_EDGE('',*,*,#1897,.F.);
#3408=ORIENTED_EDGE('',*,*,#3407,.T.);
#3409=ORIENTED_EDGE('',*,*,#3391,.T.);
#3411=ORIENTED_EDGE('',*,*,#3410,.F.);
#3412=EDGE_LOOP('',(#3406,#3408,#3409,#3411));
#3413=FACE_OUTER_BOUND('',#3412,.F.);
#3414=ADVANCED_FACE('',(#3413),#3405,.F.);
#3415=CARTESIAN_POINT('',(7.5E-1,-4.4E1,4.E1));
#3416=DIRECTION('',(1.E0,0.E0,0.E0));
#3417=DIRECTION('',(0.E0,0.E0,-1.E0));
#3418=AXIS2_PLACEMENT_3D('',#3415,#3416,#3417);
#3419=CONICAL_SURFACE('',#3418,2.25E0,4.5E1);
#3420=ORIENTED_EDGE('',*,*,#1895,.F.);
#3421=ORIENTED_EDGE('',*,*,#3410,.T.);
#3423=ORIENTED_EDGE('',*,*,#3422,.T.);
#3424=ORIENTED_EDGE('',*,*,#3407,.F.);
#3425=EDGE_LOOP('',(#3420,#3421,#3423,#3424));
#3426=FACE_OUTER_BOUND('',#3425,.F.);
#3427=ADVANCED_FACE('',(#3426),#3419,.F.);
#3428=CARTESIAN_POINT('',(1.5E0,-4.4E1,4.E1));
#3429=DIRECTION('',(1.E0,0.E0,0.E0));
#3430=DIRECTION('',(0.E0,1.E0,0.E0));
#3431=AXIS2_PLACEMENT_3D('',#3428,#3429,#3430);
#3432=CYLINDRICAL_SURFACE('',#3431,1.5E0);
#3433=ORIENTED_EDGE('',*,*,#3422,.F.);
#3434=ORIENTED_EDGE('',*,*,#3396,.T.);
#3435=ORIENTED_EDGE('',*,*,#2228,.T.);
#3436=ORIENTED_EDGE('',*,*,#3393,.F.);
#3437=EDGE_LOOP('',(#3433,#3434,#3435,#3436));
#3438=FACE_OUTER_BOUND('',#3437,.F.);
#3439=ADVANCED_FACE('',(#3438),#3432,.F.);
#3440=CARTESIAN_POINT('',(1.5E0,4.4E1,4.E1));
#3441=DIRECTION('',(1.E0,0.E0,0.E0));
#3442=DIRECTION('',(0.E0,1.E0,0.E0));
#3443=AXIS2_PLACEMENT_3D('',#3440,#3441,#3442);
#3444=CYLINDRICAL_SURFACE('',#3443,1.5E0);
#3446=ORIENTED_EDGE('',*,*,#3445,.T.);
#3448=ORIENTED_EDGE('',*,*,#3447,.T.);
#3449=ORIENTED_EDGE('',*,*,#2232,.T.);
#3451=ORIENTED_EDGE('',*,*,#3450,.F.);
#3452=EDGE_LOOP('',(#3446,#3448,#3449,#3451));
#3453=FACE_OUTER_BOUND('',#3452,.F.);
#3454=ADVANCED_FACE('',(#3453),#3444,.F.);
#3455=CARTESIAN_POINT('',(7.499999995607E-1,4.4E1,4.E1));
#3456=DIRECTION('',(1.E0,0.E0,0.E0));
#3457=DIRECTION('',(0.E0,0.E0,-1.E0));
#3458=AXIS2_PLACEMENT_3D('',#3455,#3456,#3457);
#3459=CONICAL_SURFACE('',#3458,2.249999999561E0,4.5E1);
#3460=ORIENTED_EDGE('',*,*,#1871,.T.);
#3462=ORIENTED_EDGE('',*,*,#3461,.T.);
#3463=ORIENTED_EDGE('',*,*,#3445,.F.);
#3465=ORIENTED_EDGE('',*,*,#3464,.F.);
#3466=EDGE_LOOP('',(#3460,#3462,#3463,#3465));
#3467=FACE_OUTER_BOUND('',#3466,.F.);
#3468=ADVANCED_FACE('',(#3467),#3459,.F.);
#3469=CARTESIAN_POINT('',(7.499999995607E-1,4.4E1,4.E1));
#3470=DIRECTION('',(1.E0,0.E0,0.E0));
#3471=DIRECTION('',(0.E0,0.E0,-1.E0));
#3472=AXIS2_PLACEMENT_3D('',#3469,#3470,#3471);
#3473=CONICAL_SURFACE('',#3472,2.249999999561E0,4.5E1);
#3474=ORIENTED_EDGE('',*,*,#1873,.T.);
#3475=ORIENTED_EDGE('',*,*,#3464,.T.);
#3477=ORIENTED_EDGE('',*,*,#3476,.F.);
#3478=ORIENTED_EDGE('',*,*,#3461,.F.);
#3479=EDGE_LOOP('',(#3474,#3475,#3477,#3478));
#3480=FACE_OUTER_BOUND('',#3479,.F.);
#3481=ADVANCED_FACE('',(#3480),#3473,.F.);
#3482=CARTESIAN_POINT('',(1.5E0,4.4E1,4.E1));
#3483=DIRECTION('',(1.E0,0.E0,0.E0));
#3484=DIRECTION('',(0.E0,1.E0,0.E0));
#3485=AXIS2_PLACEMENT_3D('',#3482,#3483,#3484);
#3486=CYLINDRICAL_SURFACE('',#3485,1.5E0);
#3487=ORIENTED_EDGE('',*,*,#3476,.T.);
#3488=ORIENTED_EDGE('',*,*,#3450,.T.);
#3489=ORIENTED_EDGE('',*,*,#2234,.T.);
#3490=ORIENTED_EDGE('',*,*,#3447,.F.);
#3491=EDGE_LOOP('',(#3487,#3488,#3489,#3490));
#3492=FACE_OUTER_BOUND('',#3491,.F.);
#3493=ADVANCED_FACE('',(#3492),#3486,.F.);
#3494=CARTESIAN_POINT('',(1.5E0,4.4E1,-4.E1));
#3495=DIRECTION('',(1.E0,0.E0,0.E0));
#3496=DIRECTION('',(0.E0,1.E0,0.E0));
#3497=AXIS2_PLACEMENT_3D('',#3494,#3495,#3496);
#3498=CYLINDRICAL_SURFACE('',#3497,1.5E0);
#3500=ORIENTED_EDGE('',*,*,#3499,.F.);
#3502=ORIENTED_EDGE('',*,*,#3501,.T.);
#3503=ORIENTED_EDGE('',*,*,#2238,.T.);
#3505=ORIENTED_EDGE('',*,*,#3504,.F.);
#3506=EDGE_LOOP('',(#3500,#3502,#3503,#3505));
#3507=FACE_OUTER_BOUND('',#3506,.F.);
#3508=ADVANCED_FACE('',(#3507),#3498,.F.);
#3509=CARTESIAN_POINT('',(7.5E-1,4.4E1,-4.E1));
#3510=DIRECTION('',(1.E0,0.E0,0.E0));
#3511=DIRECTION('',(0.E0,0.E0,-1.E0));
#3512=AXIS2_PLACEMENT_3D('',#3509,#3510,#3511);
#3513=CONICAL_SURFACE('',#3512,2.25E0,4.5E1);
#3514=ORIENTED_EDGE('',*,*,#1921,.F.);
#3516=ORIENTED_EDGE('',*,*,#3515,.T.);
#3517=ORIENTED_EDGE('',*,*,#3499,.T.);
#3519=ORIENTED_EDGE('',*,*,#3518,.F.);
#3520=EDGE_LOOP('',(#3514,#3516,#3517,#3519));
#3521=FACE_OUTER_BOUND('',#3520,.F.);
#3522=ADVANCED_FACE('',(#3521),#3513,.F.);
#3523=CARTESIAN_POINT('',(7.5E-1,4.4E1,-4.E1));
#3524=DIRECTION('',(1.E0,0.E0,0.E0));
#3525=DIRECTION('',(0.E0,0.E0,-1.E0));
#3526=AXIS2_PLACEMENT_3D('',#3523,#3524,#3525);
#3527=CONICAL_SURFACE('',#3526,2.25E0,4.5E1);
#3528=ORIENTED_EDGE('',*,*,#1919,.F.);
#3529=ORIENTED_EDGE('',*,*,#3518,.T.);
#3531=ORIENTED_EDGE('',*,*,#3530,.T.);
#3532=ORIENTED_EDGE('',*,*,#3515,.F.);
#3533=EDGE_LOOP('',(#3528,#3529,#3531,#3532));
#3534=FACE_OUTER_BOUND('',#3533,.F.);
#3535=ADVANCED_FACE('',(#3534),#3527,.F.);
#3536=CARTESIAN_POINT('',(1.5E0,4.4E1,-4.E1));
#3537=DIRECTION('',(1.E0,0.E0,0.E0));
#3538=DIRECTION('',(0.E0,1.E0,0.E0));
#3539=AXIS2_PLACEMENT_3D('',#3536,#3537,#3538);
#3540=CYLINDRICAL_SURFACE('',#3539,1.5E0);
#3541=ORIENTED_EDGE('',*,*,#3530,.F.);
#3542=ORIENTED_EDGE('',*,*,#3504,.T.);
#3543=ORIENTED_EDGE('',*,*,#2240,.T.);
#3544=ORIENTED_EDGE('',*,*,#3501,.F.);
#3545=EDGE_LOOP('',(#3541,#3542,#3543,#3544));
#3546=FACE_OUTER_BOUND('',#3545,.F.);
#3547=ADVANCED_FACE('',(#3546),#3540,.F.);
#3548=CARTESIAN_POINT('',(1.5E0,-4.4E1,-4.E1));
#3549=DIRECTION('',(1.E0,0.E0,0.E0));
#3550=DIRECTION('',(0.E0,1.E0,0.E0));
#3551=AXIS2_PLACEMENT_3D('',#3548,#3549,#3550);
#3552=CYLINDRICAL_SURFACE('',#3551,1.5E0);
#3554=ORIENTED_EDGE('',*,*,#3553,.F.);
#3556=ORIENTED_EDGE('',*,*,#3555,.T.);
#3557=ORIENTED_EDGE('',*,*,#2244,.T.);
#3559=ORIENTED_EDGE('',*,*,#3558,.F.);
#3560=EDGE_LOOP('',(#3554,#3556,#3557,#3559));
#3561=FACE_OUTER_BOUND('',#3560,.F.);
#3562=ADVANCED_FACE('',(#3561),#3552,.F.);
#3563=CARTESIAN_POINT('',(7.5E-1,-4.4E1,-4.E1));
#3564=DIRECTION('',(1.E0,0.E0,0.E0));
#3565=DIRECTION('',(0.E0,0.E0,-1.E0));
#3566=AXIS2_PLACEMENT_3D('',#3563,#3564,#3565);
#3567=CONICAL_SURFACE('',#3566,2.25E0,4.5E1);
#3568=ORIENTED_EDGE('',*,*,#1855,.F.);
#3570=ORIENTED_EDGE('',*,*,#3569,.T.);
#3571=ORIENTED_EDGE('',*,*,#3553,.T.);
#3573=ORIENTED_EDGE('',*,*,#3572,.F.);
#3574=EDGE_LOOP('',(#3568,#3570,#3571,#3573));
#3575=FACE_OUTER_BOUND('',#3574,.F.);
#3576=ADVANCED_FACE('',(#3575),#3567,.F.);
#3577=CARTESIAN_POINT('',(7.5E-1,-4.4E1,-4.E1));
#3578=DIRECTION('',(1.E0,0.E0,0.E0));
#3579=DIRECTION('',(0.E0,0.E0,-1.E0));
#3580=AXIS2_PLACEMENT_3D('',#3577,#3578,#3579);
#3581=CONICAL_SURFACE('',#3580,2.25E0,4.5E1);
#3582=ORIENTED_EDGE('',*,*,#1853,.F.);
#3583=ORIENTED_EDGE('',*,*,#3572,.T.);
#3585=ORIENTED_EDGE('',*,*,#3584,.T.);
#3586=ORIENTED_EDGE('',*,*,#3569,.F.);
#3587=EDGE_LOOP('',(#3582,#3583,#3585,#3586));
#3588=FACE_OUTER_BOUND('',#3587,.F.);
#3589=ADVANCED_FACE('',(#3588),#3581,.F.);
#3590=CARTESIAN_POINT('',(1.5E0,-4.4E1,-4.E1));
#3591=DIRECTION('',(1.E0,0.E0,0.E0));
#3592=DIRECTION('',(0.E0,1.E0,0.E0));
#3593=AXIS2_PLACEMENT_3D('',#3590,#3591,#3592);
#3594=CYLINDRICAL_SURFACE('',#3593,1.5E0);
#3595=ORIENTED_EDGE('',*,*,#3584,.F.);
#3596=ORIENTED_EDGE('',*,*,#3558,.T.);
#3597=ORIENTED_EDGE('',*,*,#2246,.T.);
#3598=ORIENTED_EDGE('',*,*,#3555,.F.);
#3599=EDGE_LOOP('',(#3595,#3596,#3597,#3598));
#3600=FACE_OUTER_BOUND('',#3599,.F.);
#3601=ADVANCED_FACE('',(#3600),#3594,.F.);
#3602=CARTESIAN_POINT('',(1.5E0,0.E0,-4.E1));
#3603=DIRECTION('',(1.E0,0.E0,0.E0));
#3604=DIRECTION('',(0.E0,1.E0,0.E0));
#3605=AXIS2_PLACEMENT_3D('',#3602,#3603,#3604);
#3606=CYLINDRICAL_SURFACE('',#3605,1.5E0);
#3608=ORIENTED_EDGE('',*,*,#3607,.F.);
#3610=ORIENTED_EDGE('',*,*,#3609,.T.);
#3611=ORIENTED_EDGE('',*,*,#2250,.T.);
#3613=ORIENTED_EDGE('',*,*,#3612,.F.);
#3614=EDGE_LOOP('',(#3608,#3610,#3611,#3613));
#3615=FACE_OUTER_BOUND('',#3614,.F.);
#3616=ADVANCED_FACE('',(#3615),#3606,.F.);
#3617=CARTESIAN_POINT('',(7.5E-1,0.E0,-4.E1));
#3618=DIRECTION('',(1.E0,0.E0,0.E0));
#3619=DIRECTION('',(0.E0,0.E0,-1.E0));
#3620=AXIS2_PLACEMENT_3D('',#3617,#3618,#3619);
#3621=CONICAL_SURFACE('',#3620,2.25E0,4.5E1);
#3622=ORIENTED_EDGE('',*,*,#1903,.F.);
#3624=ORIENTED_EDGE('',*,*,#3623,.T.);
#3625=ORIENTED_EDGE('',*,*,#3607,.T.);
#3627=ORIENTED_EDGE('',*,*,#3626,.F.);
#3628=EDGE_LOOP('',(#3622,#3624,#3625,#3627));
#3629=FACE_OUTER_BOUND('',#3628,.F.);
#3630=ADVANCED_FACE('',(#3629),#3621,.F.);
#3631=CARTESIAN_POINT('',(7.5E-1,0.E0,-4.E1));
#3632=DIRECTION('',(1.E0,0.E0,0.E0));
#3633=DIRECTION('',(0.E0,0.E0,-1.E0));
#3634=AXIS2_PLACEMENT_3D('',#3631,#3632,#3633);
#3635=CONICAL_SURFACE('',#3634,2.25E0,4.5E1);
#3636=ORIENTED_EDGE('',*,*,#1901,.F.);
#3637=ORIENTED_EDGE('',*,*,#3626,.T.);
#3639=ORIENTED_EDGE('',*,*,#3638,.T.);
#3640=ORIENTED_EDGE('',*,*,#3623,.F.);
#3641=EDGE_LOOP('',(#3636,#3637,#3639,#3640));
#3642=FACE_OUTER_BOUND('',#3641,.F.);
#3643=ADVANCED_FACE('',(#3642),#3635,.F.);
#3644=CARTESIAN_POINT('',(1.5E0,0.E0,-4.E1));
#3645=DIRECTION('',(1.E0,0.E0,0.E0));
#3646=DIRECTION('',(0.E0,1.E0,0.E0));
#3647=AXIS2_PLACEMENT_3D('',#3644,#3645,#3646);
#3648=CYLINDRICAL_SURFACE('',#3647,1.5E0);
#3649=ORIENTED_EDGE('',*,*,#3638,.F.);
#3650=ORIENTED_EDGE('',*,*,#3612,.T.);
#3651=ORIENTED_EDGE('',*,*,#2252,.T.);
#3652=ORIENTED_EDGE('',*,*,#3609,.F.);
#3653=EDGE_LOOP('',(#3649,#3650,#3651,#3652));
#3654=FACE_OUTER_BOUND('',#3653,.F.);
#3655=ADVANCED_FACE('',(#3654),#3648,.F.);
#3656=CARTESIAN_POINT('',(1.5E0,0.E0,4.E1));
#3657=DIRECTION('',(1.E0,0.E0,0.E0));
#3658=DIRECTION('',(0.E0,1.E0,0.E0));
#3659=AXIS2_PLACEMENT_3D('',#3656,#3657,#3658);
#3660=CYLINDRICAL_SURFACE('',#3659,1.5E0);
#3662=ORIENTED_EDGE('',*,*,#3661,.F.);
#3664=ORIENTED_EDGE('',*,*,#3663,.T.);
#3665=ORIENTED_EDGE('',*,*,#2256,.T.);
#3667=ORIENTED_EDGE('',*,*,#3666,.F.);
#3668=EDGE_LOOP('',(#3662,#3664,#3665,#3667));
#3669=FACE_OUTER_BOUND('',#3668,.F.);
#3670=ADVANCED_FACE('',(#3669),#3660,.F.);
#3671=CARTESIAN_POINT('',(7.5E-1,0.E0,4.E1));
#3672=DIRECTION('',(1.E0,0.E0,0.E0));
#3673=DIRECTION('',(0.E0,0.E0,-1.E0));
#3674=AXIS2_PLACEMENT_3D('',#3671,#3672,#3673);
#3675=CONICAL_SURFACE('',#3674,2.25E0,4.5E1);
#3676=ORIENTED_EDGE('',*,*,#1831,.F.);
#3678=ORIENTED_EDGE('',*,*,#3677,.T.);
#3679=ORIENTED_EDGE('',*,*,#3661,.T.);
#3681=ORIENTED_EDGE('',*,*,#3680,.F.);
#3682=EDGE_LOOP('',(#3676,#3678,#3679,#3681));
#3683=FACE_OUTER_BOUND('',#3682,.F.);
#3684=ADVANCED_FACE('',(#3683),#3675,.F.);
#3685=CARTESIAN_POINT('',(7.5E-1,0.E0,4.E1));
#3686=DIRECTION('',(1.E0,0.E0,0.E0));
#3687=DIRECTION('',(0.E0,0.E0,-1.E0));
#3688=AXIS2_PLACEMENT_3D('',#3685,#3686,#3687);
#3689=CONICAL_SURFACE('',#3688,2.25E0,4.5E1);
#3690=ORIENTED_EDGE('',*,*,#1829,.F.);
#3691=ORIENTED_EDGE('',*,*,#3680,.T.);
#3693=ORIENTED_EDGE('',*,*,#3692,.T.);
#3694=ORIENTED_EDGE('',*,*,#3677,.F.);
#3695=EDGE_LOOP('',(#3690,#3691,#3693,#3694));
#3696=FACE_OUTER_BOUND('',#3695,.F.);
#3697=ADVANCED_FACE('',(#3696),#3689,.F.);
#3698=CARTESIAN_POINT('',(1.5E0,0.E0,4.E1));
#3699=DIRECTION('',(1.E0,0.E0,0.E0));
#3700=DIRECTION('',(0.E0,1.E0,0.E0));
#3701=AXIS2_PLACEMENT_3D('',#3698,#3699,#3700);
#3702=CYLINDRICAL_SURFACE('',#3701,1.5E0);
#3703=ORIENTED_EDGE('',*,*,#3692,.F.);
#3704=ORIENTED_EDGE('',*,*,#3666,.T.);
#3705=ORIENTED_EDGE('',*,*,#2258,.T.);
#3706=ORIENTED_EDGE('',*,*,#3663,.F.);
#3707=EDGE_LOOP('',(#3703,#3704,#3705,#3706));
#3708=FACE_OUTER_BOUND('',#3707,.F.);
#3709=ADVANCED_FACE('',(#3708),#3702,.F.);
#3710=CARTESIAN_POINT('',(1.5E0,0.E0,-2.1E1));
#3711=DIRECTION('',(1.E0,0.E0,0.E0));
#3712=DIRECTION('',(0.E0,1.E0,0.E0));
#3713=AXIS2_PLACEMENT_3D('',#3710,#3711,#3712);
#3714=CYLINDRICAL_SURFACE('',#3713,5.5E0);
#3715=ORIENTED_EDGE('',*,*,#2262,.T.);
#3717=ORIENTED_EDGE('',*,*,#3716,.F.);
#3718=ORIENTED_EDGE('',*,*,#1960,.F.);
#3720=ORIENTED_EDGE('',*,*,#3719,.T.);
#3721=EDGE_LOOP('',(#3715,#3717,#3718,#3720));
#3722=FACE_OUTER_BOUND('',#3721,.F.);
#3723=ADVANCED_FACE('',(#3722),#3714,.F.);
#3724=CARTESIAN_POINT('',(1.5E0,0.E0,-2.1E1));
#3725=DIRECTION('',(1.E0,0.E0,0.E0));
#3726=DIRECTION('',(0.E0,1.E0,0.E0));
#3727=AXIS2_PLACEMENT_3D('',#3724,#3725,#3726);
#3728=CYLINDRICAL_SURFACE('',#3727,5.5E0);
#3729=ORIENTED_EDGE('',*,*,#2264,.T.);
#3730=ORIENTED_EDGE('',*,*,#3719,.F.);
#3731=ORIENTED_EDGE('',*,*,#1962,.F.);
#3732=ORIENTED_EDGE('',*,*,#3716,.T.);
#3733=EDGE_LOOP('',(#3729,#3730,#3731,#3732));
#3734=FACE_OUTER_BOUND('',#3733,.F.);
#3735=ADVANCED_FACE('',(#3734),#3728,.F.);
#3739=DIMENSIONAL_EXPONENTS(0.E0,0.E0,0.E0,0.E0,0.E0,0.E0,0.E0);
#3741=PLANE_ANGLE_MEASURE_WITH_UNIT(PLANE_ANGLE_MEASURE(1.745329251994E-2),
#3740);
#3742=(CONVERSION_BASED_UNIT('DEGREE',#3741)NAMED_UNIT(*)PLANE_ANGLE_UNIT());
#3744=UNCERTAINTY_MEASURE_WITH_UNIT(LENGTH_MEASURE(2.459576388259E-2),#3738,
'closure',
'Maximum model space distance between geometric entities at asserted connectivities');
#3745=(GEOMETRIC_REPRESENTATION_CONTEXT(3)GLOBAL_UNCERTAINTY_ASSIGNED_CONTEXT((
#3744))GLOBAL_UNIT_ASSIGNED_CONTEXT((#3738,#3742,#3743))REPRESENTATION_CONTEXT(
'ID1','3'));
#3747=APPLICATION_CONTEXT(
'CONFIGURATION CONTROLLED 3D DESIGNS OF MECHANICAL PARTS AND ASSEMBLIES');
#3748=APPLICATION_PROTOCOL_DEFINITION('international standard',
'config_control_design',1994,#3747);
#3749=DESIGN_CONTEXT('',#3747,'design');
#3750=MECHANICAL_CONTEXT('',#3747,'mechanical');
#3751=PRODUCT('LIANJIEBAN-1','LIANJIEBAN-1','NOT SPECIFIED',(#3750));
#3752=PRODUCT_DEFINITION_FORMATION_WITH_SPECIFIED_SOURCE('4','LAST_VERSION',
#3751,.MADE.);
#3756=PRODUCT_CATEGORY('part','');
#3757=PRODUCT_RELATED_PRODUCT_CATEGORY('detail','',(#3751));
#3758=PRODUCT_CATEGORY_RELATIONSHIP('','',#3756,#3757);
#3759=SECURITY_CLASSIFICATION_LEVEL('unclassified');
#3760=SECURITY_CLASSIFICATION('','',#3759);
#3761=CC_DESIGN_SECURITY_CLASSIFICATION(#3760,(#3752));
#3762=APPROVAL_STATUS('approved');
#3763=APPROVAL(#3762,'');
#3764=CC_DESIGN_APPROVAL(#3763,(#3760,#3752,#3753));
#3765=CALENDAR_DATE(124,11,4);
#3766=COORDINATED_UNIVERSAL_TIME_OFFSET(8,0,.AHEAD.);
#3767=LOCAL_TIME(9,0,5.9E1,#3766);
#3768=DATE_AND_TIME(#3765,#3767);
#3769=APPROVAL_DATE_TIME(#3768,#3763);
#3770=DATE_TIME_ROLE('creation_date');
#3771=CC_DESIGN_DATE_AND_TIME_ASSIGNMENT(#3768,#3770,(#3753));
#3772=DATE_TIME_ROLE('classification_date');
#3773=CC_DESIGN_DATE_AND_TIME_ASSIGNMENT(#3768,#3772,(#3760));
#3774=PERSON('UNSPECIFIED','UNSPECIFIED',$,$,$,$);
#3775=ORGANIZATION('UNSPECIFIED','UNSPECIFIED','UNSPECIFIED');
#3776=PERSON_AND_ORGANIZATION(#3774,#3775);
#3777=APPROVAL_ROLE('approver');
#3778=APPROVAL_PERSON_ORGANIZATION(#3776,#3763,#3777);
#3779=PERSON_AND_ORGANIZATION_ROLE('creator');
#3780=CC_DESIGN_PERSON_AND_ORGANIZATION_ASSIGNMENT(#3776,#3779,(#3752,#3753));
#3781=PERSON_AND_ORGANIZATION_ROLE('design_supplier');
#3782=CC_DESIGN_PERSON_AND_ORGANIZATION_ASSIGNMENT(#3776,#3781,(#3752));
#3783=PERSON_AND_ORGANIZATION_ROLE('classification_officer');
#3784=CC_DESIGN_PERSON_AND_ORGANIZATION_ASSIGNMENT(#3776,#3783,(#3760));
#3785=PERSON_AND_ORGANIZATION_ROLE('design_owner');
#3786=CC_DESIGN_PERSON_AND_ORGANIZATION_ASSIGNMENT(#3776,#3785,(#3751));
#14=CIRCLE('',#13,3.3E1);
#23=CIRCLE('',#22,3.3E1);
#32=CIRCLE('',#31,3.3E1);
#41=CIRCLE('',#40,3.3E1);
#46=CIRCLE('',#45,3.E0);
#51=CIRCLE('',#50,3.E0);
#56=CIRCLE('',#55,3.E0);
#61=CIRCLE('',#60,3.E0);
#66=CIRCLE('',#65,3.E0);
#71=CIRCLE('',#70,3.E0);
#76=CIRCLE('',#75,3.E0);
#81=CIRCLE('',#80,3.E0);
#86=CIRCLE('',#85,3.E0);
#91=CIRCLE('',#90,3.E0);
#96=CIRCLE('',#95,3.E0);
#101=CIRCLE('',#100,3.E0);
#106=CIRCLE('',#105,3.E0);
#111=CIRCLE('',#110,3.E0);
#116=CIRCLE('',#115,3.E0);
#121=CIRCLE('',#120,3.E0);
#126=CIRCLE('',#125,3.E0);
#131=CIRCLE('',#130,3.E0);
#136=CIRCLE('',#135,3.E0);
#141=CIRCLE('',#140,3.E0);
#146=CIRCLE('',#145,3.E0);
#151=CIRCLE('',#150,3.E0);
#156=CIRCLE('',#155,3.E0);
#161=CIRCLE('',#160,3.E0);
#166=CIRCLE('',#165,3.E0);
#171=CIRCLE('',#170,3.E0);
#176=CIRCLE('',#175,3.E0);
#181=CIRCLE('',#180,3.E0);
#186=CIRCLE('',#185,1.9E1);
#191=CIRCLE('',#190,1.9E1);
#196=CIRCLE('',#195,1.9E1);
#201=CIRCLE('',#200,1.9E1);
#206=CIRCLE('',#205,3.E0);
#211=CIRCLE('',#210,3.E0);
#216=CIRCLE('',#215,3.E0);
#221=CIRCLE('',#220,3.E0);
#226=CIRCLE('',#225,3.E0);
#231=CIRCLE('',#230,3.E0);
#236=CIRCLE('',#235,3.E0);
#241=CIRCLE('',#240,3.E0);
#246=CIRCLE('',#245,3.E0);
#251=CIRCLE('',#250,3.E0);
#256=CIRCLE('',#255,3.E0);
#261=CIRCLE('',#260,3.E0);
#266=CIRCLE('',#265,3.E0);
#271=CIRCLE('',#270,3.E0);
#276=CIRCLE('',#275,3.E0);
#281=CIRCLE('',#280,3.E0);
#286=CIRCLE('',#285,3.E0);
#291=CIRCLE('',#290,3.E0);
#296=CIRCLE('',#295,3.E0);
#301=CIRCLE('',#300,3.E0);
#306=CIRCLE('',#305,3.E0);
#311=CIRCLE('',#310,3.E0);
#316=CIRCLE('',#315,3.E0);
#321=CIRCLE('',#320,3.E0);
#326=CIRCLE('',#325,5.5E0);
#331=CIRCLE('',#330,5.5E0);
#372=CIRCLE('',#371,3.3E1);
#381=CIRCLE('',#380,3.3E1);
#390=CIRCLE('',#389,3.3E1);
#399=CIRCLE('',#398,3.3E1);
#404=CIRCLE('',#403,1.5E0);
#409=CIRCLE('',#408,1.5E0);
#414=CIRCLE('',#413,1.5E0);
#419=CIRCLE('',#418,1.5E0);
#424=CIRCLE('',#423,1.5E0);
#429=CIRCLE('',#428,1.5E0);
#434=CIRCLE('',#433,1.5E0);
#439=CIRCLE('',#438,1.5E0);
#444=CIRCLE('',#443,1.5E0);
#449=CIRCLE('',#448,1.5E0);
#454=CIRCLE('',#453,1.5E0);
#459=CIRCLE('',#458,1.5E0);
#464=CIRCLE('',#463,1.5E0);
#469=CIRCLE('',#468,1.5E0);
#474=CIRCLE('',#473,1.5E0);
#479=CIRCLE('',#478,1.5E0);
#484=CIRCLE('',#483,1.9E1);
#489=CIRCLE('',#488,1.9E1);
#494=CIRCLE('',#493,1.5E0);
#499=CIRCLE('',#498,1.5E0);
#504=CIRCLE('',#503,1.5E0);
#509=CIRCLE('',#508,1.5E0);
#514=CIRCLE('',#513,1.5E0);
#519=CIRCLE('',#518,1.5E0);
#524=CIRCLE('',#523,1.5E0);
#529=CIRCLE('',#528,1.5E0);
#534=CIRCLE('',#533,1.5E0);
#539=CIRCLE('',#538,1.5E0);
#544=CIRCLE('',#543,1.5E0);
#549=CIRCLE('',#548,1.5E0);
#554=CIRCLE('',#553,1.9E1);
#559=CIRCLE('',#558,1.9E1);
#564=CIRCLE('',#563,1.5E0);
#569=CIRCLE('',#568,1.5E0);
#574=CIRCLE('',#573,1.5E0);
#579=CIRCLE('',#578,1.5E0);
#584=CIRCLE('',#583,1.5E0);
#589=CIRCLE('',#588,1.5E0);
#594=CIRCLE('',#593,1.5E0);
#599=CIRCLE('',#598,1.5E0);
#604=CIRCLE('',#603,1.5E0);
#609=CIRCLE('',#608,1.5E0);
#614=CIRCLE('',#613,1.5E0);
#619=CIRCLE('',#618,1.5E0);
#624=CIRCLE('',#623,1.5E0);
#629=CIRCLE('',#628,1.5E0);
#634=CIRCLE('',#633,1.5E0);
#639=CIRCLE('',#638,1.5E0);
#644=CIRCLE('',#643,1.5E0);
#649=CIRCLE('',#648,1.5E0);
#654=CIRCLE('',#653,1.5E0);
#659=CIRCLE('',#658,1.5E0);
#664=CIRCLE('',#663,1.5E0);
#669=CIRCLE('',#668,1.5E0);
#674=CIRCLE('',#673,1.5E0);
#679=CIRCLE('',#678,1.5E0);
#684=CIRCLE('',#683,5.5E0);
#689=CIRCLE('',#688,5.5E0);
#694=CIRCLE('',#693,1.5E0);
#711=CIRCLE('',#710,1.5E0);
#720=CIRCLE('',#719,1.5E0);
#737=CIRCLE('',#736,1.5E0);
#746=CIRCLE('',#745,1.5E0);
#763=CIRCLE('',#762,1.5E0);
#772=CIRCLE('',#771,1.5E0);
#789=CIRCLE('',#788,1.5E0);
#798=CIRCLE('',#797,1.5E0);
#815=CIRCLE('',#814,1.5E0);
#824=CIRCLE('',#823,1.5E0);
#841=CIRCLE('',#840,1.5E0);
#850=CIRCLE('',#849,1.5E0);
#867=CIRCLE('',#866,1.5E0);
#876=CIRCLE('',#875,1.5E0);
#893=CIRCLE('',#892,1.5E0);
#910=CIRCLE('',#909,1.5E0);
#927=CIRCLE('',#926,1.5E0);
#936=CIRCLE('',#935,1.5E0);
#953=CIRCLE('',#952,1.5E0);
#962=CIRCLE('',#961,1.5E0);
#979=CIRCLE('',#978,1.5E0);
#988=CIRCLE('',#987,1.5E0);
#1005=CIRCLE('',#1004,1.5E0);
#1014=CIRCLE('',#1013,1.5E0);
#1031=CIRCLE('',#1030,1.5E0);
#1040=CIRCLE('',#1039,1.5E0);
#1057=CIRCLE('',#1056,1.5E0);
#1074=CIRCLE('',#1073,1.5E0);
#1091=CIRCLE('',#1090,1.5E0);
#1100=CIRCLE('',#1099,1.5E0);
#1117=CIRCLE('',#1116,1.5E0);
#1126=CIRCLE('',#1125,1.5E0);
#1143=CIRCLE('',#1142,1.5E0);
#1152=CIRCLE('',#1151,1.5E0);
#1165=CIRCLE('',#1164,1.5E0);
#1174=CIRCLE('',#1173,1.5E0);
#1191=CIRCLE('',#1190,1.5E0);
#1200=CIRCLE('',#1199,1.5E0);
#1217=CIRCLE('',#1216,1.5E0);
#1226=CIRCLE('',#1225,1.5E0);
#1243=CIRCLE('',#1242,1.5E0);
#1252=CIRCLE('',#1251,1.5E0);
#1269=CIRCLE('',#1268,1.5E0);
#1278=CIRCLE('',#1277,1.5E0);
#1295=CIRCLE('',#1294,1.5E0);
#1304=CIRCLE('',#1303,1.5E0);
#1321=CIRCLE('',#1320,1.5E0);
#1330=CIRCLE('',#1329,1.5E0);
#1347=CIRCLE('',#1346,1.5E0);
#1356=CIRCLE('',#1355,1.5E0);
#1373=CIRCLE('',#1372,1.5E0);
#1759=EDGE_CURVE('',#1744,#1740,#316,.T.);
#1761=EDGE_CURVE('',#1744,#1745,#1160,.T.);
#1763=EDGE_CURVE('',#1745,#1741,#1165,.T.);
#1765=EDGE_CURVE('',#1740,#1741,#5,.T.);
#1775=EDGE_CURVE('',#1588,#1589,#9,.T.);
#1777=EDGE_CURVE('',#1601,#1588,#14,.T.);
#1779=EDGE_CURVE('',#1599,#1601,#18,.T.);
#1781=EDGE_CURVE('',#1597,#1599,#23,.T.);
#1783=EDGE_CURVE('',#1595,#1597,#27,.T.);
#1785=EDGE_CURVE('',#1593,#1595,#32,.T.);
#1787=EDGE_CURVE('',#1591,#1593,#36,.T.);
#1789=EDGE_CURVE('',#1589,#1591,#41,.T.);
#1793=EDGE_CURVE('',#1752,#1748,#46,.T.);
#1795=EDGE_CURVE('',#1748,#1752,#51,.T.);
#1799=EDGE_CURVE('',#1736,#1732,#56,.T.);
#1801=EDGE_CURVE('',#1732,#1736,#61,.T.);
#1805=EDGE_CURVE('',#1712,#1708,#66,.T.);
#1807=EDGE_CURVE('',#1708,#1712,#71,.T.);
#1811=EDGE_CURVE('',#1696,#1692,#76,.T.);
#1813=EDGE_CURVE('',#1692,#1696,#81,.T.);
#1817=EDGE_CURVE('',#1680,#1676,#86,.T.);
#1819=EDGE_CURVE('',#1676,#1680,#91,.T.);
#1823=EDGE_CURVE('',#1664,#1660,#96,.T.);
#1825=EDGE_CURVE('',#1660,#1664,#101,.T.);
#1829=EDGE_CURVE('',#1584,#1580,#106,.T.);
#1831=EDGE_CURVE('',#1580,#1584,#111,.T.);
#1835=EDGE_CURVE('',#1560,#1556,#116,.T.);
#1837=EDGE_CURVE('',#1556,#1560,#121,.T.);
#1841=EDGE_CURVE('',#1544,#1540,#126,.T.);
#1843=EDGE_CURVE('',#1540,#1544,#131,.T.);
#1847=EDGE_CURVE('',#1528,#1524,#136,.T.);
#1849=EDGE_CURVE('',#1524,#1528,#141,.T.);
#1853=EDGE_CURVE('',#1512,#1508,#146,.T.);
#1855=EDGE_CURVE('',#1508,#1512,#151,.T.);
#1859=EDGE_CURVE('',#1496,#1492,#156,.T.);
#1861=EDGE_CURVE('',#1492,#1496,#161,.T.);
#1865=EDGE_CURVE('',#1480,#1476,#166,.T.);
#1867=EDGE_CURVE('',#1476,#1480,#171,.T.);
#1871=EDGE_CURVE('',#1468,#1469,#176,.T.);
#1873=EDGE_CURVE('',#1469,#1468,#181,.T.);
#1877=EDGE_CURVE('',#1416,#1417,#186,.T.);
#1879=EDGE_CURVE('',#1417,#1416,#191,.T.);
#1883=EDGE_CURVE('',#1448,#1449,#196,.T.);
#1885=EDGE_CURVE('',#1449,#1448,#201,.T.);
#1889=EDGE_CURVE('',#1488,#1484,#206,.T.);
#1891=EDGE_CURVE('',#1484,#1488,#211,.T.);
#1895=EDGE_CURVE('',#1504,#1500,#216,.T.);
#1897=EDGE_CURVE('',#1500,#1504,#221,.T.);
#1901=EDGE_CURVE('',#1520,#1516,#226,.T.);
#1903=EDGE_CURVE('',#1516,#1520,#231,.T.);
#1907=EDGE_CURVE('',#1536,#1532,#236,.T.);
#1909=EDGE_CURVE('',#1532,#1536,#241,.T.);
#1913=EDGE_CURVE('',#1552,#1548,#246,.T.);
#1915=EDGE_CURVE('',#1548,#1552,#251,.T.);
#1919=EDGE_CURVE('',#1568,#1564,#256,.T.);
#1921=EDGE_CURVE('',#1564,#1568,#261,.T.);
#1925=EDGE_CURVE('',#1656,#1652,#266,.T.);
#1927=EDGE_CURVE('',#1652,#1656,#271,.T.);
#1931=EDGE_CURVE('',#1672,#1668,#276,.T.);
#1933=EDGE_CURVE('',#1668,#1672,#281,.T.);
#1937=EDGE_CURVE('',#1688,#1684,#286,.T.);
#1939=EDGE_CURVE('',#1684,#1688,#291,.T.);
#1943=EDGE_CURVE('',#1704,#1700,#296,.T.);
#1945=EDGE_CURVE('',#1700,#1704,#301,.T.);
#1949=EDGE_CURVE('',#1728,#1724,#306,.T.);
#1951=EDGE_CURVE('',#1724,#1728,#311,.T.);
#1956=EDGE_CURVE('',#1740,#1744,#321,.T.);
#1960=EDGE_CURVE('',#1720,#1721,#326,.T.);
#1962=EDGE_CURVE('',#1721,#1720,#331,.T.);
#1973=EDGE_CURVE('',#1589,#1605,#339,.T.);
#1975=EDGE_CURVE('',#1604,#1605,#367,.T.);
#1977=EDGE_CURVE('',#1588,#1604,#335,.T.);
#1988=EDGE_CURVE('',#1591,#1607,#343,.T.);
#1990=EDGE_CURVE('',#1605,#1607,#372,.T.);
#2002=EDGE_CURVE('',#1593,#1609,#347,.T.);
#2004=EDGE_CURVE('',#1607,#1609,#376,.T.);
#2016=EDGE_CURVE('',#1595,#1611,#351,.T.);
#2018=EDGE_CURVE('',#1609,#1611,#381,.T.);
#2030=EDGE_CURVE('',#1597,#1613,#355,.T.);
#2032=EDGE_CURVE('',#1611,#1613,#385,.T.);
#2044=EDGE_CURVE('',#1599,#1615,#359,.T.);
#2046=EDGE_CURVE('',#1613,#1615,#390,.T.);
#2058=EDGE_CURVE('',#1601,#1617,#363,.T.);
#2060=EDGE_CURVE('',#1615,#1617,#394,.T.);
#2073=EDGE_CURVE('',#1617,#1604,#399,.T.);
#2094=EDGE_CURVE('',#1648,#1649,#404,.T.);
#2096=EDGE_CURVE('',#1649,#1648,#409,.T.);
#2100=EDGE_CURVE('',#1644,#1645,#414,.T.);
#2102=EDGE_CURVE('',#1645,#1644,#419,.T.);
#2106=EDGE_CURVE('',#1640,#1641,#424,.T.);
#2108=EDGE_CURVE('',#1641,#1640,#429,.T.);
#2112=EDGE_CURVE('',#1636,#1637,#434,.T.);
#2114=EDGE_CURVE('',#1637,#1636,#439,.T.);
#2118=EDGE_CURVE('',#1632,#1633,#444,.T.);
#2120=EDGE_CURVE('',#1633,#1632,#449,.T.);
#2124=EDGE_CURVE('',#1628,#1629,#454,.T.);
#2126=EDGE_CURVE('',#1629,#1628,#459,.T.);
#2130=EDGE_CURVE('',#1624,#1625,#464,.T.);
#2132=EDGE_CURVE('',#1625,#1624,#469,.T.);
#2136=EDGE_CURVE('',#1620,#1621,#474,.T.);
#2138=EDGE_CURVE('',#1621,#1620,#479,.T.);
#2142=EDGE_CURVE('',#1388,#1389,#484,.T.);
#2144=EDGE_CURVE('',#1389,#1388,#489,.T.);
#2148=EDGE_CURVE('',#1392,#1393,#494,.T.);
#2150=EDGE_CURVE('',#1393,#1392,#499,.T.);
#2154=EDGE_CURVE('',#1396,#1397,#504,.T.);
#2156=EDGE_CURVE('',#1397,#1396,#509,.T.);
#2160=EDGE_CURVE('',#1400,#1401,#514,.T.);
#2162=EDGE_CURVE('',#1401,#1400,#519,.T.);
#2166=EDGE_CURVE('',#1404,#1405,#524,.T.);
#2168=EDGE_CURVE('',#1405,#1404,#529,.T.);
#2172=EDGE_CURVE('',#1408,#1409,#534,.T.);
#2174=EDGE_CURVE('',#1409,#1408,#539,.T.);
#2178=EDGE_CURVE('',#1412,#1413,#544,.T.);
#2180=EDGE_CURVE('',#1413,#1412,#549,.T.);
#2184=EDGE_CURVE('',#1420,#1421,#554,.T.);
#2186=EDGE_CURVE('',#1421,#1420,#559,.T.);
#2190=EDGE_CURVE('',#1424,#1425,#564,.T.);
#2192=EDGE_CURVE('',#1425,#1424,#569,.T.);
#2196=EDGE_CURVE('',#1428,#1429,#574,.T.);
#2198=EDGE_CURVE('',#1429,#1428,#579,.T.);
#2202=EDGE_CURVE('',#1432,#1433,#584,.T.);
#2204=EDGE_CURVE('',#1433,#1432,#589,.T.);
#2208=EDGE_CURVE('',#1436,#1437,#594,.T.);
#2210=EDGE_CURVE('',#1437,#1436,#599,.T.);
#2214=EDGE_CURVE('',#1440,#1441,#604,.T.);
#2216=EDGE_CURVE('',#1441,#1440,#609,.T.);
#2220=EDGE_CURVE('',#1444,#1445,#614,.T.);
#2222=EDGE_CURVE('',#1445,#1444,#619,.T.);
#2226=EDGE_CURVE('',#1452,#1453,#624,.T.);
#2228=EDGE_CURVE('',#1453,#1452,#629,.T.);
#2232=EDGE_CURVE('',#1456,#1457,#634,.T.);
#2234=EDGE_CURVE('',#1457,#1456,#639,.T.);
#2238=EDGE_CURVE('',#1460,#1461,#644,.T.);
#2240=EDGE_CURVE('',#1461,#1460,#649,.T.);
#2244=EDGE_CURVE('',#1464,#1465,#654,.T.);
#2246=EDGE_CURVE('',#1465,#1464,#659,.T.);
#2250=EDGE_CURVE('',#1572,#1573,#664,.T.);
#2252=EDGE_CURVE('',#1573,#1572,#669,.T.);
#2256=EDGE_CURVE('',#1576,#1577,#674,.T.);
#2258=EDGE_CURVE('',#1577,#1576,#679,.T.);
#2262=EDGE_CURVE('',#1716,#1717,#684,.T.);
#2264=EDGE_CURVE('',#1717,#1716,#689,.T.);
#2274=EDGE_CURVE('',#1701,#1705,#694,.T.);
#2276=EDGE_CURVE('',#1701,#1648,#698,.T.);
#2279=EDGE_CURVE('',#1705,#1649,#715,.T.);
#2290=EDGE_CURVE('',#1700,#1701,#706,.T.);
#2293=EDGE_CURVE('',#1704,#1705,#702,.T.);
#2305=EDGE_CURVE('',#1705,#1701,#711,.T.);
#2328=EDGE_CURVE('',#1709,#1713,#720,.T.);
#2330=EDGE_CURVE('',#1709,#1644,#724,.T.);
#2333=EDGE_CURVE('',#1713,#1645,#741,.T.);
#2344=EDGE_CURVE('',#1708,#1709,#732,.T.);
#2347=EDGE_CURVE('',#1712,#1713,#728,.T.);
#2359=EDGE_CURVE('',#1713,#1709,#737,.T.);
#2382=EDGE_CURVE('',#1693,#1697,#746,.T.);
#2384=EDGE_CURVE('',#1693,#1640,#750,.T.);
#2387=EDGE_CURVE('',#1697,#1641,#767,.T.);
#2398=EDGE_CURVE('',#1692,#1693,#758,.T.);
#2401=EDGE_CURVE('',#1696,#1697,#754,.T.);
#2413=EDGE_CURVE('',#1697,#1693,#763,.T.);
#2436=EDGE_CURVE('',#1685,#1689,#772,.T.);
#2438=EDGE_CURVE('',#1685,#1636,#776,.T.);
#2441=EDGE_CURVE('',#1689,#1637,#793,.T.);
#2452=EDGE_CURVE('',#1684,#1685,#784,.T.);
#2455=EDGE_CURVE('',#1688,#1689,#780,.T.);
#2467=EDGE_CURVE('',#1689,#1685,#789,.T.);
#2490=EDGE_CURVE('',#1669,#1673,#798,.T.);
#2492=EDGE_CURVE('',#1669,#1632,#802,.T.);
#2495=EDGE_CURVE('',#1673,#1633,#819,.T.);
#2506=EDGE_CURVE('',#1668,#1669,#810,.T.);
#2509=EDGE_CURVE('',#1672,#1673,#806,.T.);
#2521=EDGE_CURVE('',#1673,#1669,#815,.T.);
#2544=EDGE_CURVE('',#1677,#1681,#824,.T.);
#2546=EDGE_CURVE('',#1677,#1628,#828,.T.);
#2549=EDGE_CURVE('',#1681,#1629,#845,.T.);
#2560=EDGE_CURVE('',#1676,#1677,#836,.T.);
#2563=EDGE_CURVE('',#1680,#1681,#832,.T.);
#2575=EDGE_CURVE('',#1681,#1677,#841,.T.);
#2598=EDGE_CURVE('',#1661,#1665,#850,.T.);
#2600=EDGE_CURVE('',#1661,#1624,#854,.T.);
#2603=EDGE_CURVE('',#1665,#1625,#871,.T.);
#2614=EDGE_CURVE('',#1660,#1661,#862,.T.);
#2617=EDGE_CURVE('',#1664,#1665,#858,.T.);
#2629=EDGE_CURVE('',#1665,#1661,#867,.T.);
#2652=EDGE_CURVE('',#1653,#1657,#876,.T.);
#2654=EDGE_CURVE('',#1653,#1620,#880,.T.);
#2657=EDGE_CURVE('',#1657,#1621,#897,.T.);
#2668=EDGE_CURVE('',#1652,#1653,#888,.T.);
#2671=EDGE_CURVE('',#1656,#1657,#884,.T.);
#2683=EDGE_CURVE('',#1657,#1653,#893,.T.);
#2707=EDGE_CURVE('',#1417,#1389,#905,.T.);
#2710=EDGE_CURVE('',#1416,#1388,#901,.T.);
#2732=EDGE_CURVE('',#1733,#1737,#910,.T.);
#2734=EDGE_CURVE('',#1733,#1392,#914,.T.);
#2737=EDGE_CURVE('',#1737,#1393,#931,.T.);
#2748=EDGE_CURVE('',#1732,#1733,#922,.T.);
#2751=EDGE_CURVE('',#1736,#1737,#918,.T.);
#2763=EDGE_CURVE('',#1737,#1733,#927,.T.);
#2786=EDGE_CURVE('',#1549,#1553,#936,.T.);
#2788=EDGE_CURVE('',#1549,#1396,#940,.T.);
#2791=EDGE_CURVE('',#1553,#1397,#957,.T.);
#2802=EDGE_CURVE('',#1548,#1549,#948,.T.);
#2805=EDGE_CURVE('',#1552,#1553,#944,.T.);
#2817=EDGE_CURVE('',#1553,#1549,#953,.T.);
#2840=EDGE_CURVE('',#1557,#1561,#962,.T.);
#2842=EDGE_CURVE('',#1557,#1400,#966,.T.);
#2845=EDGE_CURVE('',#1561,#1401,#983,.T.);
#2856=EDGE_CURVE('',#1556,#1557,#974,.T.);
#2859=EDGE_CURVE('',#1560,#1561,#970,.T.);
#2871=EDGE_CURVE('',#1561,#1557,#979,.T.);
#2894=EDGE_CURVE('',#1541,#1545,#988,.T.);
#2896=EDGE_CURVE('',#1541,#1404,#992,.T.);
#2899=EDGE_CURVE('',#1545,#1405,#1009,.T.);
#2910=EDGE_CURVE('',#1540,#1541,#1000,.T.);
#2913=EDGE_CURVE('',#1544,#1545,#996,.T.);
#2925=EDGE_CURVE('',#1545,#1541,#1005,.T.);
#2948=EDGE_CURVE('',#1525,#1529,#1014,.T.);
#2950=EDGE_CURVE('',#1525,#1408,#1018,.T.);
#2953=EDGE_CURVE('',#1529,#1409,#1035,.T.);
#2964=EDGE_CURVE('',#1524,#1525,#1026,.T.);
#2967=EDGE_CURVE('',#1528,#1529,#1022,.T.);
#2979=EDGE_CURVE('',#1529,#1525,#1031,.T.);
#3002=EDGE_CURVE('',#1533,#1537,#1040,.T.);
#3004=EDGE_CURVE('',#1533,#1412,#1044,.T.);
#3007=EDGE_CURVE('',#1537,#1413,#1061,.T.);
#3018=EDGE_CURVE('',#1532,#1533,#1052,.T.);
#3021=EDGE_CURVE('',#1536,#1537,#1048,.T.);
#3033=EDGE_CURVE('',#1537,#1533,#1057,.T.);
#3057=EDGE_CURVE('',#1449,#1421,#1069,.T.);
#3060=EDGE_CURVE('',#1448,#1420,#1065,.T.);
#3082=EDGE_CURVE('',#1725,#1729,#1074,.T.);
#3084=EDGE_CURVE('',#1725,#1424,#1078,.T.);
#3087=EDGE_CURVE('',#1729,#1425,#1095,.T.);
#3098=EDGE_CURVE('',#1724,#1725,#1086,.T.);
#3101=EDGE_CURVE('',#1728,#1729,#1082,.T.);
#3113=EDGE_CURVE('',#1729,#1725,#1091,.T.);
#3136=EDGE_CURVE('',#1477,#1481,#1100,.T.);
#3138=EDGE_CURVE('',#1477,#1428,#1104,.T.);
#3141=EDGE_CURVE('',#1481,#1429,#1121,.T.);
#3152=EDGE_CURVE('',#1476,#1477,#1112,.T.);
#3155=EDGE_CURVE('',#1480,#1481,#1108,.T.);
#3167=EDGE_CURVE('',#1481,#1477,#1117,.T.);
#3190=EDGE_CURVE('',#1485,#1489,#1126,.T.);
#3192=EDGE_CURVE('',#1485,#1432,#1130,.T.);
#3195=EDGE_CURVE('',#1489,#1433,#1147,.T.);
#3206=EDGE_CURVE('',#1484,#1485,#1138,.T.);
#3209=EDGE_CURVE('',#1488,#1489,#1134,.T.);
#3221=EDGE_CURVE('',#1489,#1485,#1143,.T.);
#3244=EDGE_CURVE('',#1741,#1745,#1152,.T.);
#3246=EDGE_CURVE('',#1741,#1436,#1156,.T.);
#3249=EDGE_CURVE('',#1745,#1437,#1169,.T.);
#3283=EDGE_CURVE('',#1749,#1753,#1174,.T.);
#3285=EDGE_CURVE('',#1749,#1440,#1178,.T.);
#3288=EDGE_CURVE('',#1753,#1441,#1195,.T.);
#3299=EDGE_CURVE('',#1748,#1749,#1186,.T.);
#3302=EDGE_CURVE('',#1752,#1753,#1182,.T.);
#3314=EDGE_CURVE('',#1753,#1749,#1191,.T.);
#3337=EDGE_CURVE('',#1493,#1497,#1200,.T.);
#3339=EDGE_CURVE('',#1493,#1444,#1204,.T.);
#3342=EDGE_CURVE('',#1497,#1445,#1221,.T.);
#3353=EDGE_CURVE('',#1492,#1493,#1212,.T.);
#3356=EDGE_CURVE('',#1496,#1497,#1208,.T.);
#3368=EDGE_CURVE('',#1497,#1493,#1217,.T.);
#3391=EDGE_CURVE('',#1501,#1505,#1226,.T.);
#3393=EDGE_CURVE('',#1501,#1452,#1230,.T.);
#3396=EDGE_CURVE('',#1505,#1453,#1247,.T.);
#3407=EDGE_CURVE('',#1500,#1501,#1238,.T.);
#3410=EDGE_CURVE('',#1504,#1505,#1234,.T.);
#3422=EDGE_CURVE('',#1505,#1501,#1243,.T.);
#3445=EDGE_CURVE('',#1472,#1473,#1252,.T.);
#3447=EDGE_CURVE('',#1473,#1456,#1256,.T.);
#3450=EDGE_CURVE('',#1472,#1457,#1273,.T.);
#3461=EDGE_CURVE('',#1469,#1473,#1264,.T.);
#3464=EDGE_CURVE('',#1468,#1472,#1260,.T.);
#3476=EDGE_CURVE('',#1473,#1472,#1269,.T.);
#3499=EDGE_CURVE('',#1565,#1569,#1278,.T.);
#3501=EDGE_CURVE('',#1565,#1460,#1282,.T.);
#3504=EDGE_CURVE('',#1569,#1461,#1299,.T.);
#3515=EDGE_CURVE('',#1564,#1565,#1290,.T.);
#3518=EDGE_CURVE('',#1568,#1569,#1286,.T.);
#3530=EDGE_CURVE('',#1569,#1565,#1295,.T.);
#3553=EDGE_CURVE('',#1509,#1513,#1304,.T.);
#3555=EDGE_CURVE('',#1509,#1464,#1308,.T.);
#3558=EDGE_CURVE('',#1513,#1465,#1325,.T.);
#3569=EDGE_CURVE('',#1508,#1509,#1316,.T.);
#3572=EDGE_CURVE('',#1512,#1513,#1312,.T.);
#3584=EDGE_CURVE('',#1513,#1509,#1321,.T.);
#3607=EDGE_CURVE('',#1517,#1521,#1330,.T.);
#3609=EDGE_CURVE('',#1517,#1572,#1334,.T.);
#3612=EDGE_CURVE('',#1521,#1573,#1351,.T.);
#3623=EDGE_CURVE('',#1516,#1517,#1342,.T.);
#3626=EDGE_CURVE('',#1520,#1521,#1338,.T.);
#3638=EDGE_CURVE('',#1521,#1517,#1347,.T.);
#3661=EDGE_CURVE('',#1581,#1585,#1356,.T.);
#3663=EDGE_CURVE('',#1581,#1576,#1360,.T.);
#3666=EDGE_CURVE('',#1585,#1577,#1377,.T.);
#3677=EDGE_CURVE('',#1580,#1581,#1368,.T.);
#3680=EDGE_CURVE('',#1584,#1585,#1364,.T.);
#3692=EDGE_CURVE('',#1585,#1581,#1373,.T.);
#3716=EDGE_CURVE('',#1721,#1717,#1385,.T.);
#3719=EDGE_CURVE('',#1720,#1716,#1381,.T.);
#3736=CLOSED_SHELL('',(#1769,#1966,#1981,#1995,#2009,#2023,#2037,#2051,#2065,
#2078,#2268,#2283,#2297,#2310,#2322,#2337,#2351,#2364,#2376,#2391,#2405,#2418,
#2430,#2445,#2459,#2472,#2484,#2499,#2513,#2526,#2538,#2553,#2567,#2580,#2592,
#2607,#2621,#2634,#2646,#2661,#2675,#2688,#2700,#2714,#2726,#2741,#2755,#2768,
#2780,#2795,#2809,#2822,#2834,#2849,#2863,#2876,#2888,#2903,#2917,#2930,#2942,
#2957,#2971,#2984,#2996,#3011,#3025,#3038,#3050,#3064,#3076,#3091,#3105,#3118,
#3130,#3145,#3159,#3172,#3184,#3199,#3213,#3226,#3238,#3253,#3265,#3277,#3292,
#3306,#3319,#3331,#3346,#3360,#3373,#3385,#3400,#3414,#3427,#3439,#3454,#3468,
#3481,#3493,#3508,#3522,#3535,#3547,#3562,#3576,#3589,#3601,#3616,#3630,#3643,
#3655,#3670,#3684,#3697,#3709,#3723,#3735));
#3737=MANIFOLD_SOLID_BREP('',#3736);
#3738=(LENGTH_UNIT()NAMED_UNIT(*)SI_UNIT(.MILLI.,.METRE.));
#3740=(NAMED_UNIT(*)PLANE_ANGLE_UNIT()SI_UNIT($,.RADIAN.));
#3743=(NAMED_UNIT(*)SI_UNIT($,.STERADIAN.)SOLID_ANGLE_UNIT());
#3746=ADVANCED_BREP_SHAPE_REPRESENTATION('',(#3737),#3745);
#3753=PRODUCT_DEFINITION('design','',#3752,#3749);
#3754=PRODUCT_DEFINITION_SHAPE('','SHAPE FOR LIANJIEBAN-1.',#3753);
#3755=SHAPE_DEFINITION_REPRESENTATION(#3754,#3746);
ENDSEC;
END-ISO-10303-21;
